14297  3  0  0
   0    61.011615753173828  8.7782001495361328  30.384895324707031
   1    60.632869720458984  8.7894124984741211  29.218620300292969
   2    59.467666625976562  8.6245326995849609  30.207963943481445
   3    35.947589874267578  7.8978819847106934  31.771341323852539
   4    33.470203399658203  7.9894742965698242  30.283790588378906
   5    29.248311996459961  7.8749575614929199  31.235189437866211
   6    25.348793029785156  8.0095891952514648  30.161518096923828
   7    52.21917724609375  8.2659778594970703  30.468595504760742
   8    49.674331665039062  8.2249011993408203  29.633012771606445
   9    50.104057312011719  8.2624902725219727  30.76951789855957
  10    47.521236419677734  8.1494350433349609  30.188722610473633
  11    46.239444732666016  8.109929084777832  31.342082977294922
  12    44.471485137939453  8.0618314743041992  30.447908401489258
  13    48.288822174072266  8.2248411178588867  31.227634429931641
  14    42.44976806640625  7.9838714599609375  31.901620864868164
  15    39.768409729003906  8.0307178497314453  30.292825698852539
  16    9.7585420608520508  8.3997154235839844  31.223899841308594
  17    12.066295623779297  8.2561321258544922  29.831174850463867
  18    9.6214885711669922  8.4652423858642578  29.838300704956055
  19    17.510604858398438  7.9367384910583496  31.556888580322266
  20    17.203264236450195  8.1148586273193359  29.900791168212891
  21    71.402732849121094  7.8954854011535645  37.006687164306641
  22    71.36083984375  9.6575727462768555  32.437225341796875
  23    71.421760559082031  13.555134773254395  37.291316986083984
  24    12.591248512268066  8.1022319793701172  31.451435089111328
  25    8.4949836730957031  8.8501796722412109  30.716363906860352
  26    22.790975570678711  7.8575906753540039  31.6875
  27    8.5401630401611328  8.9196014404296875  33.268833160400391
  28    1.6295551061630249  9.9564714431762695  29.419906616210938
  29    0.71487128734588623  10.293245315551758  30.026084899902344
  30    1.3205804824829102  10.767136573791504  30.206110000610352
  31    64.954544067382812  18.197626113891602  30.26637077331543
  32    63.833755493164062  18.824201583862305  30.714914321899414
  33    64.30841064453125  19.024621963500977  29.880954742431641
  34    70.708045959472656  10.627477645874023  30.509950637817383
  35    71.176506042480469  10.74343204498291  31.403549194335938
  36    70.779563903808594  9.5494832992553711  29.567291259765625
  37    70.296379089355469  10.104020118713379  29.854497909545898
  38    70.09814453125  9.6208124160766602  29.276798248291016
  39    69.301506042480469  10.175230026245117  29.645837783813477
  40    6.8011531829833984  10.063770294189453  30.080965042114258
  41    7.70355224609375  9.4305171966552734  29.948505401611328
  42    6.7936773300170898  9.6880865097045898  29.531826019287109
  43    68.013534545898438  10.734115600585938  29.999874114990234
  44    67.639183044433594  9.9302177429199219  29.200592041015625
  45    2.9290010929107666  10.563296318054199  29.842247009277344
  46    63.516460418701172  9.57598876953125  29.750522613525391
  47    62.962112426757812  9.6423749923706055  30.647977828979492
  48    63.668437957763672  10.265520095825195  30.523193359375
  49    64.119766235351562  9.9444065093994141  29.83013916015625
  50    64.277946472167969  10.366497993469238  30.160163879394531
  51    7.2025036811828613  10.474380493164062  31.225883483886719
  52    7.8180646896362305  9.6457843780517578  32.189163208007812
  53    6.4459362030029297  10.699920654296875  30.444385528564453
  54    66.247024536132812  10.561084747314453  29.886276245117188
  55    64.921928405761719  10.131187438964844  29.718000411987305
  56    64.893341064453125  10.795077323913574  30.287857055664062
  57    0.49985429644584656  10.87022876739502  30.564910888671875
  58    0.13869279623031616  10.273456573486328  30.434438705444336
  59    5.9253520965576172  10.209430694580078  29.777606964111328
  60    5.6258134841918945  10.912807464599609  30.279211044311523
  61    4.5786762237548828  10.774642944335938  30.039314270019531
  62    4.8602757453918457  9.9775047302246094  29.295394897460938
  63    58.351581573486328  8.6253032684326172  29.176652908325195
  64    58.132400512695312  8.5413007736206055  30.360031127929688
  65    56.983341217041016  8.4805145263671875  30.125913619995117
  66    56.150150299072266  8.5098085403442383  29.012796401977539
  67    55.790210723876953  8.3690700531005859  29.933090209960938
  68    55.057163238525391  8.3782682418823242  29.257101058959961
  69    62.138328552246094  9.0947132110595703  30.881669998168945
  70    62.337642669677734  9.1026191711425781  29.71607780456543
  71    65.866706848144531  9.7417812347412109  29.073539733886719
  72    54.637119293212891  8.279388427734375  29.784601211547852
  73    55.159046173095703  8.298954963684082  30.450788497924805
  74    54.027339935302734  8.263458251953125  30.421182632446289
  75    52.702194213867188  8.2543277740478516  29.636390686035156
  76    0.63985687494277954  9.7999439239501953  29.573768615722656
  77    0.29058480262756348  9.3622980117797852  29.315673828125
  78    64.149063110351562  10.855453491210938  30.644147872924805
  79    3.5059337615966797  9.6919984817504883  28.873311996459961
  80    -0.20902787148952484  9.7779531478881836  31.029497146606445
  81    71.201194763183594  8.7922611236572266  29.380598068237305
  82    70.016685485839844  0.91433548927307129  36.439643859863281
  83    69.636062622070312  1.0028754472732544  47.286964416503906
  84    67.480865478515625  0.33377924561500549  35.504993438720703
  85    70.895240783691406  2.1398968696594238  39.123943328857422
  86    69.197128295898438  10.902786254882812  30.223928451538086
  87    27.255533218383789  27.235544204711914  31.466512680053711
  88    29.410600662231445  27.360462188720703  30.04283332824707
  89    27.29693603515625  27.287620544433594  29.489841461181641
  90    25.388082504272461  27.082258224487305  31.104829788208008
  91    25.698160171508789  27.203742980957031  29.240694046020508
  92    24.361263275146484  27.024326324462891  30.063865661621094
  93    23.451147079467773  26.920318603515625  29.596157073974609
  94    23.064315795898438  26.977842330932617  28.696554183959961
  95    22.345048904418945  26.568689346313477  29.760311126708984
  96    55.068164825439453  25.536369323730469  30.087652206420898
  97    54.545879364013672  26.176698684692383  29.963901519775391
  98    54.808120727539062  26.333805084228516  30.684953689575195
  99    54.548774719238281  25.765850067138672  29.431594848632812
 100    22.258943557739258  26.875593185424805  28.528505325317383
 101    21.419057846069336  26.518840789794922  28.910255432128906
 102    21.58824348449707  26.206348419189453  29.700916290283203
 103    21.044065475463867  25.722856521606445  29.470733642578125
 104    20.596868515014648  26.185188293457031  28.651786804199219
 105    34.923877716064453  27.404716491699219  31.168575286865234
 106    37.400058746337891  27.381032943725586  30.04902458190918
 107    34.270664215087891  27.409269332885742  29.600980758666992
 108    32.927280426025391  27.404535293579102  31.097002029418945
 109    31.85169792175293  27.409582138061523  29.707101821899414
 110    63.184207916259766  23.03923225402832  29.555002212524414
 111    63.152904510498047  25.47315788269043  29.557476043701172
 112    63.291328430175781  23.57499885559082  26.323404312133789
 113    55.039257049560547  24.551910400390625  29.646093368530273
 114    54.696556091308594  25.118488311767578  29.269290924072266
 115    20.368825912475586  24.762393951416016  28.967052459716797
 116    21.51519775390625  24.654840469360352  30.349714279174805
 117    21.837226867675781  25.762060165405273  30.4188232421875
 118    20.453451156616211  25.657018661499023  28.924720764160156
 119    71.401947021484375  21.442226409912109  30.445592880249023
 120    71.337532043457031  21.505062103271484  27.744052886962891
 121    71.420883178710938  23.275087356567383  27.316686630249023
 122    54.420890808105469  24.117815017700195  28.731876373291016
 123    55.129684448242188  23.34343147277832  29.841024398803711
 124    20.606069564819336  23.563772201538086  29.022470474243164
 125    21.335716247558594  23.623645782470703  29.835075378417969
 126    55.534580230712891  25.429082870483398  30.624517440795898
 127    55.407875061035156  25.948888778686523  30.918195724487305
 128    55.609729766845703  24.654745101928711  30.465824127197266
 129    54.043224334716797  26.250104904174805  29.431493759155273
 130    22.023838043212891  34.196090698242188  29.479793548583984
 131    21.428518295288086  34.332843780517578  29.091501235961914
 132    22.0120849609375  33.87506103515625  28.635490417480469
 133    28.502996444702148  33.427967071533203  31.689661026000977
 134    26.364456176757812  33.575351715087891  30.925750732421875
 135    28.535011291503906  33.340938568115234  29.644031524658203
 136    30.853069305419922  33.290622711181641  31.474863052368164
 137    30.214258193969727  33.289070129394531  30.198556900024414
 138    32.232749938964844  33.242813110351562  29.935018539428711
 139    26.44025993347168  33.401687622070312  28.866317749023438
 140    24.975662231445312  33.605709075927734  30.180852890014648
 141    23.076959609985352  33.897315979003906  29.725503921508789
 142    23.399215698242188  33.608051300048828  28.606426239013672
 143    24.397787094116211  33.556007385253906  29.211977005004883
 144    24.037788391113281  33.70208740234375  30.03924560546875
 145    22.355403900146484  34.389358520507812  29.99778938293457
 146    53.114326477050781  26.768848419189453  29.772768020629883
 147    54.036624908447266  26.678743362426758  30.443321228027344
 148    51.515708923339844  27.137346267700195  31.263442993164062
 149    52.184654235839844  26.971590042114258  29.457454681396484
 150    53.222805023193359  26.98228645324707  30.893484115600586
 151    51.185829162597656  27.100248336791992  29.44053840637207
 152    49.338062286376953  27.206436157226562  29.930959701538086
 153    63.149433135986328  29.700708389282227  33.705253601074219
 154    63.127296447753906  32.824310302734375  30.461713790893555
 155    63.209953308105469  28.607198715209961  26.626291275024414
 156    -0.47937285900115967  23.588903427124023  31.214082717895508
 157    -0.49242791533470154  26.612070083618164  41.060928344726562
 158    -0.48858693242073059  30.719640731811523  26.62464714050293
 159    70.5201416015625  19.129770278930664  29.717920303344727
 160    70.413864135742188  18.617376327514648  30.11677360534668
 161    69.825050354003906  18.790891647338867  29.630537033081055
 162    45.79583740234375  21.188859939575195  31.131492614746094
 163    42.854598999023438  21.403810501098633  29.97551155090332
 164    47.794960021972656  21.542884826660156  29.329219818115234
 165    49.245628356933594  21.147998809814453  30.953311920166016
 166    67.579498291015625  19.054233551025391  28.837804794311523
 167    66.557258605957031  18.350156784057617  29.727741241455078
 168    66.029266357421875  19.204267501831055  28.739234924316406
 169    65.09197998046875  18.932538986206055  29.449794769287109
 170    3.8519282341003418  19.053369522094727  28.835002899169922
 171    2.816655158996582  18.340255737304688  29.728158950805664
 172    2.2833189964294434  19.198089599609375  28.743793487548828
 173    70.942939758300781  18.991106033325195  30.388294219970703
 174    64.333892822265625  19.430112838745117  29.29725456237793
 175    63.413585662841797  20.000667572021484  30.644847869873047
 176    63.745162963867188  19.938440322875977  29.635293960571289
 177    7.1670141220092773  19.892416000366211  29.570207595825195
 178    7.4186587333679199  19.793649673461914  30.380247116088867
 179    7.2066984176635742  19.045190811157227  30.600269317626953
 180    6.7825965881347656  19.135623931884766  29.78364372253418
 181    0.57235199213027954  18.925458908081055  29.891794204711914
 182    0.13176150619983673  18.629692077636719  30.617029190063477
 183    0.025571998208761215  19.621147155761719  29.737106323242188
 184    0.59118759632110596  19.348739624023438  29.340692520141602
 185    6.0885286331176758  18.790563583374023  29.650531768798828
 186    4.8352060317993164  18.342218399047852  29.759258270263672
 187    5.3466119766235352  19.17213249206543  28.903238296508789
 188    68.572418212890625  18.343595504760742  29.753387451171875
 189    69.066940307617188  19.171741485595703  28.885704040527344
 190    37.506572723388672  21.346595764160156  31.015203475952148
 191    37.23333740234375  21.512907028198242  29.890192031860352
 192    39.30206298828125  21.402278900146484  30.127647399902344
 193    39.700428009033203  21.231801986694336  31.62330436706543
 194    -0.31813248991966248  19.938360214233398  30.336231231689453
 195    -0.2687545120716095  20.344169616699219  29.500415802001953
 196    -0.18762266635894775  19.379541397094727  30.474645614624023
 197    34.1534423828125  21.604751586914062  30.859575271606445
 198    34.048149108886719  21.700817108154297  30.047615051269531
 199    35.2620849609375  21.62109375  29.920812606811523
 200    35.496658325195312  21.451457977294922  31.317150115966797
 201    33.378242492675781  21.714466094970703  30.643449783325195
 202    7.4296131134033203  20.590114593505859  29.496967315673828
 203    7.5284395217895508  21.271181106567383  29.636528015136719
 204    7.5287990570068359  20.592119216918945  30.475715637207031
 205    70.900970458984375  19.854934692382812  29.367660522460938
 206    71.160476684570312  20.47254753112793  29.024412155151367
 207    71.281379699707031  20.448480606079102  29.724124908447266
 208    71.160285949707031  19.741382598876953  30.093097686767578
 209    63.304313659667969  21.179851531982422  30.041540145874023
 210    63.480110168457031  20.840770721435547  29.185651779174805
 211    1.2150589227676392  18.146862030029297  30.256799697875977
 212    6.8015828132629395  18.201467514038086  30.672891616821289
 213    6.6744790077209473  18.624031066894531  30.16834831237793
 214    6.1034722328186035  18.114103317260742  30.265758514404297
 215    1.3479225635528564  18.902853012084961  29.460638046264648
 216    70.046096801757812  10.733014106750488  30.273036956787109
 217    70.540618896484375  18.180244445800781  30.577278137207031
 218    69.843315124511719  18.111703872680664  30.239400863647461
 219    33.266166687011719  21.797853469848633  30.08929443359375
 220    32.852184295654297  21.78642463684082  30.669509887695312
 221    32.103527069091797  21.86041259765625  30.966779708862305
 222    32.990310668945312  21.907323837280273  29.533611297607422
 223    54.921825408935547  22.258451461791992  30.131628036499023
 224    54.463687896728516  22.409269332885742  29.49229621887207
 225    7.6458678245544434  22.543869018554688  31.515308380126953
 226    55.108463287353516  21.751266479492188  30.837202072143555
 227    55.504425048828125  22.570735931396484  30.548162460327148
 228    54.103534698486328  21.254970550537109  31.035995483398438
 229    54.039852142333984  21.693334579467773  30.13897705078125
 230    22.1351318359375  22.784633636474609  29.662248611450195
 231    22.541000366210938  22.484928131103516  28.88481330871582
 232    22.811695098876953  22.466159820556641  29.311981201171875
 233    23.116090774536133  22.480031967163086  29.708415985107422
 234    20.833847045898438  23.088691711425781  28.903764724731445
 235    21.195411682128906  23.102809906005859  29.286846160888672
 236    63.374595642089844  21.770051956176758  28.459108352661133
 237    54.505172729492188  23.079492568969727  29.033939361572266
 238    21.490385055541992  22.744775772094727  28.690639495849609
 239    30.933820724487305  21.9840087890625  30.639993667602539
 240    -0.38355797529220581  20.708120346069336  29.519079208374023
 241    -0.40972334146499634  21.732898712158203  28.523527145385742
 242    -0.24154828488826752  20.982671737670898  27.980068206787109
 243    71.24139404296875  20.872858047485352  28.511655807495117
 244    26.95384407043457  22.197931289672852  31.319229125976562
 245    25.442821502685547  22.321561813354492  30.557275772094727
 246    28.358072280883789  22.144916534423828  28.809791564941406
 247    29.131464004516602  22.083370208740234  30.606178283691406
 248    42.726051330566406  21.161996841430664  31.759866714477539
 249    51.163105010986328  21.526405334472656  29.598112106323242
 250    52.312587738037109  21.163829803466797  30.933805465698242
 251    -0.29767784476280212  20.688714981079102  28.968887329101562
 252    52.936920166015625  21.611328125  29.685440063476562
 253    4.7571487426757812  43.316707611083984  30.47674560546875
 254    3.2039735317230225  43.288604736328125  30.4296875
 255    3.9570753574371338  44.109523773193359  30.830610275268555
 256    65.635467529296875  43.205440521240234  30.502967834472656
 257    64.618690490722656  43.454254150390625  30.937847137451172
 258    65.914138793945312  44.081714630126953  30.903314590454102
 259    2.1720924377441406  44.092018127441406  30.887233734130859
 260    0.8758893609046936  43.499320983886719  30.871746063232422
 261    0.92410767078399658  44.536037445068359  31.265094757080078
 262    1.8921523094177246  43.217384338378906  30.490148544311523
 263    6.7032361030578613  43.130924224853516  30.746271133422852
 264    6.5151495933532715  43.861797332763672  31.060054779052734
 265    7.1482853889465332  43.491622924804688  31.295099258422852
 266    6.9037656784057617  44.453926086425781  31.509283065795898
 267    5.9731402397155762  43.277290344238281  30.608951568603516
 268    5.4701752662658691  44.033496856689453  30.901065826416016
 269    69.721351623535156  43.230514526367188  30.5892333984375
 270    70.465461730957031  42.98846435546875  30.690120697021484
 271    70.109107971191406  42.455776214599609  30.182119369506836
 272    67.932586669921875  42.429393768310547  29.840114593505859
 273    68.500434875488281  43.304470062255859  30.4715576171875
 274    69.219696044921875  42.679660797119141  30.150293350219727
 275    64.662765502929688  44.536079406738281  31.341575622558594
 276    6.1674337387084961  44.697078704833984  31.284051895141602
 277    4.8700876235961914  44.841098785400391  31.13383674621582
 278    0.032393880188465118  42.972763061523438  31.105926513671875
 279    0.19354785978794098  44.222621917724609  31.549150466918945
 280    70.908615112304688  43.287498474121094  31.288663864135742
 281    71.172340393066406  41.801364898681641  30.971359252929688
 282    70.80609130859375  41.997108459472656  30.238348007202148
 283    70.2637939453125  43.806747436523438  31.056230545043945
 284    69.21380615234375  44.020126342773438  30.899263381958008
 285    66.946296691894531  43.283416748046875  30.431652069091797
 286    67.699195861816406  44.105152130126953  30.831962585449219
 287    3.1261477470397949  44.996250152587891  31.134445190429688
 288    1.7170029878616333  44.917972564697266  31.202203750610352
 289    0.97852879762649536  45.214191436767578  31.432029724121094
 290    0.330841064453125  45.128391265869141  31.736110687255859
 291    71.188728332519531  40.271411895751953  29.316560745239258
 292    63.761001586914062  42.791492462158203  31.299785614013672
 293    63.911739349365234  44.2349853515625  31.848526000976562
 294    4.1900520324707031  42.439907073974609  29.846807479858398
 295    1.2003661394119263  42.652835845947266  30.235519409179688
 296    2.4276726245880127  42.535991668701172  29.971725463867188
 297    0.47432389855384827  42.637859344482422  30.480218887329102
 298    0.13893209397792816  41.827671051025391  30.051759719848633
 299    55.99200439453125  38.715145111083984  31.614974975585938
 300    55.570198059082031  38.220344543457031  30.927248001098633
 301    55.056159973144531  39.156894683837891  31.657283782958984
 302    53.986217498779297  39.120227813720703  30.768363952636719
 303    54.094074249267578  39.446067810058594  31.657365798950195
 304    -0.19412797689437866  40.539642333984375  29.252201080322266
 305    -0.22841200232505798  41.708534240722656  30.640722274780273
 306    -0.41048875451087952  40.292121887207031  30.643608093261719
 307    64.231292724609375  42.600688934326172  30.54151725769043
 308    64.947441101074219  42.643844604492188  30.257444381713867
 309    7.4377779960632324  42.084632873535156  31.079145431518555
 310    6.9921941757202148  42.434978485107422  30.482952117919922
 311    66.170402526855469  42.534309387207031  29.977827072143555
 312    63.936714172363281  41.873958587646484  30.21223258972168
 313    63.468051910400391  41.059329986572266  30.593976974487305
 314    6.3520793914794922  42.576610565185547  30.254066467285156
 315    5.4741568565368652  42.714633941650391  30.171745300292969
 316    65.458152770996094  44.9189453125  31.221858978271484
 317    64.717864990234375  45.245048522949219  31.476690292358398
 318    65.606727600097656  45.719596862792969  31.393199920654297
 319    5.4709720611572266  47.586269378662109  31.237560272216797
 320    6.3650398254394531  47.355461120605469  31.546045303344727
 321    5.7957124710083008  46.866386413574219  31.440725326538086
 322    6.6448092460632324  46.845600128173828  31.785049438476562
 323    4.3242893218994141  47.82037353515625  31.043933868408203
 324    4.2411375045776367  47.030021667480469  31.244714736938477
 325    3.0120513439178467  47.670658111572266  31.089189529418945
 326    2.5057811737060547  46.974876403808594  31.294761657714844
 327    1.8099470138549805  47.560031890869141  31.242183685302734
 328    6.9414105415344238  47.431995391845703  32.149181365966797
 329    1.253477931022644  47.057918548583984  31.529857635498047
 330    0.30795696377754211  47.139736175537109  32.244331359863281
 331    0.90890860557556152  47.852378845214844  31.46717643737793
 332    70.473548889160156  45.377571105957031  31.733112335205078
 333    69.910957336425781  44.691459655761719  31.28986930847168
 334    69.435958862304688  45.514118194580078  31.401479721069336
 335    68.612045288085938  44.840282440185547  31.135263442993164
 336    67.990257263183594  45.58648681640625  31.272310256958008
 337    66.867660522460938  44.996288299560547  31.138286590576172
 338    5.1567039489746094  48.507247924804688  30.925638198852539
 339    3.4997332096099854  48.469814300537109  30.806650161743164
 340    66.859657287597656  45.63677978515625  31.27592658996582
 341    1.8674634695053101  48.378791809082031  30.97747802734375
 342    64.659675598144531  47.978870391845703  31.395095825195312
 343    65.574073791503906  47.593151092529297  31.223665237426758
 344    64.997734069824219  47.142368316650391  31.485090255737305
 345    0.24574711918830872  48.188491821289062  31.920129776000977
 346    0.69803822040557861  48.736148834228516  31.243133544921875
 347    70.388435363769531  46.925731658935547  31.709955215454102
 348    70.110038757324219  47.408428192138672  31.475193023681641
 349    70.688232421875  47.606952667236328  31.876296997070312
 350    69.222885131835938  47.595760345458984  31.211767196655273
 351    69.539405822753906  46.889297485351562  31.422119140625
 352    68.097450256347656  47.810489654541016  31.040830612182617
 353    67.990943908691406  47.032970428466797  31.2413330078125
 354    2.4340152740478516  49.352840423583984  30.422929763793945
 355    66.788825988769531  47.673789978027344  31.085332870483398
 356    66.255386352539062  46.988746643066406  31.287923812866211
 357    64.022109985351562  47.569232940673828  31.999273300170898
 358    70.651351928710938  44.416828155517578  31.535764694213867
 359    64.057662963867188  45.269187927246094  31.898487091064453
 360    6.7291579246520996  45.349002838134766  31.730777740478516
 361    1.8657717704772949  45.695690155029297  31.387590408325195
 362    64.429214477539062  45.818016052246094  31.745481491088867
 363    5.6939144134521484  45.5037841796875  31.401483535766602
 364    4.2487545013427734  45.584175109863281  31.271665573120117
 365    3.118319034576416  45.633434295654297  31.274284362792969
 366    0.69213378429412842  45.691017150878906  31.717596054077148
 367    22.407236099243164  35.041736602783203  30.38505744934082
 368    23.316034317016602  35.330257415771484  31.299816131591797
 369    22.439929962158203  36.311725616455078  30.538713455200195
 370    62.958053588867188  34.034317016601562  31.305200576782227
 371    62.639259338378906  34.873832702636719  31.6422119140625
 372    62.995933532714844  35.458236694335938  30.249317169189453
 373    55.60272216796875  35.104450225830078  30.638099670410156
 374    55.768054962158203  36.117874145507812  30.578981399536133
 375    56.243797302246094  35.797195434570312  31.139560699462891
 376    56.312469482421875  36.909805297851562  31.14801025390625
 377    55.411521911621094  36.417896270751953  29.957189559936523
 378    55.285598754882812  35.398841857910156  29.915313720703125
 379    23.808904647827148  36.447647094726562  31.765644073486328
 380    23.344390869140625  37.69384765625  30.85066032409668
 381    23.184232711791992  38.056461334228516  30.065147399902344
 382    22.779939651489258  37.639453887939453  30.448175430297852
 383    22.380485534667969  37.779155731201172  29.929592132568359
 384    55.769207000732422  37.214519500732422  30.663309097290039
 385    56.227695465087891  37.954498291015625  31.315467834472656
 386    55.314056396484375  37.461223602294922  30.061649322509766
 387    23.024295806884766  37.158683776855469  30.93577766418457
 388    55.322689056396484  34.387783050537109  30.859821319580078
 389    56.012306213378906  34.818328857421875  31.313201904296875
 390    62.546455383300781  36.251888275146484  31.291900634765625
 391    62.933692932128906  37.425220489501953  30.549785614013672
 392    39.923847198486328  33.261318206787109  32.391914367675781
 393    39.623519897460938  33.277984619140625  29.851232528686523
 394    41.891685485839844  33.294921875  30.765108108520508
 395    37.526725769042969  33.242038726806641  31.677762985229492
 396    35.472648620605469  33.230880737304688  31.207210540771484
 397    36.912944793701172  33.245929718017578  29.638444900512695
 398    33.111831665039062  33.245632171630859  31.774578094482422
 399    31.184917449951172  33.293582916259766  32.8455810546875
 400    54.964336395263672  34.529094696044922  30.062959671020508
 401    22.982082366943359  34.322059631347656  30.46556282043457
 402    23.371187210083008  34.587406158447266  31.074216842651367
 403    53.939903259277344  33.6021728515625  31.303997039794922
 404    52.588657379150391  33.457347869873047  32.154796600341797
 405    53.388282775878906  33.649944305419922  30.251823425292969
 406    55.450496673583984  34.007247924804688  31.704593658447266
 407    54.617286682128906  33.708889007568359  31.446601867675781
 408    54.556270599365234  33.910919189453125  30.681163787841797
 409    22.263559341430664  37.28826904296875  30.206661224365234
 410    41.778236389160156  39.513095855712891  32.693733215332031
 411    40.719844818115234  39.403175354003906  31.146459579467773
 412    38.722049713134766  39.457263946533203  32.622997283935547
 413    38.691593170166016  39.401931762695312  31.262580871582031
 414    37.096992492675781  39.3370361328125  31.417778015136719
 415    54.929691314697266  38.412284851074219  30.347431182861328
 416    53.287483215332031  39.535015106201172  31.720417022705078
 417    52.079757690429688  39.399543762207031  31.144746780395508
 418    49.19012451171875  39.397727966308594  31.139175415039062
 419    49.967090606689453  39.642932891845703  33.08050537109375
 420    -0.41456121206283569  39.226657867431641  28.390493392944336
 421    63.143058776855469  39.188114166259766  30.390518188476562
 422    62.996326446533203  40.658435821533203  31.915990829467773
 423    62.688632965087891  38.656375885009766  31.423608779907227
 424    44.881385803222656  39.388111114501953  31.144969940185547
 425    44.091964721679688  39.564384460449219  33.617073059082031
 426    46.925140380859375  39.588424682617188  33.518142700195312
 427    25.050973892211914  38.186176300048828  31.281511306762695
 428    25.20747184753418  38.334918975830078  30.469799041748047
 429    24.222936630249023  37.981327056884766  31.077991485595703
 430    30.139511108398438  38.603668212890625  31.953012466430664
 431    30.655479431152344  38.596286773681641  29.402736663818359
 432    27.542747497558594  38.449382781982422  31.027820587158203
 433    62.654747009277344  37.415565490722656  31.221963882446289
 434    25.802377700805664  38.275833129882812  31.399496078491211
 435    24.098609924316406  38.240161895751953  30.251920700073242
 436    -0.47924283146858215  37.28460693359375  27.857843399047852
 437    34.699344635009766  39.169631958007812  32.113140106201172
 438    35.497859954833984  39.212799072265625  31.11418342590332
 439    34.522449493408203  39.112144470214844  31.065420150756836
 440    33.759906768798828  39.007728576660156  31.740995407104492
 441    71.2769775390625  52.030895233154297  30.141857147216797
 442    71.338523864746094  53.125247955322266  28.39323616027832
 443    71.393684387207031  51.654830932617188  32.220512390136719
 444    71.245361328125  51.232650756835938  30.925909042358398
 445    71.346199035644531  50.702579498291016  32.235588073730469
 446    -0.40824523568153381  52.094039916992188  30.908973693847656
 447    -0.46428504586219788  52.099143981933594  34.882240295410156
 448    -0.39892643690109253  53.157108306884766  27.720243453979492
 449    49.622661590576172  52.303077697753906  32.157360076904297
 450    48.469905853271484  52.386974334716797  32.111164093017578
 451    48.024082183837891  52.470256805419922  31.132097244262695
 452    55.216831207275391  52.385913848876953  30.176719665527344
 453    56.002532958984375  52.316768646240234  30.351100921630859
 454    55.378509521484375  52.346397399902344  30.79511833190918
 455    54.00994873046875  52.395263671875  30.435335159301758
 456    54.644840240478516  52.317859649658203  31.145450592041016
 457    53.695690155029297  52.309181213378906  31.174642562866211
 458    51.906623840332031  52.362514495849609  30.789752960205078
 459    33.421657562255859  52.824905395507812  32.566188812255859
 460    26.548946380615234  52.776798248291016  31.632892608642578
 461    33.753269195556641  52.761749267578125  31.239320755004883
 462    25.516590118408203  52.872810363769531  33.679325103759766
 463    47.736465454101562  52.480594635009766  31.640243530273438
 464    47.096351623535156  52.523704528808594  31.90306282043457
 465    46.452762603759766  52.574451446533203  31.295627593994141
 466    51.311901092529297  52.224617004394531  31.953998565673828
 467    50.055892944335938  52.383857727050781  31.093982696533203
 468    45.936046600341797  52.609786987304688  32.108062744140625
 469    44.413124084472656  52.665382385253906  31.381296157836914
 470    46.846775054931641  52.506725311279297  32.725582122802734
 471    39.881412506103516  52.732429504394531  31.681800842285156
 472    70.088005065917969  48.130241394042969  31.326299667358398
 473    68.934783935546875  48.484729766845703  30.895502090454102
 474    70.110183715820312  49.163604736328125  30.953029632568359
 475    3.3794212341308594  50.060081481933594  29.855905532836914
 476    2.0776596069335938  50.201576232910156  29.850975036621094
 477    1.0841983556747437  50.03277587890625  30.298736572265625
 478    1.2391023635864258  49.190891265869141  30.745824813842773
 479    66.511627197265625  49.343582153320312  30.394952774047852
 480    65.686004638671875  48.423374176025391  30.948980331420898
 481    65.020233154296875  49.347793579101562  30.653388977050781
 482    0.53589099645614624  49.539379119873047  30.920780181884766
 483    0.036787457764148712  49.191749572753906  31.780799865722656
 484    0.10156355798244476  50.465396881103516  30.775102615356445
 485    70.785400390625  48.626724243164062  31.745794296264648
 486    70.932296752929688  49.703788757324219  31.435371398925781
 487    69.079277038574219  49.3321533203125  30.501890182495117
 488    4.15032958984375  49.271278381347656  30.42765998840332
 489    6.3595237731933594  49.130302429199219  31.20671272277832
 490    5.3762707710266113  49.350547790527344  30.552944183349609
 491    6.3376350402832031  48.071998596191406  31.482175827026367
 492    67.348617553710938  48.440837860107422  30.810745239257812
 493    68.049911499023438  49.111362457275391  30.503015518188477
 494    69.736053466796875  49.927009582519531  30.290191650390625
 495    68.154449462890625  50.061733245849609  29.883909225463867
 496    64.427963256835938  48.883289337158203  31.171232223510742
 497    64.147705078125  49.657642364501953  30.902847290039062
 498    63.648784637451172  49.574539184570312  31.591190338134766
 499    63.527149200439453  50.52032470703125  30.860994338989258
 500    66.119789123535156  50.281639099121094  29.745380401611328
 501    65.333961486816406  49.889896392822266  30.201536178588867
 502    64.425399780273438  50.074283599853516  30.404226303100586
 503    63.220260620117188  50.485084533691406  31.712553024291992
 504    54.353931427001953  52.13525390625  31.92241096496582
 505    52.893135070800781  52.174854278564453  31.833980560302734
 506    6.7466535568237305  49.996784210205078  30.99370002746582
 507    7.2094802856445312  49.61669921875  32.536544799804688
 508    5.9844622611999512  49.921669006347656  30.375703811645508
 509    4.8429713249206543  49.975841522216797  30.016483306884766
 510    -0.19936764240264893  50.0352783203125  31.732995986938477
 511    7.0445685386657715  48.4310302734375  32.420429229736328
 512    63.944942474365234  48.546714782714844  31.716997146606445
 513    18.281440734863281  52.829555511474609  34.106727600097656
 514    18.816030502319336  52.710109710693359  31.619338989257812
 515    62.114006042480469  51.642135620117188  30.466493606567383
 516    62.800052642822266  51.286018371582031  30.815317153930664
 517    62.113121032714844  51.724559783935547  31.27284049987793
 518    62.789588928222656  51.222023010253906  31.585491180419922
 519    13.706870079040527  52.644081115722656  33.2685546875
 520    9.9934053421020508  52.365787506103516  36.229038238525391
 521    8.7437896728515625  51.886333465576172  32.247829437255859
 522    11.092408180236816  52.382946014404297  32.263038635253906
 523    -0.29860502481460571  51.734481811523438  30.474315643310547
 524    -0.26909124851226807  52.201946258544922  29.694835662841797
 525    71.151458740234375  51.520298004150391  30.24736213684082
 526    61.058013916015625  51.988033294677734  31.097087860107422
 527    60.84332275390625  51.900447845458984  30.238832473754883
 528    43.979118347167969  52.695346832275391  32.172214508056641
 529    -0.31308510899543762  50.866039276123047  31.536176681518555
 530    -0.19596071541309357  51.247383117675781  30.601018905639648
 531    70.924118041992188  50.797813415527344  30.501729965209961
 532    71.209075927734375  50.498077392578125  31.541440963745117
 533    70.506874084472656  50.008090972900391  30.644086837768555
 534    7.3058791160583496  50.736595153808594  31.421895980834961
 535    7.574608325958252  50.438793182373047  33.837253570556641
 536    56.676742553710938  52.220535278320312  31.138267517089844
 537    59.724250793457031  52.113758087158203  31.001977920532227
 538    59.362949371337891  52.037055969238281  30.233390808105469
 539    58.345233917236328  52.175083160400391  31.015012741088867
 540    58.043346405029297  52.109851837158203  30.179939270019531
 541    56.8089599609375  52.194709777832031  29.882658004760742
 542    7.861203670501709  51.207454681396484  33.484115600585938
 543    7.7947359085083008  51.363132476806641  31.634571075439453
 544    70.349113464355469  9.1006622314453125  28.665241241455078
 545    70.908401489257812  8.4969444274902344  28.115402221679688
 546    70.16448974609375  8.7199516296386719  27.693353652954102
 547    69.028724670410156  8.8888826370239258  27.411018371582031
 548    69.189712524414062  9.3489961624145508  28.580905914306641
 549    62.187747955322266  8.9352750778198242  28.535619735717773
 550    66.943885803222656  9.1951894760131836  27.921266555786133
 551    63.606609344482422  9.1980791091918945  28.866235733032227
 552    64.477806091308594  9.5970630645751953  29.25160026550293
 553    64.998115539550781  9.2919740676879883  28.532064437866211
 554    59.952110290527344  8.7727985382080078  27.342107772827148
 555    2.2756223678588867  9.4148397445678711  28.553955078125
 556    1.1145267486572266  9.3717813491821289  28.769861221313477
 557    7.3847517967224121  9.3828411102294922  29.190851211547852
 558    6.5920753479003906  9.5550727844238281  29.05183219909668
 559    64.118919372558594  19.902534484863281  28.759096145629883
 560    64.833778381347656  19.539661407470703  28.648674011230469
 561    44.877445220947266  8.2577152252197266  28.943765640258789
 562    35.005935668945312  8.194798469543457  29.118698120117188
 563    43.714927673339844  8.1353750228881836  29.572727203369141
 564    56.260166168212891  8.6444149017333984  27.886835098266602
 565    55.118961334228516  8.5765037536621094  28.211894989013672
 566    53.544765472412109  8.4775352478027344  28.49085807800293
 567    53.572048187255859  8.3312911987304688  29.137224197387695
 568    49.705982208251953  8.3591852188110352  28.720449447631836
 569    47.071399688720703  8.1778087615966797  29.44755744934082
 570    63.711593627929688  20.651012420654297  28.292173385620117
 571    64.389152526855469  20.130458831787109  27.698293685913086
 572    68.378578186035156  19.59434700012207  27.882858276367188
 573    66.915374755859375  19.583648681640625  27.808465957641602
 574    4.7137303352355957  19.599191665649414  27.889701843261719
 575    3.1947712898254395  19.588727951049805  27.76885986328125
 576    65.53253173828125  19.750314712524414  27.704782485961914
 577    1.0799331665039062  19.510883331298828  28.694446563720703
 578    0.37091064453125  19.792356491088867  28.873748779296875
 579    0.61966621875762939  20.075027465820312  27.873218536376953
 580    -0.035224828869104385  20.344856262207031  28.664159774780273
 581    6.7564153671264648  20.012910842895508  28.540536880493164
 582    6.4152522087097168  19.451383590698242  29.07832145690918
 583    5.9712357521057129  19.762840270996094  28.139495849609375
 584    40.032848358154297  21.621013641357422  28.932704925537109
 585    70.142478942871094  19.446353912353516  29.027534484863281
 586    69.652870178222656  19.750066757202148  28.054464340209961
 587    36.897956848144531  21.727729797363281  28.840709686279297
 588    70.934776306152344  20.484792709350586  28.151166915893555
 589    70.466445922851562  19.965782165527344  28.426420211791992
 590    53.732070922851562  21.985464096069336  29.317289352416992
 591    50.935764312744141  21.957403182983398  28.376045227050781
 592    52.728164672851562  22.012176513671875  28.79796028137207
 593    7.2452106475830078  20.723264694213867  28.562442779541016
 594    1.7589689493179321  19.744546890258789  27.748929977416992
 595    2.0956094264984131  9.0513858795166016  27.737215042114258
 596    4.1353602409362793  9.1769447326660156  27.788913726806641
 597    71.324150085449219  7.5687332153320312  27.822422027587891
 598    71.222015380859375  7.9962749481201172  27.945781707763672
 599    23.643600463867188  8.2212085723876953  29.030483245849609
 600    -0.29779660701751709  8.8321313858032227  30.517776489257812
 601    0.028175117447972298  8.6447772979736328  28.543540954589844
 602    -0.43571171164512634  10.016453742980957  34.799251556396484
 603    11.127925872802734  8.4420642852783203  29.11149787902832
 604    16.375171661376953  8.3726434707641602  28.723806381225586
 605    9.2148275375366211  8.748661994934082  29.310323715209961
 606    11.94011116027832  8.6195487976074219  28.544107437133789
 607    9.3091812133789062  9.0352869033813477  28.551059722900391
 608    0.79258084297180176  8.8964862823486328  27.962608337402344
 609    6.5219607353210449  9.2863225936889648  28.200248718261719
 610    30.996448516845703  33.252555847167969  28.486349105834961
 611    33.646633148193359  33.240135192871094  28.299234390258789
 612    34.541202545166016  33.230667114257812  29.786293029785156
 613    20.898777008056641  33.929115295410156  27.693868637084961
 614    21.880338668823242  33.674057006835938  27.7406005859375
 615    21.022911071777344  34.253669738769531  28.555402755737305
 616    41.006553649902344  27.353429794311523  29.956087112426758
 617    40.302867889404297  27.283143997192383  26.981410980224609
 618    35.888111114501953  27.369340896606445  27.725849151611328
 619    33.0552978515625  27.41325569152832  28.133693695068359
 620    42.956787109375  27.316928863525391  28.614267349243164
 621    30.961896896362305  27.417657852172852  28.365629196166992
 622    43.223869323730469  27.337018966674805  29.962762832641602
 623    46.059104919433594  27.268680572509766  29.195510864257812
 624    50.620098114013672  27.047395706176758  28.273830413818359
 625    48.956783294677734  27.172422409057617  28.349203109741211
 626    52.825496673583984  26.668796539306641  28.601669311523438
 627    53.537761688232422  26.238468170166016  28.658550262451172
 628    51.911384582519531  26.889097213745117  28.424600601196289
 629    22.968395233154297  33.544418334960938  27.590230941772461
 630    20.316581726074219  37.573749542236328  27.90992546081543
 631    20.085884094238281  36.738925933837891  28.20326042175293
 632    20.792945861816406  37.355850219726562  28.643150329589844
 633    20.790279388427734  36.785369873046875  28.947660446166992
 634    63.187824249267578  35.493404388427734  27.983306884765625
 635    53.136142730712891  33.760326385498047  28.72618293762207
 636    54.157047271728516  34.057579040527344  29.435146331787109
 637    20.848175048828125  34.834854125976562  28.870258331298828
 638    20.322465896606445  34.552963256835938  28.157077789306641
 639    49.779747009277344  33.393001556396484  31.141544342041016
 640    50.191856384277344  33.467597961425781  28.5164794921875
 641    51.865001678466797  33.51776123046875  29.65022087097168
 642    63.211589813232422  37.620773315429688  28.778814315795898
 643    21.62908935546875  34.739944458007812  29.582691192626953
 644    21.139045715332031  35.868267059326172  29.319869995117188
 645    20.012029647827148  35.461784362792969  28.216823577880859
 646    54.730449676513672  34.839149475097656  29.008827209472656
 647    54.858470916748047  35.695400238037109  28.532411575317383
 648    55.114933013916016  35.741050720214844  29.308692932128906
 649    28.918794631958008  33.278366088867188  27.804571151733398
 650    35.80413818359375  33.250484466552734  28.329494476318359
 651    24.88972282409668  33.413829803466797  27.565738677978516
 652    47.278221130371094  33.417991638183594  28.597787857055664
 653    38.393257141113281  33.314445495605469  27.422788619995117
 654    54.206470489501953  23.217130661010742  28.537477493286133
 655    34.532024383544922  21.783647537231445  29.321849822998047
 656    24.143241882324219  22.375337600708008  29.854179382324219
 657    25.640773773193359  22.218019485473633  28.434591293334961
 658    53.896961212158203  22.559309005737305  28.73845100402832
 659    32.156375885009766  22.038234710693359  28.527278900146484
 660    48.781917572021484  21.946756362915039  27.914632797241211
 661    44.801567077636719  21.821428298950195  27.945531845092773
 662    47.937286376953125  22.05218505859375  27.242341995239258
 663    7.5388102531433105  22.134798049926758  28.561399459838867
 664    20.407482147216797  23.166501998901367  28.361047744750977
 665    21.021574020385742  22.621181488037109  27.607864379882812
 666    23.662487030029297  22.330738067626953  28.828039169311523
 667    22.906225204467773  22.354545593261719  27.740642547607422
 668    71.159103393554688  21.027027130126953  27.419534683227539
 669    63.526748657226562  21.52906608581543  26.676061630249023
 670    54.141250610351562  25.468072891235352  28.707937240600586
 671    20.072381973266602  25.784675598144531  28.422050476074219
 672    20.173055648803711  26.353179931640625  27.981822967529297
 673    29.148359298706055  27.385042190551758  28.108558654785156
 674    -0.39502301812171936  23.25370979309082  24.697490692138672
 675    24.529481887817383  27.154993057250977  28.379480361938477
 676    21.746433258056641  26.904510498046875  27.985721588134766
 677    20.838571548461914  26.717020034790039  27.905532836914062
 678    53.115318298339844  22.600711822509766  28.062397003173828
 679    53.993087768554688  23.499439239501953  28.165225982666016
 680    53.821994781494141  22.991230010986328  28.213272094726562
 681    19.977470397949219  23.894096374511719  28.439586639404297
 682    7.7202425003051758  25.22999382019043  28.778757095336914
 683    52.326889038085938  22.221063613891602  28.16218376159668
 684    64.426765441894531  42.138748168945312  30.032341003417969
 685    69.50927734375  41.928379058837891  29.569223403930664
 686    66.728736877441406  41.775684356689453  29.222038269042969
 687    65.219795227050781  41.894271850585938  29.553079605102539
 688    70.351730346679688  50.458602905273438  30.15477180480957
 689    69.663490295410156  50.618251800537109  29.67491340637207
 690    5.7665929794311523  41.978908538818359  29.613407135009766
 691    68.385063171386719  41.520126342773438  28.944635391235352
 692    64.810554504394531  50.470993041992188  29.860452651977539
 693    64.007545471191406  50.633449554443359  30.127897262573242
 694    6.5507049560546875  50.541515350341797  30.222518920898438
 695    5.6389579772949219  50.549472808837891  29.687076568603516
 696    2.9870083332061768  41.775920867919922  29.217710494995117
 697    1.4782994985580444  41.889911651611328  29.528369903564453
 698    1.2398949861526489  50.730209350585938  29.560422897338867
 699    0.5155215859413147  50.793388366699219  29.937046051025391
 700    6.6434412002563477  41.959377288818359  29.866260528564453
 701    7.0906543731689453  41.383541107177734  29.634481430053711
 702    6.5486769676208496  41.489894866943359  29.350692749023438
 703    4.642059326171875  41.532432556152344  28.955522537231445
 704    64.358207702636719  41.614185333251953  29.592599868774414
 705    0.62177079916000366  41.617530822753906  29.512266159057617
 706    0.67053931951522827  42.128917694091797  29.984962463378906
 707    0.33094966411590576  41.004135131835938  28.976871490478516
 708    51.575538635253906  39.079353332519531  29.642049789428711
 709    48.386081695556641  39.057361602783203  29.264204025268555
 710    63.462959289550781  39.582550048828125  29.061281204223633
 711    63.976577758789062  40.865131378173828  29.20081901550293
 712    70.387550354003906  41.796184539794922  29.725128173828125
 713    70.773590087890625  41.123561859130859  29.280271530151367
 714    70.278076171875  41.398025512695312  29.237771987915039
 715    58.090255737304688  52.031650543212891  28.987993240356445
 716    70.869346618652344  51.686542510986328  29.432764053344727
 717    71.14788818359375  52.290401458740234  29.11143684387207
 718    62.330791473388672  51.609832763671875  29.454519271850586
 719    63.249073028564453  51.147453308105469  30.062917709350586
 720    60.275436401367188  51.895771026611328  29.184537887573242
 721    70.458686828613281  50.977176666259766  29.753345489501953
 722    58.978439331054688  52.011039733886719  29.663965225219727
 723    55.880973815917969  52.148174285888672  28.837556838989258
 724    23.533365249633789  52.625808715820312  30.339990615844727
 725    34.025066375732422  52.614707946777344  30.168407440185547
 726    55.688156127929688  52.304168701171875  29.667564392089844
 727    7.7477784156799316  51.437347412109375  30.508575439453125
 728    9.1646537780761719  51.901226043701172  29.879692077636719
 729    0.020983861759305  51.501235961914062  29.7698974609375
 730    64.14703369140625  50.921844482421875  29.672708511352539
 731    15.735212326049805  52.466545104980469  30.417594909667969
 732    10.662234306335449  52.219768524169922  30.59019660949707
 733    4.3535833358764648  50.686744689941406  29.273723602294922
 734    2.5681142807006836  50.857105255126953  29.089967727661133
 735    0.57376617193222046  51.203628540039062  29.385988235473633
 736    66.924858093261719  50.896774291992188  28.977609634399414
 737    68.725761413574219  51.004940032958984  28.954774856567383
 738    6.4300980567932129  50.966548919677734  29.526483535766602
 739    7.436398983001709  40.566795349121094  29.492475509643555
 740    7.0479831695556641  51.0487060546875  30.018321990966797
 741    22.99485969543457  38.260173797607422  29.269454956054688
 742    22.168497085571289  38.054939270019531  29.1221923828125
 743    21.456981658935547  37.020725250244141  29.504371643066406
 744    21.861049652099609  37.61090087890625  29.595460891723633
 745    55.112579345703125  36.602508544921875  29.239315032958984
 746    45.113685607910156  39.152797698974609  29.466630935668945
 747    41.763805389404297  39.197734832763672  29.697908401489258
 748    38.847183227539062  39.299591064453125  30.403383255004883
 749    36.931049346923828  39.160213470458984  30.066244125366211
 750    54.903007507324219  37.613544464111328  29.310634613037109
 751    54.375  38.464691162109375  29.546619415283203
 752    35.115200042724609  39.098667144775391  30.352237701416016
 753    34.275806427001953  39.013286590576172  30.563072204589844
 754    7.6101541519165039  39.77008056640625  30.069377899169922
 755    53.349185943603516  38.953998565673828  29.753118515014648
 756    24.038667678833008  38.361598968505859  29.32090950012207
 757    21.414091110229492  37.666717529296875  29.022434234619141
 758    -0.30955860018730164  39.492969512939453  27.624164581298828
 759    33.448101043701172  38.887626647949219  30.797630310058594
 760    32.987861633300781  38.88671875  31.850131988525391
 761    32.076107025146484  38.771560668945312  32.27410888671875
 762    33.026832580566406  38.732734680175781  29.730951309204102
 763    29.151567459106445  38.550910949707031  27.624984741210938
 764    48.017528533935547  52.459453582763672  30.115001678466797
 765    43.720104217529297  52.595703125  30.586832046508789
 766    51.425071716308594  52.384975433349609  29.566766738891602
 767    54.360931396484375  52.37481689453125  29.630537033081055
 768    71.233695983886719  52.684585571289062  28.648067474365234
 769    71.409675598144531  52.895244598388672  34.552688598632812
 770    -0.3180619478225708  52.691669464111328  28.814619064331055
 771    64.637130737304688  14.624372482299805  31.678800582885742
 772    63.789749145507812  14.69877815246582  32.430866241455078
 773    64.131446838378906  15.57521915435791  31.850549697875977
 774    6.6475162506103516  15.071686744689941  31.792970657348633
 775    7.1595239639282227  14.816028594970703  32.716526031494141
 776    6.3239278793334961  14.392271041870117  31.738027572631836
 777    5.7977294921875  15.015201568603516  31.440069198608398
 778    68.764625549316406  14.375154495239258  31.369277954101562
 779    66.999855041503906  14.356320381164551  31.316017150878906
 780    67.975654602050781  15.162899017333984  31.23675537109375
 781    66.246063232421875  15.108397483825684  31.279716491699219
 782    -0.28483438491821289  19.141315460205078  31.017728805541992
 783    -0.42809587717056274  20.009721755981445  31.306306838989258
 784    65.601432800292969  14.606818199157715  31.409702301025391
 785    65.010505676269531  15.240827560424805  31.44880485534668
 786    63.530323028564453  16.293512344360352  32.607227325439453
 787    69.5345458984375  15.024991035461426  31.405990600585938
 788    6.9428844451904297  15.811590194702148  31.969200134277344
 789    7.408146858215332  16.61054801940918  33.189044952392578
 790    0.88042420148849487  14.58742618560791  31.620889663696289
 791    0.054165642708539963  14.469912528991699  32.082653045654297
 792    0.30833673477172852  15.623445510864258  31.780817031860352
 793    1.2523621320724487  15.242901802062988  31.437953948974609
 794    5.0401601791381836  14.36390209197998  31.389776229858398
 795    4.2386937141418457  15.157815933227539  31.24110221862793
 796    3.2717077732086182  14.340574264526367  31.312595367431641
 797    39.180644989013672  21.077793121337891  35.468700408935547
 798    38.679889678955078  21.139003753662109  33.480136871337891
 799    40.974132537841797  21.086219787597656  33.573490142822266
 800    70.786575317382812  16.888696670532227  31.536960601806641
 801    70.9398193359375  17.978792190551758  31.192478179931641
 802    71.121070861816406  17.426210403442383  31.750625610351562
 803    71.1688232421875  16.687664031982422  32.24365234375
 804    63.878902435302734  16.735614776611328  31.775192260742188
 805    63.302524566650391  17.845119476318359  32.454376220703125
 806    63.786521911621094  17.776535034179688  31.404165267944336
 807    7.0499081611633301  16.928840637207031  31.852861404418945
 808    7.2068452835083008  18.094392776489258  31.54063606262207
 809    7.4296870231628418  17.854532241821289  32.618377685546875
 810    70.686302185058594  15.840492248535156  31.716215133666992
 811    70.898689270019531  14.787360191345215  32.080898284912109
 812    70.38690185546875  15.08696174621582  31.648614883422852
 813    70.053611755371094  14.397677421569824  31.598834991455078
 814    3.1485021114349365  13.720789909362793  31.257280349731445
 815    4.2909631729125977  13.683032989501953  31.268257141113281
 816    1.8780219554901123  13.8153076171875  31.357597351074219
 817    65.611183166503906  13.85094165802002  31.383928298950195
 818    64.062904357910156  13.453996658325195  31.885171890258789
 819    63.569683074951172  13.612056732177734  32.821052551269531
 820    64.437347412109375  13.977203369140625  31.727746963500977
 821    7.3346548080444336  13.363890647888184  33.650173187255859
 822    6.7526211738586426  13.593871116638184  32.046009063720703
 823    0.69414430856704712  13.910624504089355  31.62706184387207
 824    0.32749658823013306  13.39171314239502  31.670415878295898
 825    5.7340908050537109  13.641806602478027  31.456842422485352
 826    0.19106532633304596  12.587057113647461  31.582077026367188
 827    -0.094175592064857483  13.453730583190918  32.0574951171875
 828    -0.23279979825019836  12.997936248779297  32.244598388671875
 829    1.8584967851638794  14.596342086791992  31.401193618774414
 830    70.471870422363281  13.568859100341797  31.669694900512695
 831    69.436424255371094  13.650883674621582  31.387731552124023
 832    66.8614501953125  13.765955924987793  31.273317337036133
 833    67.991470336914062  13.716394424438477  31.269763946533203
 834    2.5043179988861084  15.10584545135498  31.279523849487305
 835    -0.1877867728471756  15.808222770690918  32.321086883544922
 836    71.053993225097656  13.188892364501953  32.115245819091797
 837    7.501805305480957  18.577850341796875  32.561542510986328
 838    -0.14005763828754425  16.808786392211914  31.952123641967773
 839    0.24617859721183777  16.579111099243164  31.518592834472656
 840    50.441173553466797  20.915988922119141  32.069217681884766
 841    49.353736877441406  20.762659072875977  34.147113800048828
 842    48.816543579101562  20.923433303833008  32.484004974365234
 843    47.053142547607422  20.895534515380859  34.160228729248047
 844    47.199230194091797  21.011333465576172  32.247154235839844
 845    25.253911972045898  22.434280395507812  32.826618194580078
 846    26.423011779785156  22.220113754272461  32.578506469726562
 847    33.710880279541016  21.555788040161133  32.421943664550781
 848    34.775985717773438  21.4012451171875  33.058467864990234
 849    51.750831604003906  20.735057830810547  32.774452209472656
 850    50.931243896484375  20.582027435302734  34.194282531738281
 851    63.093685150146484  20.703771591186523  31.275352478027344
 852    62.702407836914062  21.394678115844727  31.961416244506836
 853    63.011341094970703  22.221548080444336  31.064119338989258
 854    62.817737579345703  20.022857666015625  32.288215637207031
 855    62.659503936767578  22.989004135131836  31.916770935058594
 856    60.808464050292969  21.396661758422852  32.630905151367188
 857    61.138126373291016  22.06355094909668  32.388641357421875
 858    61.494781494140625  21.648832321166992  32.503467559814453
 859    59.895515441894531  21.150344848632812  32.802604675292969
 860    60.179817199707031  22.135149002075195  32.368564605712891
 861    58.896049499511719  22.085508346557617  32.303421020507812
 862    59.204463958740234  21.442808151245117  32.606101989746094
 863    57.800819396972656  22.068559646606445  32.134212493896484
 864    58.045761108398438  21.165225982666016  32.763191223144531
 865    56.796821594238281  21.390687942504883  32.243362426757812
 866    56.751430511474609  20.815034866333008  32.924129486083984
 867    55.525009155273438  20.908760070800781  32.440433502197266
 868    55.883296966552734  21.559526443481445  31.625581741333008
 869    56.853672027587891  22.215854644775391  31.736066818237305
 870    56.065147399902344  22.399585723876953  31.168426513671875
 871    54.913799285888672  21.189577102661133  31.548460006713867
 872    44.344306945800781  21.0206298828125  33.669322967529297
 873    53.776885986328125  20.849145889282227  32.127372741699219
 874    52.926128387451172  20.534147262573242  33.458244323730469
 875    -0.30219250917434692  18.200189590454102  31.677314758300781
 876    -0.18516989052295685  18.41912841796875  31.216920852661133
 877    51.911918640136719  20.546604156494141  33.671573638916016
 878    7.5031461715698242  19.191600799560547  31.986104965209961
 879    7.5135412216186523  19.784694671630859  31.058218002319336
 880    7.6219658851623535  20.560718536376953  32.142345428466797
 881    0.045922428369522095  17.605592727661133  31.309730529785156
 882    54.481449127197266  20.507553100585938  33.396572113037109
 883    55.951251983642578  20.449455261230469  33.587429046630859
 884    63.423320770263672  18.591243743896484  31.63316535949707
 885    63.110767364501953  19.002138137817383  32.212917327880859
 886    63.267417907714844  19.516712188720703  31.462882995605469
 887    71.212966918945312  18.901584625244141  31.111600875854492
 888    71.259162902832031  18.285772323608398  31.778146743774414
 889    32.762477874755859  21.686960220336914  32.256656646728516
 890    33.341987609863281  21.656942367553711  31.433090209960938
 891    71.249496459960938  19.573827743530273  30.592742919921875
 892    71.346656799316406  19.658012390136719  31.168331146240234
 893    37.348403930664062  21.151006698608398  35.053882598876953
 894    36.660602569580078  21.264232635498047  33.009490966796875
 895    32.178951263427734  7.8165903091430664  33.807315826416016
 896    31.095912933349609  7.8255949020385742  32.149562835693359
 897    25.411643981933594  7.791846752166748  33.149303436279297
 898    26.862709045410156  7.7782573699951172  34.609512329101562
 899    23.788570404052734  7.7636313438415527  34.746025085449219
 900    20.060638427734375  7.7572455406188965  36.060829162597656
 901    17.700325012207031  7.8158969879150391  34.062923431396484
 902    15.751226425170898  7.7670607566833496  37.34246826171875
 903    44.931999206542969  8.0656223297119141  32.969528198242188
 904    45.455818176269531  8.1677265167236328  35.373363494873047
 905    46.091117858886719  8.170257568359375  33.049900054931641
 906    43.868854522705078  8.018463134765625  35.39837646484375
 907    42.970684051513672  7.96429443359375  33.691799163818359
 908    42.424472808837891  7.9416680335998535  35.07769775390625
 909    39.451793670654297  7.8899831771850586  34.797275543212891
 910    10.20189094543457  8.2491941452026367  38.618293762207031
 911    9.9969701766967773  8.3459720611572266  34.024547576904297
 912    8.6410045623779297  9.0050973892211914  37.536060333251953
 913    13.037185668945312  7.8717103004455566  37.406314849853516
 914    12.910085678100586  7.9852099418640137  34.128826141357422
 915    46.120429992675781  8.128016471862793  32.115364074707031
 916    62.10089111328125  8.9892110824584961  31.659500122070312
 917    61.566448211669922  8.6671609878540039  31.987583160400391
 918    62.269100189208984  9.1743431091308594  32.477577209472656
 919    62.726310729980469  9.6971750259399414  31.814155578613281
 920    63.078571319580078  10.678303718566895  32.517257690429688
 921    63.244422912597656  10.436888694763184  31.512975692749023
 922    62.771717071533203  10.332950592041016  33.282413482666016
 923    61.270893096923828  8.7004795074462891  31.284923553466797
 924    59.922897338867188  8.5532188415527344  31.080110549926758
 925    60.423576354980469  8.4800224304199219  31.804927825927734
 926    54.873958587646484  8.3806934356689453  31.207279205322266
 927    53.995326995849609  8.5414934158325195  31.951957702636719
 928    55.687705993652344  8.6024866104125977  32.173267364501953
 929    55.499408721923828  8.4319219589233398  31.439794540405273
 930    58.642036437988281  8.4300155639648438  31.803709030151367
 931    58.6480712890625  8.5095510482788086  30.954238891601562
 932    51.036930084228516  8.5940675735473633  32.791400909423828
 933    51.825767517089844  8.4304475784301758  31.619724273681641
 934    49.670120239257812  8.4120121002197266  32.236717224121094
 935    63.311763763427734  11.310581207275391  32.380298614501953
 936    63.438461303710938  12.441048622131348  32.812461853027344
 937    63.702117919921875  11.321486473083496  31.479515075683594
 938    70.645912170410156  12.648457527160645  31.494630813598633
 939    63.911529541015625  12.505437850952148  31.834856033325195
 940    6.9381585121154785  12.686103820800781  32.006874084472656
 941    -0.2299586683511734  10.973531723022461  31.590988159179688
 942    -0.31834626197814941  12.253119468688965  32.340591430664062
 943    0.034234754741191864  11.565339088439941  31.357133865356445
 944    -0.40076130628585815  11.980591773986816  33.186988830566406
 945    70.886833190917969  11.740480422973633  31.32539176940918
 946    71.193008422851562  12.154234886169434  32.030757904052734
 947    57.263591766357422  8.4717798233032227  31.214883804321289
 948    57.151153564453125  8.4617767333984375  32.016410827636719
 949    7.208709716796875  11.775458335876465  32.36273193359375
 950    7.5352945327758789  12.24140453338623  34.927799224853516
 951    7.5764751434326172  10.828506469726562  33.788173675537109
 952    59.836082458496094  8.4454898834228516  32.374233245849609
 953    60.975551605224609  8.4980192184448242  32.295333862304688
 954    56.881126403808594  8.5468635559082031  32.497726440429688
 955    57.684772491455078  8.4420433044433594  32.343685150146484
 956    61.651592254638672  8.6898660659790039  32.489009857177734
 957    58.547031402587891  8.4507036209106445  32.542045593261719
 958    55.914421081542969  8.4063243865966797  30.942483901977539
 959    54.080272674560547  8.793156623840332  32.845264434814453
 960    46.898735046386719  8.2987604141235352  33.995265960693359
 961    46.825393676757812  8.1984348297119141  32.160896301269531
 962    52.598186492919922  8.7048168182373047  32.783271789550781
 963    53.033702850341797  8.4980106353759766  31.812721252441406
 964    49.837146759033203  8.6172323226928711  34.037181854248047
 965    48.382408142089844  8.4581422805786133  34.015132904052734
 966    47.925888061523438  8.2999591827392578  32.327640533447266
 967    63.120391845703125  31.887022018432617  34.447555541992188
 968    62.957450866699219  33.032966613769531  33.492099761962891
 969    35.178001403808594  33.243320465087891  33.561119079589844
 970    24.061185836791992  34.423877716064453  31.528705596923828
 971    24.010890960693359  33.980270385742188  30.787628173828125
 972    25.076234817504883  34.07464599609375  31.776046752929688
 973    29.770181655883789  33.360523223876953  32.764156341552734
 974    54.535934448242188  33.596424102783203  32.256710052490234
 975    26.800338745117188  33.644603729248047  32.091136932373047
 976    26.01762580871582  33.773239135742188  31.957849502563477
 977    25.037981033325195  33.746299743652344  30.971733093261719
 978    24.3509521484375  35.034488677978516  32.098171234130859
 979    42.927005767822266  27.342687606811523  32.031547546386719
 980    47.331527709960938  27.28840446472168  33.092113494873047
 981    52.555023193359375  27.195774078369141  33.004913330078125
 982    53.440662384033203  27.079383850097656  31.911623001098633
 983    50.868236541748047  27.25141716003418  33.750995635986328
 984    36.374073028564453  27.385307312011719  33.048934936523438
 985    39.471214294433594  27.372659683227539  32.066734313964844
 986    54.418449401855469  26.819948196411133  31.469573974609375
 987    53.810855865478516  26.951791763305664  31.16417121887207
 988    54.301204681396484  27.002616882324219  32.274677276611328
 989    56.285469055175781  26.422958374023438  32.592273712158203
 990    55.784976959228516  26.166437149047852  31.72100830078125
 991    55.169361114501953  26.789709091186523  32.464900970458984
 992    55.148525238037109  26.472391128540039  31.431049346923828
 993    56.884757995605469  35.502090454101562  31.637075424194336
 994    56.637413024902344  34.583812713623047  31.983863830566406
 995    60.130901336669922  35.575942993164062  32.295166015625
 996    61.16888427734375  35.479061126708984  32.249042510986328
 997    60.237358093261719  34.857219696044922  32.785266876220703
 998    58.989345550537109  35.466072082519531  32.255729675292969
 999    59.312313079833984  34.910251617431641  32.654529571533203
1000    57.774040222167969  35.242198944091797  32.093135833740234
1001    58.318363189697266  34.686447143554688  32.631378173828125
1002    56.471855163574219  33.939018249511719  32.814304351806641
1003    57.353515625  34.454280853271484  32.47943115234375
1004    55.479560852050781  33.723293304443359  32.501728057861328
1005    61.298557281494141  34.793560028076172  32.745429992675781
1006    62.023799896240234  35.311431884765625  32.0377197265625
1007    62.1282958984375  34.535381317138672  32.630203247070312
1008    23.737052917480469  34.782943725585938  31.567176818847656
1009    61.875152587890625  36.133369445800781  31.821979522705078
1010    62.999191284179688  33.397083282470703  31.890666961669922
1011    62.713325500488281  33.917697906494141  32.559829711914062
1012    58.654331207275391  36.120399475097656  32.018329620361328
1013    57.826828002929688  36.323566436767578  31.842624664306641
1014    56.998310089111328  36.607246398925781  31.543157577514648
1015    46.287448883056641  33.324798583984375  34.172431945800781
1016    44.236854553222656  33.325115203857422  30.85429573059082
1017    50.171108245849609  33.360752105712891  34.144477844238281
1018    55.899650573730469  25.452726364135742  31.119367599487305
1019    56.657814025878906  25.598217010498047  31.911407470703125
1020    56.241165161132812  24.738079071044922  31.179080963134766
1021    62.983543395996094  24.129487991333008  31.255714416503906
1022    22.422719955444336  24.044197082519531  31.568075180053711
1023    22.436315536499023  23.277231216430664  31.049112319946289
1024    22.970468521118164  23.156578063964844  31.590476989746094
1025    61.223686218261719  23.097248077392578  32.26568603515625
1026    60.441619873046875  23.051992416381836  32.186660766601562
1027    60.558830261230469  23.879278182983398  32.209598541259766
1028    59.634334564208984  23.12335205078125  32.134593963623047
1029    58.582809448242188  22.821819305419922  32.059349060058594
1030    58.885746002197266  23.887380599975586  32.063762664794922
1031    56.874298095703125  24.415067672729492  31.562482833862305
1032    57.777717590332031  23.0400390625  31.867441177368164
1033    56.894645690917969  23.253683090209961  31.501701354980469
1034    57.770290374755859  24.145593643188477  31.869661331176758
1035    23.265325546264648  23.420795440673828  32.677928924560547
1036    22.93865966796875  24.378755569458008  32.770919799804688
1037    62.795967102050781  24.098478317260742  31.977041244506836
1038    61.281669616699219  24.032325744628906  32.284492492675781
1039    61.853595733642578  24.266212463378906  32.418739318847656
1040    58.270118713378906  25.769979476928711  32.634384155273438
1041    57.609779357910156  25.181312561035156  32.098819732666016
1042    57.476249694824219  25.875497817993164  32.481639862060547
1043    59.794544219970703  23.990093231201172  32.146202087402344
1044    62.087070465087891  23.103019714355469  32.261703491210938
1045    56.070228576660156  23.572002410888672  30.884952545166016
1046    22.612508773803711  25.136180877685547  32.000633239746094
1047    22.991096496582031  25.120960235595703  32.909187316894531
1048    22.088888168334961  25.052423477172852  31.155735015869141
1049    31.808326721191406  21.797513961791992  32.460361480712891
1050    30.336746215820312  21.936302185058594  32.532371520996094
1051    28.322744369506836  22.05009651184082  33.613609313964844
1052    29.202499389648438  22.036182403564453  31.964839935302734
1053    27.562419891357422  22.123981475830078  32.492549896240234
1054    61.686969757080078  22.306985855102539  32.341030120849609
1055    23.94792366027832  22.702478408813477  31.786273956298828
1056    24.097051620483398  22.471574783325195  30.758651733398438
1057    23.060037612915039  22.728500366210938  30.662477493286133
1058    32.713035583496094  21.753007888793945  31.339258193969727
1059    22.766679763793945  25.979598999023438  31.65875244140625
1060    23.284202575683594  26.627227783203125  30.948553085327148
1061    22.437149047851562  26.172685623168945  30.86115837097168
1062    27.030603408813477  27.163936614990234  33.562145233154297
1063    28.856439590454102  27.300182342529297  32.335102081298828
1064    25.892929077148438  27.08790397644043  32.666934967041016
1065    61.747592926025391  25.228387832641602  32.805454254150391
1066    61.159046173095703  24.707754135131836  32.456241607666016
1067    61.027416229248047  25.531038284301758  32.9285888671875
1068    59.985816955566406  24.877819061279297  32.422332763671875
1069    24.034765243530273  26.712804794311523  32.138565063476562
1070    24.192609786987305  26.908145904541016  31.084081649780273
1071    24.880521774291992  26.915895462036133  32.821735382080078
1072    23.269954681396484  26.30267333984375  32.108699798583984
1073    23.035697937011719  25.744863510131836  32.561882019042969
1074    60.189224243164062  25.7496337890625  32.973564147949219
1075    33.932979583740234  27.395879745483398  32.440196990966797
1076    32.06109619140625  27.375862121582031  32.865398406982422
1077    30.842889785766602  27.374395370483398  31.420238494873047
1078    30.253076553344727  27.335012435913086  33.223621368408203
1079    58.639900207519531  24.990739822387695  32.271923065185547
1080    62.790630340576172  25.021987915039062  32.302291870117188
1081    22.294694900512695  25.653230667114258  31.259435653686523
1082    71.438705444335938  24.411699295043945  33.502361297607422
1083    59.279563903808594  25.691827774047852  32.770175933837891
1084    71.435623168945312  28.093109130859375  25.529764175415039
1085    57.037979125976562  26.214326858520508  32.673816680908203
1086    63.016094207763672  26.004697799682617  31.937673568725586
1087    7.4493050575256348  43.593147277832031  31.944107055664062
1088    7.5748882293701172  43.831035614013672  33.159957885742188
1089    62.571247100830078  41.049160003662109  33.221523284912109
1090    63.051548004150391  42.440940856933594  33.524879455566406
1091    71.239250183105469  42.869949340820312  32.074478149414062
1092    71.354598999023438  40.181674957275391  31.739797592163086
1093    62.459293365478516  39.811820983886719  32.294452667236328
1094    62.131805419921875  40.228897094726562  32.864898681640625
1095    7.6355948448181152  41.351261138916016  32.523288726806641
1096    7.6962027549743652  37.7010498046875  31.829763412475586
1097    7.6700859069824219  42.835231781005859  36.456932067871094
1098    63.391162872314453  43.929962158203125  33.041069030761719
1099    63.316608428955078  42.204669952392578  32.053485870361328
1100    70.899993896484375  46.495399475097656  32.273239135742188
1101    71.168464660644531  47.967678070068359  32.925045013427734
1102    71.239700317382812  46.867813110351562  33.01849365234375
1103    71.251235961914062  45.837978363037109  33.070186614990234
1104    63.210578918457031  46.227470397949219  34.693756103515625
1105    63.557090759277344  45.395759582519531  32.833164215087891
1106    7.153296947479248  46.300991058349609  32.444679260253906
1107    7.4104938507080078  47.378101348876953  33.885311126708984
1108    7.4929790496826172  46.391330718994141  33.483341217041016
1109    7.5028953552246094  45.537937164306641  33.167232513427734
1110    0.053566005080938339  45.835197448730469  32.467327117919922
1111    -0.32419797778129578  45.203220367431641  33.886756896972656
1112    -0.19485445320606232  46.362377166748047  33.787532806396484
1113    -0.28282013535499573  44.753608703613281  32.762088775634766
1114    71.06396484375  44.678295135498047  32.285137176513672
1115    71.346839904785156  43.804485321044922  33.911079406738281
1116    7.3100666999816895  44.719928741455078  32.176067352294922
1117    -0.092511214315891266  44.894695281982422  32.128849029541016
1118    -0.23090849816799164  43.867839813232422  32.102630615234375
1119    63.152027130126953  50.085987091064453  32.3992919921875
1120    62.583732604980469  50.701736450195312  33.162490844726562
1121    62.888252258300781  50.862346649169922  32.252235412597656
1122    63.01654052734375  49.776477813720703  33.139560699462891
1123    53.364921569824219  40.031089782714844  33.921962738037109
1124    53.769878387451172  39.748016357421875  32.763462066650391
1125    52.234745025634766  39.964897155761719  34.167808532714844
1126    59.125843048095703  40.065994262695312  33.659992218017578
1127    58.596591949462891  39.340267181396484  32.852806091308594
1128    57.842746734619141  39.866325378417969  33.475738525390625
1129    48.042400360107422  39.7503662109375  36.512962341308594
1130    50.568866729736328  39.839275360107422  34.690074920654297
1131    56.769207000732422  39.729381561279297  33.156745910644531
1132    57.357707977294922  39.276317596435547  32.636707305908203
1133    56.26116943359375  39.276119232177734  32.338214874267578
1134    55.47686767578125  39.809947967529297  33.177688598632812
1135    54.305526733398438  40.033992767333984  33.815872192382812
1136    52.058322906494141  39.717941284179688  32.764686584472656
1137    39.579708099365234  39.511123657226562  35.779659271240234
1138    41.8951416015625  39.573593139648438  34.886924743652344
1139    40.079631805419922  39.531333923339844  33.939212799072266
1140    44.174411773681641  39.636997222900391  37.061153411865234
1141    63.769706726074219  46.445270538330078  32.456081390380859
1142    63.318897247314453  47.14312744140625  33.578758239746094
1143    63.4749755859375  47.700950622558594  32.853195190429688
1144    63.415958404541016  46.298038482666016  33.351127624511719
1145    61.878433227539062  40.695934295654297  33.496341705322266
1146    61.418487548828125  39.998760223388672  32.984405517578125
1147    60.909591674804688  40.447975158691406  33.697532653808594
1148    60.134452819824219  39.632129669189453  33.008090972900391
1149    59.918861389160156  40.317222595214844  33.853527069091797
1150    61.812557220458984  39.482753753662109  32.460662841796875
1151    61.076042175292969  39.3616943359375  32.577842712402344
1152    71.258918762207031  49.47454833984375  32.692325592041016
1153    62.375789642333984  51.501808166503906  32.438209533691406
1154    61.961841583251953  51.448726654052734  33.11297607421875
1155    54.950359344482422  51.563983917236328  33.697444915771484
1156    54.422828674316406  51.857139587402344  32.862400054931641
1157    55.781452178955078  51.994747161865234  32.470390319824219
1158    55.900707244873047  51.707004547119141  33.300827026367188
1159    60.869533538818359  51.599418640136719  33.427154541015625
1160    61.637630462646484  51.887531280517578  32.758636474609375
1161    59.490787506103516  51.973690032958984  32.9876708984375
1162    60.799171447753906  52.053066253662109  32.801837921142578
1163    59.414897918701172  51.528701782226562  33.70672607421875
1164    57.915878295898438  52.047313690185547  32.821926116943359
1165    58.182304382324219  51.684474945068359  33.493606567382812
1166    51.631843566894531  51.819248199462891  34.352317810058594
1167    50.458438873291016  52.071102142333984  33.679611206054688
1168    52.101333618164062  51.998142242431641  32.915821075439453
1169    56.921730041503906  52.086921691894531  32.595127105712891
1170    56.830028533935547  51.793926239013672  33.209877014160156
1171    56.861469268798828  52.186702728271484  32.081577301025391
1172    46.323959350585938  52.506309509277344  34.086376190185547
1173    47.322593688964844  52.404006958007812  33.755401611328125
1174    47.750198364257812  52.422481536865234  32.515907287597656
1175    53.654376983642578  51.645133972167969  33.7166748046875
1176    53.374790191650391  51.932914733886719  32.736076354980469
1177    52.672985076904297  51.786262512207031  33.601882934570312
1178    71.119422912597656  49.024059295654297  32.169246673583984
1179    63.110980987548828  48.468379974365234  33.748924255371094
1180    63.405441284179688  48.882652282714844  32.593154907226562
1181    7.6649937629699707  47.784069061279297  38.497913360595703
1182    7.4413585662841797  48.666580200195312  34.310165405273438
1183    7.5843191146850586  49.558139801025391  35.195888519287109
1184    49.256851196289062  52.063121795654297  35.676994323730469
1185    48.549613952636719  52.263641357421875  33.885078430175781
1186    63.076652526855469  49.253147125244141  33.404426574707031
1187    -0.43246370553970337  50.099868774414062  33.507007598876953
1188    -0.31411820650100708  49.01513671875  33.126182556152344
1189    54.184967041015625  33.471519470214844  33.616718292236328
1190    42.480209350585938  33.285549163818359  33.353580474853516
1191    37.862281799316406  33.247627258300781  33.781429290771484
1192    42.152690887451172  33.286659240722656  36.870880126953125
1193    58.961662292480469  34.256858825683594  33.482479095458984
1194    57.687397003173828  34.172946929931641  33.016403198242188
1195    25.156139373779297  34.559146881103516  32.624942779541016
1196    25.537836074829102  34.906986236572266  33.336540222167969
1197    24.969417572021484  35.071109771728516  32.800251007080078
1198    55.449642181396484  33.598278045654297  33.344017028808594
1199    60.451690673828125  34.392044067382812  33.469959259033203
1200    57.391334533691406  33.822021484375  33.817626953125
1201    56.331520080566406  33.64990234375  33.875408172607422
1202    29.874361038208008  33.379188537597656  34.333377838134766
1203    28.352592468261719  33.537254333496094  33.628803253173828
1204    27.302509307861328  33.668132781982422  32.876842498779297
1205    26.076444625854492  34.055164337158203  32.854640960693359
1206    62.612594604492188  33.681427001953125  33.768547058105469
1207    32.164024353027344  33.279659271240234  34.162738800048828
1208    28.962587356567383  38.473945617675781  34.874332427978516
1209    28.322139739990234  38.457305908203125  33.044151306152344
1210    26.122018814086914  37.853202819824219  33.144779205322266
1211    26.251571655273438  38.213134765625  32.059684753417969
1212    25.191505432128906  37.892250061035156  32.066165924072266
1213    25.355983734130859  37.384056091308594  32.938140869140625
1214    31.755498886108398  38.763729095458984  35.433818817138672
1215    32.996177673339844  38.90447998046875  33.250522613525391
1216    30.598995208740234  38.652767181396484  34.023410797119141
1217    26.740921020507812  38.179668426513672  33.242774963378906
1218    27.302902221679688  38.322402954101562  33.079338073730469
1219    26.77264404296875  38.268131256103516  32.534553527832031
1220    37.118106842041016  39.407814025878906  34.022857666015625
1221    38.466697692871094  39.482112884521484  34.490558624267578
1222    34.119670867919922  39.071788787841797  33.423347473144531
1223    36.562149047851562  39.369525909423828  32.908229827880859
1224    62.192951202392578  34.085105895996094  33.514839172363281
1225    24.972097396850586  35.995235443115234  32.941551208496094
1226    61.468406677246094  34.346637725830078  33.448001861572266
1227    24.366632461547852  37.569629669189453  31.853427886962891
1228    24.133392333984375  37.174274444580078  31.941474914550781
1229    24.688997268676758  37.102436065673828  32.425521850585938
1230    7.7218694686889648  31.396913528442383  31.309791564941406
1231    7.6924586296081543  37.109523773193359  39.747245788574219
1232    25.168346405029297  36.881649017333984  33.062900543212891
1233    22.082668304443359  52.902938842773438  37.128032684326172
1234    19.596397399902344  52.914443969726562  37.843025207519531
1235    19.380146026611328  52.905620574951172  36.624771118164062
1236    6.4855637550354004  0.12190105020999908  44.400524139404297
1237    2.4010641574859619  0.75114971399307251  36.237701416015625
1238    6.7853078842163086  0.10020144283771515  34.209323883056641
1239    17.952524185180664  -0.23292125761508942  34.662651062011719
1240    58.795864105224609  52.2174072265625  32.245792388916016
1241    61.867031097412109  51.978977203369141  32.282485961914062
1242    61.280841827392578  52.13970947265625  32.424652099609375
1243    60.318313598632812  52.194549560546875  32.355522155761719
1244    57.564544677734375  52.207542419433594  32.326892852783203
1245    46.148326873779297  52.571365356445312  32.944057464599609
1246    45.000377655029297  52.635532379150391  33.536304473876953
1247    32.024662017822266  52.858989715576172  35.575302124023438
1248    27.596492767333984  52.878730773925781  36.323516845703125
1249    31.201702117919922  52.865211486816406  34.185073852539062
1250    24.020841598510742  52.897384643554688  35.174571990966797
1251    26.976779937744141  52.886741638183594  34.386898040771484
1252    35.755298614501953  52.830883026123047  35.732212066650391
1253    35.434516906738281  52.839244842529297  33.797920227050781
1254    39.204891204833984  52.787380218505859  34.050243377685547
1255    6.2278013229370117  12.846235275268555  31.414705276489258
1256    5.6005463600158691  12.179431915283203  30.960943222045898
1257    4.9737482070922852  12.953953742980957  31.149948120117188
1258    6.5776443481445312  12.015142440795898  31.317155838012695
1259    66.87213134765625  13.128080368041992  31.137470245361328
1260    4.2462325096130371  12.26486873626709  30.842121124267578
1261    3.2008519172668457  12.279788017272949  30.831775665283203
1262    3.1822922229766846  13.010197639465332  31.092416763305664
1263    2.1019186973571777  12.234475135803223  30.887434005737305
1264    67.714340209960938  12.247203826904297  30.840873718261719
1265    66.98992919921875  11.427182197570801  30.444507598876953
1266    65.924453735351562  12.221033096313477  30.903959274291992
1267    1.7108042240142822  13.026309013366699  31.187061309814453
1268    0.90931302309036255  12.702946662902832  31.259160995483398
1269    0.97627902030944824  13.361720085144043  31.406036376953125
1270    70.434333801269531  11.283732414245605  30.757595062255859
1271    70.257225036621094  12.011878967285156  31.064708709716797
1272    6.7775583267211914  11.252372741699219  31.084737777709961
1273    69.219863891601562  12.175827026367188  30.91071891784668
1274    68.524848937988281  11.487922668457031  30.516691207885742
1275    69.712493896484375  11.428871154785156  30.628284454345703
1276    65.46142578125  13.055251121520996  31.218524932861328
1277    64.663719177246094  12.700478553771973  31.338283538818359
1278    64.720741271972656  13.391177177429199  31.46910285949707
1279    69.911231994628906  12.84442138671875  31.277009963989258
1280    68.616058349609375  12.975802421569824  31.134769439697266
1281    0.89251518249511719  11.697708129882812  30.896808624267578
1282    2.0216162204742432  11.355783462524414  30.472417831420898
1283    65.655044555664062  11.323910713195801  30.489326477050781
1284    64.603279113769531  11.658777236938477  30.965061187744141
1285    6.071876049041748  11.424289703369141  30.717535018920898
1286    3.3881242275238037  11.568989753723145  30.500789642333984
1287    4.9509177207946777  11.520828247070312  30.547294616699219
1288    1.8016166687011719  15.696574211120605  31.213546752929688
1289    0.90384906530380249  16.05552864074707  31.335756301879883
1290    1.8494335412979126  16.490571975708008  30.962638854980469
1291    6.36370849609375  15.541962623596191  31.495151519775391
1292    5.4617352485656738  15.732440948486328  31.211030960083008
1293    6.3357505798339844  16.290378570556641  31.343471527099609
1294    4.3031196594238281  15.94813346862793  31.035381317138672
1295    5.1269369125366211  16.663583755493164  30.870964050292969
1296    3.4533898830413818  16.580333709716797  30.803873062133789
1297    64.994644165039062  17.3333740234375  30.735912322998047
1298    64.431251525878906  16.999305725097656  31.159631729125977
1299    64.307258605957031  17.789752960205078  30.839752197265625
1300    65.591049194335938  16.510190963745117  30.970943450927734
1301    2.995603084564209  15.791767120361328  31.085485458374023
1302    0.6994941234588623  16.924760818481445  31.112127304077148
1303    65.546470642089844  15.702643394470215  31.218439102172852
1304    64.646575927734375  16.083225250244141  31.377635955810547
1305    70.104560852050781  15.558756828308105  31.435136795043945
1306    69.2017822265625  15.739058494567871  31.194858551025391
1307    68.043266296386719  15.951181411743164  31.032112121582031
1308    1.2528454065322876  17.293727874755859  30.726234436035156
1309    0.56676363945007324  17.701925277709961  30.811887741088867
1310    70.076583862304688  16.298202514648438  31.266244888305664
1311    68.8675537109375  16.666053771972656  30.85523796081543
1312    67.194221496582031  16.585872650146484  30.803089141845703
1313    66.736572265625  15.796088218688965  31.085628509521484
1314    53.441184997558594  8.3667545318603516  31.191413879394531
1315    7.9503068923950195  9.9192657470703125  35.810066223144531
1316    71.365791320800781  11.517848968505859  33.425987243652344
1317    47.3968505859375  8.1996545791625977  31.558813095092773
1318    63.143409729003906  27.467172622680664  31.142509460449219
1319    22.108688354492188  23.148750305175781  30.445812225341797
1320    21.90660285949707  23.689434051513672  30.703348159790039
1321    70.121925354003906  17.346525192260742  30.88081169128418
1322    69.109024047851562  17.55415153503418  30.431678771972656
1323    67.765853881835938  17.450698852539062  30.361928939819336
1324    66.132774353027344  17.370672225952148  30.487190246582031
1325    4.0254044532775879  17.447000503540039  30.364774703979492
1326    2.3914165496826172  17.355260848999023  30.48512077331543
1327    6.3822951316833496  17.358737945556641  30.964859008789062
1328    5.368802547454834  17.55430793762207  30.446857452392578
1329    7.6998615264892578  26.339212417602539  37.835407257080078
1330    1.8536155223846436  46.455440521240234  31.434926986694336
1331    0.87757241725921631  46.352245330810547  31.752897262573242
1332    6.3117246627807617  46.201301574707031  31.666345596313477
1333    5.0240569114685059  46.234901428222656  31.380338668823242
1334    3.2580697536468506  46.223556518554688  31.321010589599609
1335    67.000656127929688  46.229148864746094  31.320579528808594
1336    65.5960693359375  46.486492156982422  31.426017761230469
1337    64.614944458007812  46.500423431396484  31.719242095947266
1338    70.054435729980469  46.247802734375  31.639152526855469
1339    68.766441345214844  46.244346618652344  31.376747131347656
1340    -0.14736464619636536  47.646862030029297  33.285736083984375
1341    -0.31801024079322815  42.498847961425781  31.6234130859375
1342    58.860805511474609  52.228656768798828  31.580249786376953
1343    60.007358551025391  52.195503234863281  31.712799072265625
1344    57.763362884521484  52.2442626953125  31.763933181762695
1345    55.380680084228516  52.229442596435547  31.493133544921875
1346    62.185874938964844  51.784866333007812  31.886299133300781
1347    61.328765869140625  52.081623077392578  31.868724822998047
1348    12.860617637634277  52.761207580566406  36.823196411132812
1349    15.229682922363281  52.881961822509766  37.555294036865234
1350    8.4129390716552734  51.698070526123047  35.554969787597656
1351    7.9325003623962402  50.682174682617188  37.850914001464844
1352    57.927879333496094  37.48046875  31.900850296020508
1353    23.778280258178711  37.384578704833984  31.464200973510742
1354    56.985374450683594  37.717990875244141  31.658411026000977
1355    62.0936279296875  37.309532165527344  31.656387329101562
1356    61.992874145507812  38.622505187988281  31.985864639282227
1357    61.141147613525391  37.607315063476562  31.975751876831055
1358    60.155597686767578  37.912399291992188  32.12445068359375
1359    61.179798126220703  38.675361633300781  32.220432281494141
1360    60.400821685791016  38.844184875488281  32.406520843505859
1361    59.154411315917969  38.447906494140625  32.317378997802734
1362    57.798053741455078  38.5272216796875  32.190620422363281
1363    58.926734924316406  37.150920867919922  32.008270263671875
1364    56.770816802978516  38.633907318115234  31.939607620239258
1365    59.887363433837891  36.592548370361328  32.05816650390625
1366    -0.48171526193618774  37.200679779052734  32.846599578857422
1367    61.110752105712891  36.430961608886719  31.981782913208008
1368    71.369132995605469  38.717720031738281  29.109588623046875
1369    71.422927856445312  35.952220916748047  28.307403564453125
1370    35.691967010498047  39.288375854492188  32.175567626953125
1371    42.681049346923828  52.727535247802734  33.149314880371094
1372    67.338409423828125  40.342174530029297  26.552061080932617
1373    66.429672241210938  40.172897338867188  25.875783920288086
1374    65.535736083984375  40.240833282470703  26.565526962280273
1375    70.5247802734375  39.767074584960938  26.347036361694336
1376    70.109092712402344  39.820884704589844  25.750310897827148
1377    69.556747436523438  40.137054443359375  26.455224990844727
1378    68.840370178222656  40.099910736083984  25.790494918823242
1379    68.65631103515625  40.281608581542969  26.481019973754883
1380    67.569648742675781  40.189929962158203  25.857101440429688
1381    64.12542724609375  39.695056915283203  25.887052536010742
1382    64.518775939941406  40.017868041992188  26.46418571472168
1383    65.045234680175781  40.020149230957031  25.864253997802734
1384    6.7839565277099609  39.751422882080078  26.551015853881836
1385    6.4018354415893555  39.783851623535156  25.87481689453125
1386    5.810849666595459  40.139862060546875  26.508132934570312
1387    5.0912728309631348  40.093284606933594  25.833284378051758
1388    4.9081640243530273  40.284008026123047  26.49677848815918
1389    3.5881307125091553  40.34112548828125  26.556777954101562
1390    3.8046908378601074  40.185279846191406  25.873386383056641
1391    22.638240814208984  51.98382568359375  26.771196365356445
1392    13.265048027038574  51.877479553222656  26.033267974853516
1393    27.744232177734375  51.950199127197266  25.073951721191406
1394    39.755088806152344  52.026424407958984  26.666957855224609
1395    7.6138463020324707  51.857128143310547  25.074176788330078
1396    13.14879035949707  51.871688842773438  23.986387252807617
1397    6.0023002624511719  51.796092987060547  26.440883636474609
1398    3.6289150714874268  51.915912628173828  25.150995254516602
1399    2.4128649234771729  51.865768432617188  26.813091278076172
1400    1.1724210977554321  52.208202362060547  25.201484680175781
1401    12.39500904083252  39.225364685058594  24.814502716064453
1402    11.094432830810547  39.219490051269531  24.778581619262695
1403    11.133448600769043  38.486442565917969  25.032560348510742
1404    63.788627624511719  39.327091217041016  24.710065841674805
1405    63.615528106689453  39.086208343505859  26.251567840576172
1406    64.605010986328125  39.843265533447266  25.129837036132812
1407    15.33116626739502  38.510772705078125  24.810745239257812
1408    14.863235473632812  39.131977081298828  24.698585510253906
1409    14.304856300354004  38.542636871337891  25.006322860717773
1410    13.911147117614746  39.244121551513672  24.780250549316406
1411    13.287965774536133  38.670032501220703  25.062116622924805
1412    12.323068618774414  38.349266052246094  25.135951995849609
1413    65.857925415039062  40.079421997070312  25.196193695068359
1414    0.86443197727203369  39.868675231933594  25.133720397949219
1415    1.2868552207946777  40.0208740234375  25.844083786010742
1416    2.0884606838226318  40.069831848144531  25.234773635864258
1417    7.3793821334838867  39.101203918457031  26.969266891479492
1418    7.3070573806762695  39.075401306152344  25.484785079956055
1419    6.3690776824951172  39.762588500976562  25.193157196044922
1420    5.2839217185974121  40.033782958984375  25.065715789794922
1421    3.794283390045166  40.126804351806641  25.288722991943359
1422    63.45819091796875  38.603069305419922  25.197538375854492
1423    70.030326843261719  39.793968200683594  25.010957717895508
1424    2.6650218963623047  40.167526245117188  25.884449005126953
1425    1.781089186668396  40.236137390136719  26.552791595458984
1426    71.136428833007812  39.15496826171875  26.246089935302734
1427    70.875419616699219  39.290813446044922  25.132255554199219
1428    69.059745788574219  40.040973663330078  24.981916427612305
1429    67.594917297363281  40.138896942138672  25.236177444458008
1430    43.948665618896484  51.968772888183594  24.731130599975586
1431    66.142257690429688  51.780784606933594  26.592559814453125
1432    63.076862335205078  51.851802825927734  26.177204132080078
1433    64.653160095214844  51.873176574707031  25.098432540893555
1434    59.727867126464844  51.895343780517578  27.300376892089844
1435    52.623882293701172  51.957542419433594  25.989276885986328
1436    60.441444396972656  51.891819000244141  24.365165710449219
1437    20.297674179077148  38.306236267089844  25.833810806274414
1438    19.827051162719727  38.391822814941406  25.15846061706543
1439    19.142847061157227  37.978347778320312  25.903076171875
1440    18.20323371887207  36.875583648681641  26.168495178222656
1441    18.303718566894531  37.475711822509766  25.836536407470703
1442    17.678766250610352  36.976192474365234  25.536943435668945
1443    17.298303604125977  37.707035064697266  24.976127624511719
1444    17.030000686645508  37.068607330322266  25.136323928833008
1445    -0.38081276416778564  38.831687927246094  24.25761604309082
1446    -0.26113218069076538  39.259918212890625  26.204013824462891
1447    -0.28049355745315552  39.132892608642578  25.090934753417969
1448    -0.43240317702293396  38.560806274414062  26.123489379882812
1449    14.717611312866211  37.63873291015625  25.101682662963867
1450    13.268539428710938  37.674484252929688  25.191692352294922
1451    14.125508308410645  36.518215179443359  25.170402526855469
1452    15.151894569396973  36.839317321777344  25.132387161254883
1453    19.063636779785156  38.361431121826172  24.911947250366211
1454    11.54599666595459  37.444690704345703  25.182256698608398
1455    10.548467636108398  37.725059509277344  25.09416389465332
1456    10.507720947265625  37.052574157714844  25.074502944946289
1457    10.057299613952637  38.222980499267578  24.905975341796875
1458    9.8807477951049805  37.358898162841797  24.91264533996582
1459    17.146417617797852  36.078987121582031  25.324321746826172
1460    17.688053131103516  36.018669128417969  25.767044067382812
1461    71.409881591796875  36.335727691650391  24.246257781982422
1462    71.311981201171875  38.171352386474609  24.135726928710938
1463    71.345146179199219  38.295246124267578  27.000675201416016
1464    15.801527976989746  37.522274017333984  24.961248397827148
1465    10.364867210388184  38.907707214355469  24.800771713256836
1466    7.7354373931884766  37.843997955322266  25.645772933959961
1467    -0.10157110542058945  39.424049377441406  25.719745635986328
1468    0.061038851737976074  39.497367858886719  24.761276245117188
1469    15.79818058013916  36.413455963134766  25.075410842895508
1470    63.319362640380859  37.520038604736328  25.758543014526367
1471    53.701339721679688  36.053062438964844  26.327787399291992
1472    53.667713165283203  37.042537689208984  26.463535308837891
1473    54.153961181640625  36.836875915527344  26.890171051025391
1474    53.916465759277344  37.507392883300781  26.949575424194336
1475    53.140155792236328  36.514987945556641  25.996850967407227
1476    53.012889862060547  37.312808990478516  26.19651985168457
1477    12.428056716918945  36.360076904296875  25.132719039916992
1478    51.5194091796875  37.592044830322266  25.659374237060547
1479    52.237335205078125  37.517269134521484  25.950244903564453
1480    51.787757873535156  37.095424652099609  25.486904144287109
1481    52.421382904052734  36.801082611083984  25.707220077514648
1482    53.184780120849609  35.188426971435547  26.071159362792969
1483    53.087364196777344  35.781112670898438  25.91261100769043
1484    10.003999710083008  36.422756195068359  24.763465881347656
1485    10.994741439819336  36.408851623535156  25.039745330810547
1486    17.702411651611328  35.262237548828125  25.663385391235352
1487    18.118976593017578  35.566989898681641  26.195772171020508
1488    18.008520126342773  36.328838348388672  26.099065780639648
1489    71.431243896484375  32.808506011962891  22.543209075927734
1490    63.22955322265625  34.180274963378906  24.961858749389648
1491    14.594860076904297  35.567901611328125  25.011802673339844
1492    13.502288818359375  35.598598480224609  24.975254058837891
1493    53.773963928222656  35.137741088867188  26.491680145263672
1494    52.613857269287109  35.281631469726562  25.758560180664062
1495    52.457839965820312  35.937252044677734  25.63310432434082
1496    51.474452972412109  36.217189788818359  25.19523811340332
1497    51.681632995605469  35.070297241210938  25.451595306396484
1498    10.586992263793945  35.791790008544922  24.71638298034668
1499    11.487707138061523  35.656909942626953  24.851251602172852
1500    15.131728172302246  36.056388854980469  25.122795104980469
1501    15.283385276794434  35.456130981445312  24.996471405029297
1502    15.696006774902344  35.701553344726562  25.032585144042969
1503    15.787164688110352  35.131160736083984  24.789579391479492
1504    54.25128173828125  35.897872924804688  26.916254043579102
1505    48.200847625732422  38.369518280029297  25.792291641235352
1506    49.432929992675781  38.046367645263672  25.232572555541992
1507    48.369194030761719  38.231178283691406  25.190752029418945
1508    49.603542327880859  38.263782501220703  25.95421028137207
1509    46.717166900634766  38.334793090820312  25.079080581665039
1510    43.198020935058594  38.505523681640625  25.337858200073242
1511    41.340778350830078  38.422901153564453  24.435914993286133
1512    38.749252319335938  38.558448791503906  25.683813095092773
1513    46.453819274902344  38.273456573486328  24.444965362548828
1514    45.213165283203125  38.357215881347656  24.464874267578125
1515    50.335018157958984  38.268684387207031  26.304098129272461
1516    50.637149810791016  37.895183563232422  25.61817741394043
1517    43.420791625976562  38.337047576904297  24.088441848754883
1518    31.960811614990234  38.530857086181641  24.414569854736328
1519    27.901802062988281  38.567779541015625  25.755407333374023
1520    0.74736100435256958  40.007942199707031  26.403676986694336
1521    0.36505961418151855  39.748218536376953  25.771690368652344
1522    71.221336364746094  38.799373626708984  25.019311904907227
1523    53.391117095947266  37.734031677246094  26.746543884277344
1524    52.582435607910156  37.918697357177734  26.549989700317383
1525    51.504959106445312  38.045047760009766  26.282173156738281
1526    26.3232421875  38.539180755615234  27.117975234985352
1527    24.326393127441406  38.554088592529297  25.688741683959961
1528    24.280073165893555  38.473445892333984  27.799535751342773
1529    22.406040191650391  38.368064880371094  27.40800666809082
1530    21.522176742553711  38.381237030029297  26.3115234375
1531    21.336627960205078  38.582138061523438  24.791250228881836
1532    18.12544059753418  38.086444854736328  24.968996047973633
1533    36.09979248046875  38.476100921630859  24.488166809082031
1534    33.690567016601562  38.6048583984375  26.992103576660156
1535    -0.18265749514102936  7.6469030380249023  25.428125381469727
1536    0.22021913528442383  8.1354598999023438  24.672630310058594
1537    0.055668208748102188  8.0546541213989258  23.354787826538086
1538    -0.4056471586227417  6.8304300308227539  27.925693511962891
1539    -0.30021512508392334  7.9990983009338379  28.911487579345703
1540    -0.44384896755218506  7.5577468872070312  31.736984252929688
1541    -0.45652285218238831  6.7031779289245605  37.5452880859375
1542    7.3829555511474609  8.8516941070556641  24.794710159301758
1543    3.9569180011749268  8.9097318649291992  23.589439392089844
1544    3.0396552085876465  8.7666616439819336  25.102025985717773
1545    19.457263946533203  8.7518081665039062  25.142515182495117
1546    22.832942962646484  8.6673526763916016  23.643503189086914
1547    15.023109436035156  8.6749954223632812  22.982791900634766
1548    9.899744987487793  8.8464937210083008  23.241289138793945
1549    6.046236515045166  8.9502124786376953  23.181480407714844
1550    33.862625122070312  8.6367092132568359  23.600887298583984
1551    1.0026900768280029  8.4965972900390625  25.261665344238281
1552    1.9272843599319458  8.7709627151489258  23.735462188720703
1553    0.70298862457275391  8.4960031509399414  23.588687896728516
1554    35.041061401367188  61.160671234130859  45.465755462646484
1555    34.072895050048828  61.167018890380859  40.883136749267578
1556    27.89628791809082  61.148979187011719  44.325218200683594
1557    70.750068664550781  52.651462554931641  24.528718948364258
1558    70.650497436523438  52.548343658447266  26.375478744506836
1559    69.89373779296875  52.273525238037109  25.05021858215332
1560    69.685478210449219  52.156246185302734  26.274826049804688
1561    68.231956481933594  51.980514526367188  25.470981597900391
1562    66.565589904785156  51.891197204589844  25.345073699951172
1563    71.145942687988281  53.089820861816406  25.674203872680664
1564    71.308158874511719  53.554195404052734  24.467924118041992
1565    71.314132690429688  54.327255249023438  24.813222885131836
1566    -0.39827179908752441  54.074386596679688  23.559759140014648
1567    -0.39005804061889648  53.541961669921875  24.053325653076172
1568    -0.22921609878540039  53.108058929443359  25.312583923339844
1569    7.2135510444641113  21.110383987426758  27.085317611694336
1570    7.2879066467285156  21.059537887573242  25.780843734741211
1571    7.6575961112976074  22.352216720581055  26.437528610229492
1572    69.781890869140625  8.4712648391723633  24.783428192138672
1573    69.917839050292969  8.5130634307861328  26.423612594604492
1574    70.607688903808594  8.1553449630737305  25.514158248901367
1575    68.188705444335938  8.7706584930419922  26.155017852783203
1576    68.263481140136719  8.7352838516235352  24.542476654052734
1577    1.2312866449356079  20.114303588867188  26.669715881347656
1578    0.70439815521240234  20.421266555786133  25.675470352172852
1579    1.8258359432220459  20.127588272094727  25.329135894775391
1580    65.928024291992188  8.8869409561157227  26.566877365112305
1581    66.322883605957031  8.8112497329711914  25.091255187988281
1582    63.531959533691406  8.8201122283935547  25.858087539672852
1583    59.856582641601562  8.7746944427490234  24.353063583374023
1584    4.2093710899353027  19.891164779663086  26.605035781860352
1585    2.581204891204834  19.92259407043457  26.542892456054688
1586    3.643934965133667  20.002628326416016  25.019374847412109
1587    13.392542839050293  21.547880172729492  25.117298126220703
1588    14.136487007141113  20.797769546508789  24.615394592285156
1589    14.621614456176758  21.392158508300781  25.035192489624023
1590    11.575159072875977  20.857471466064453  24.531194686889648
1591    12.835698127746582  20.781150817871094  24.592273712158203
1592    12.124489784240723  21.410717010498047  24.991598129272461
1593    11.196146965026855  21.479665756225586  24.830587387084961
1594    5.5370039939880371  20.132881164550781  25.394083023071289
1595    45.071109771728516  8.6238880157470703  26.798948287963867
1596    40.825702667236328  8.68634033203125  25.053323745727539
1597    31.602092742919922  8.6202020645141602  26.689704895019531
1598    53.013313293457031  8.7006931304931641  26.096403121948242
1599    6.6018295288085938  20.475746154785156  26.192163467407227
1600    15.200915336608887  20.878362655639648  24.601675033569336
1601    18.981042861938477  22.610687255859375  25.724147796630859
1602    18.983602523803711  22.190860748291016  24.87957763671875
1603    19.779935836791992  22.206626892089844  25.056852340698242
1604    24.883251190185547  22.187751770019531  26.810602188110352
1605    25.101673126220703  22.134145736694336  25.91737174987793
1606    27.426048278808594  22.133443832397461  26.153701782226562
1607    48.162033081054688  22.360149383544922  25.753625869750977
1608    48.217784881591797  22.479074478149414  25.365272521972656
1609    48.93426513671875  22.660007476806641  25.459257125854492
1610    48.88238525390625  22.389949798583984  26.138462066650391
1611    23.484535217285156  22.201272964477539  26.312578201293945
1612    24.657819747924805  22.039981842041016  24.5618896484375
1613    21.732742309570312  22.265295028686523  25.977611541748047
1614    21.321537017822266  22.045185089111328  24.647140502929688
1615    12.397800445556641  23.095218658447266  25.356382369995117
1616    11.614812850952148  23.540689468383789  25.203258514404297
1617    11.536016464233398  22.353086471557617  25.118919372558594
1618    12.517834663391113  22.136041641235352  25.282066345214844
1619    25.69255256652832  22.175189971923828  27.236635208129883
1620    20.273784637451172  22.328847885131836  25.654680252075195
1621    18.172441482543945  22.400991439819336  25.023681640625
1622    18.005655288696289  22.937063217163086  25.547538757324219
1623    18.290779113769531  23.345073699951172  26.107576370239258
1624    17.255414962768555  22.908697128295898  25.131610870361328
1625    70.739028930664062  20.652528762817383  26.497840881347656
1626    70.78076171875  20.700708389282227  24.786272048950195
1627    71.156898498535156  21.169456481933594  25.814714431762695
1628    15.126642227172852  23.124055862426758  25.272148132324219
1629    14.231820106506348  23.476583480834961  25.381587982177734
1630    14.328088760375977  22.327545166015625  25.305465698242188
1631    15.247295379638672  22.047927856445312  25.146524429321289
1632    13.339561462402344  22.713375091552734  25.385776519775391
1633    36.768985748291016  22.099431991577148  26.023332595825195
1634    31.900493621826172  22.120956420898438  26.271247863769531
1635    34.811725616455078  22.197956085205078  24.516630172729492
1636    69.997673034667969  20.318521499633789  25.265911102294922
1637    70.152961730957031  20.319223403930664  26.452459335327148
1638    69.166000366210938  20.025869369506836  26.597705841064453
1639    68.815826416015625  20.064216613769531  25.03363037109375
1640    15.385517120361328  21.338771820068359  24.927053451538086
1641    66.3931884765625  19.920953750610352  26.492780685424805
1642    66.518074035644531  19.999593734741211  25.121501922607422
1643    67.721122741699219  19.979465484619141  25.700447082519531
1644    65.539375305175781  20.084112167358398  25.45793342590332
1645    16.007076263427734  22.732921600341797  25.077585220336914
1646    15.946216583251953  21.712644577026367  24.87226676940918
1647    65.030563354492188  20.103351593017578  26.536401748657227
1648    64.565620422363281  20.348459243774414  25.12663459777832
1649    15.829575538635254  21.111970901489258  24.627202987670898
1650    10.885221481323242  23.153230667114258  24.95765495300293
1651    38.939956665039062  -0.50200027227401733  44.187374114990234
1652    36.553440093994141  -0.50850582122802734  42.435546875
1653    40.076168060302734  -0.48624911904335022  41.639499664306641
1654    8.35870361328125  8.9492168426513672  26.630832672119141
1655    4.0766172409057617  8.8972949981689453  26.490345001220703
1656    42.873264312744141  -0.42712834477424622  47.000301361083984
1657    41.819206237792969  22.125741958618164  25.590755462646484
1658    40.383647918701172  22.228887557983398  24.446577072143555
1659    1.6886826753616333  8.7488908767700195  26.604780197143555
1660    17.809871673583984  34.142574310302734  24.580347061157227
1661    19.037710189819336  33.743728637695312  24.491661071777344
1662    18.962762832641602  34.034378051757812  25.611417770385742
1663    17.956289291381836  34.550472259521484  25.438285827636719
1664    18.336753845214844  34.743606567382812  26.055290222167969
1665    17.235324859619141  34.993808746337891  25.122928619384766
1666    7.7561178207397461  33.473323822021484  25.570796966552734
1667    7.6935467720031738  37.385143280029297  27.213424682617188
1668    24.060230255126953  33.410869598388672  25.928398132324219
1669    25.882915496826172  33.33294677734375  25.986474990844727
1670    31.374834060668945  33.267719268798828  25.994670867919922
1671    29.650424957275391  33.268733978271484  26.245368957519531
1672    30.845972061157227  33.34088134765625  24.780452728271484
1673    28.799230575561523  33.302780151367188  25.31639289855957
1674    27.386606216430664  33.305072784423828  26.668695449829102
1675    27.287885665893555  33.321929931640625  25.077951431274414
1676    20.347597122192383  33.609081268310547  24.844404220581055
1677    19.923650741577148  33.738323211669922  25.865819931030273
1678    21.903264999389648  33.570339202880859  26.75750732421875
1679    20.794641494750977  33.618465423583984  26.070402145385742
1680    22.290935516357422  33.479709625244141  25.07158088684082
1681    51.638431549072266  26.270698547363281  26.676122665405273
1682    51.256870269775391  25.800216674804688  26.141916275024414
1683    50.728408813476562  26.58531379699707  26.570938110351562
1684    49.747898101806641  26.501049041748047  25.770748138427734
1685    49.660003662109375  26.889511108398438  26.543764114379883
1686    43.627407073974609  27.093317031860352  25.132755279541016
1687    41.449260711669922  27.07744026184082  24.306272506713867
1688    49.003715515136719  26.909526824951172  26.135005950927734
1689    48.634235382080078  26.685665130615234  25.364677429199219
1690    48.123775482177734  27.016159057617188  26.098068237304688
1691    47.377059936523438  26.908063888549805  25.419574737548828
1692    46.745738983154297  27.145877838134766  26.677064895629883
1693    44.276496887207031  27.229597091674805  26.984102249145508
1694    45.758964538574219  27.036954879760742  25.467714309692383
1695    53.121952056884766  34.528491973876953  26.361425399780273
1696    52.396724700927734  34.645626068115234  25.946931838989258
1697    12.087692260742188  35.075328826904297  24.438827514648438
1698    12.467161178588867  35.472942352294922  24.879533767700195
1699    11.018234252929688  35.243206024169922  24.328369140625
1700    15.130870819091797  35.080776214599609  24.759096145629883
1701    14.369046211242676  35.00433349609375  24.608266830444336
1702    13.23124885559082  35.006767272949219  24.512968063354492
1703    52.229297637939453  34.066902160644531  26.497770309448242
1704    51.265251159667969  34.158702850341797  25.904054641723633
1705    7.8529500961303711  35.208316802978516  24.387123107910156
1706    53.679611206054688  34.527114868164062  26.731525421142578
1707    54.183830261230469  35.007419586181641  27.06633186340332
1708    42.856575012207031  33.394950866699219  27.588174819946289
1709    40.588054656982422  33.479164123535156  25.293405532836914
1710    37.315746307373047  33.419593811035156  24.926830291748047
1711    35.461479187011719  33.284263610839844  26.837478637695312
1712    34.672359466552734  33.315765380859375  25.588109970092773
1713    32.824947357177734  33.259452819824219  26.754968643188477
1714    32.895584106445312  33.312385559082031  25.230289459228516
1715    51.302349090576172  33.764034271240234  26.668573379516602
1716    50.289993286132812  33.686893463134766  26.423679351806641
1717    48.946727752685547  33.595550537109375  26.283946990966797
1718    47.5662841796875  33.597969055175781  25.889150619506836
1719    48.636116027832031  33.712867736816406  25.329963684082031
1720    53.841808319091797  34.335113525390625  27.318826675415039
1721    53.076362609863281  34.088790893554688  26.93701171875
1722    45.805347442626953  33.512504577636719  26.280818939208984
1723    44.669586181640625  33.660247802734375  25.068534851074219
1724    50.000457763671875  33.932315826416016  25.513984680175781
1725    39.424709320068359  27.197589874267578  24.834053039550781
1726    49.233730316162109  33.745231628417969  25.423290252685547
1727    15.011274337768555  24.237510681152344  25.232843399047852
1728    14.241815567016602  24.410306930541992  25.287160873413086
1729    13.264468193054199  23.977188110351562  25.335844039916992
1730    12.297292709350586  24.013975143432617  25.291229248046875
1731    11.784213066101074  24.368383407592773  25.13768196105957
1732    11.019391059875488  24.223161697387695  24.875707626342773
1733    15.82269287109375  23.910633087158203  25.152774810791016
1734    71.337257385253906  21.613714218139648  24.405118942260742
1735    63.482574462890625  21.712160110473633  23.678995132446289
1736    63.298912048339844  22.963668823242188  19.050230026245117
1737    50.963966369628906  23.242937088012695  26.130802154541016
1738    51.407981872558594  23.975759506225586  26.1124267578125
1739    51.637161254882812  23.335575103759766  26.488046646118164
1740    17.630979537963867  23.607816696166992  25.670143127441406
1741    17.957206726074219  24.044050216674805  26.133245468139648
1742    12.550342559814453  24.909097671508789  24.985101699829102
1743    11.609247207641602  24.849559783935547  24.907098770141602
1744    16.98390007019043  24.988449096679688  25.289592742919922
1745    17.04005241394043  24.020591735839844  25.340524673461914
1746    17.501132965087891  24.531318664550781  25.707014083862305
1747    71.402244567871094  22.418214797973633  22.258859634399414
1748    50.854789733886719  24.898933410644531  25.703384399414062
1749    51.954692840576172  24.977519989013672  26.410463333129883
1750    50.391853332519531  23.720312118530273  25.570152282714844
1751    18.01219367980957  24.837503433227539  26.241413116455078
1752    50.024478912353516  22.829599380493164  25.956018447875977
1753    49.781658172607422  22.420328140258789  26.535175323486328
1754    47.344570159912109  22.381858825683594  25.425870895385742
1755    50.965557098388672  22.683507919311523  26.761325836181641
1756    42.694271087646484  22.246402740478516  24.443302154541016
1757    13.811824798583984  24.994117736816406  25.050168991088867
1758    -0.23153163492679596  21.559171676635742  26.03216552734375
1759    43.945396423339844  22.265390396118164  24.819978713989258
1760    45.243049621582031  22.260515213012695  25.424140930175781
1761    27.104265213012695  27.317049026489258  27.365959167480469
1762    28.663774490356445  27.329191207885742  25.227664947509766
1763    26.611339569091797  27.320795059204102  25.751621246337891
1764    29.636642456054688  27.387355804443359  26.531103134155273
1765    50.531963348388672  26.092094421386719  25.821298599243164
1766    23.016536712646484  27.119319915771484  27.112491607666016
1767    24.986942291259766  27.267759323120117  25.352699279785156
1768    22.909671783447266  27.189611434936523  24.744747161865234
1769    25.251638412475586  27.266014099121094  26.735691070556641
1770    21.239625930786133  27.03870964050293  26.335952758789062
1771    20.594636917114258  27.046306610107422  24.818485260009766
1772    20.197437286376953  26.917510986328125  26.043127059936523
1773    19.208635330200195  26.635238647460938  25.849323272705078
1774    19.213432312011719  26.918146133422852  24.512752532958984
1775    18.160362243652344  25.596796035766602  26.237497329711914
1776    18.267656326293945  26.146490097045898  25.816505432128906
1777    17.589433670043945  25.612482070922852  25.503284454345703
1778    18.0587158203125  26.53544807434082  24.682291030883789
1779    30.675098419189453  27.351203918457031  25.322690963745117
1780    31.534381866455078  27.394906997680664  26.243051528930664
1781    36.907924652099609  27.255277633666992  25.358011245727539
1782    17.161342620849609  26.119691848754883  24.761842727661133
1783    32.515907287597656  27.312971115112305  24.970607757568359
1784    33.755729675292969  27.365619659423828  26.322145462036133
1785    51.985019683837891  25.801055908203125  26.560567855834961
1786    11.775041580200195  25.327308654785156  24.541303634643555
1787    11.108497619628906  24.995439529418945  24.570966720581055
1788    7.8685798645019531  25.367454528808594  25.089357376098633
1789    7.8913512229919434  26.339868545532227  23.823951721191406
1790    7.7817082405090332  28.410671234130859  24.345584869384766
1791    14.762405395507812  25.054262161254883  25.048463821411133
1792    12.539242744445801  25.560638427734375  24.411502838134766
1793    16.910078048706055  25.660642623901367  25.032526016235352
1794    15.696798324584961  25.115591049194336  24.918760299682617
1795    13.451021194458008  25.565473556518555  24.509429931640625
1796    50.695003509521484  25.646060943603516  25.669826507568359
1797    34.566116333007812  27.25587272644043  24.698925018310547
1798    15.107769966125488  25.494165420532227  24.768543243408203
1799    14.487237930297852  25.577276229858398  24.648483276367188
1800    64.141548156738281  51.851753234863281  23.888509750366211
1801    66.586845397949219  51.881671905517578  24.21916389465332
1802    53.836528778076172  51.958309173583984  23.731658935546875
1803    48.599681854248047  52.023395538330078  23.176349639892578
1804    71.118293762207031  52.991008758544922  23.156505584716797
1805    -0.25592008233070374  53.106742858886719  23.091569900512695
1806    0.18567144870758057  52.599338531494141  24.110151290893555
1807    0.18330623209476471  52.618026733398438  25.981594085693359
1808    68.840484619140625  51.994960784912109  23.827079772949219
1809    41.2725830078125  61.152774810791016  42.012283325195312
1810    37.440681457519531  61.157260894775391  38.201576232910156
1811    38.598316192626953  61.170536041259766  40.388675689697266
1812    13.12230110168457  40.224769592285156  23.706809997558594
1813    11.375800132751465  40.112140655517578  23.855472564697266
1814    12.386530876159668  39.863826751708984  24.301910400390625
1815    9.7714958190917969  39.9910888671875  23.892553329467773
1816    10.380587577819824  39.521495819091797  24.419448852539062
1817    66.77740478515625  40.216915130615234  24.434730529785156
1818    65.785598754882812  40.268230438232422  23.983047485351562
1819    65.256011962890625  40.069381713867188  24.5316162109375
1820    64.854598999023438  40.134376525878906  23.834251403808594
1821    64.376495361328125  39.839130401611328  24.406856536865234
1822    64.051765441894531  39.803855895996094  23.622219085693359
1823    15.670741081237793  39.316368103027344  24.291131973266602
1824    15.360602378845215  39.957221984863281  23.712783813476562
1825    14.68393611907959  39.661216735839844  24.335556030273438
1826    14.328106880187988  40.078472137451172  23.861015319824219
1827    13.519535064697266  39.785869598388672  24.359609603881836
1828    11.491270065307617  39.652187347412109  24.492427825927734
1829    2.9654524326324463  40.166496276855469  24.626020431518555
1830    2.3593997955322266  40.239948272705078  24.084423065185547
1831    1.5682392120361328  40.061012268066406  24.589076995849609
1832    1.3221499919891357  40.1334228515625  23.893447875976562
1833    9.4332809448242188  39.529167175292969  24.245159149169922
1834    8.8979024887084961  39.789192199707031  23.99066162109375
1835    7.3607649803161621  39.493907928466797  24.577354431152344
1836    7.0815935134887695  40.042011260986328  23.991615295410156
1837    6.1220817565917969  39.978530883789062  24.534021377563477
1838    5.563438892364502  40.255050659179688  23.957052230834961
1839    4.6134600639343262  40.155776977539062  24.565229415893555
1840    69.793464660644531  39.96466064453125  24.323907852172852
1841    5.3886713981628418  51.778614044189453  23.591928482055664
1842    1.8989682197570801  51.958614349365234  23.672735214233398
1843    66.708274841308594  40.398189544677734  23.717996597290039
1844    0.76836967468261719  52.231697082519531  24.000490188598633
1845    70.695915222167969  39.493648529052734  23.976354598999023
1846    70.298286437988281  39.941532135009766  23.617837905883789
1847    69.409637451171875  40.221752166748047  23.684741973876953
1848    68.509323120117188  40.168487548828125  24.434675216674805
1849    68.002189636230469  40.3740234375  23.73222541809082
1850    63.548023223876953  39.261528015136719  22.926076889038086
1851    8.8125286102294922  39.246807098388672  24.279350280761719
1852    9.5359506607055664  38.852752685546875  24.570335388183594
1853    3.8214373588562012  40.314949035644531  23.969362258911133
1854    0.68415796756744385  39.868156433105469  24.455215454101562
1855    0.38939696550369263  39.836929321289062  23.77265739440918
1856    71.139945983886719  38.8831787109375  24.06779670715332
1857    24.889516830444336  52.002326965332031  23.484409332275391
1858    37.910762786865234  52.013153076171875  23.674097061157227
1859    36.381618499755859  8.4811525344848633  22.469627380371094
1860    24.606021881103516  8.5432958602905273  22.70008659362793
1861    2.3243694305419922  19.996639251708984  23.757963180541992
1862    10.306279182434082  8.7688531875610352  22.570940017700195
1863    64.510787963867188  20.299463272094727  23.967746734619141
1864    63.934707641601562  20.654912948608398  23.74351692199707
1865    64.431358337402344  20.143993377685547  23.039974212646484
1866    16.918493270874023  20.693170547485352  23.284555435180664
1867    17.766242980957031  20.756568908691406  22.642654418945312
1868    17.658163070678711  21.13054084777832  23.477060317993164
1869    16.069187164306641  20.758647918701172  24.03428840637207
1870    15.989508628845215  20.353357315063477  23.169979095458984
1871    8.2650365829467773  20.531444549560547  23.895137786865234
1872    9.8175783157348633  20.239191055297852  23.381168365478516
1873    9.3452739715576172  20.849483489990234  23.972604751586914
1874    8.5004949569702148  21.393516540527344  24.290718078613281
1875    15.012496948242188  20.464448928833008  23.960258483886719
1876    14.723762512207031  20.114564895629883  23.105764389038086
1877    13.703265190124512  20.351177215576172  23.941398620605469
1878    13.14763069152832  20.032150268554688  23.149236679077148
1879    12.226784706115723  20.374935150146484  23.942680358886719
1880    11.474397659301758  20.093915939331055  23.247325897216797
1881    10.683797836303711  20.606611251831055  23.991298675537109
1882    18.510198593139648  21.097518920898438  22.805601119995117
1883    19.146560668945312  21.35066032409668  22.966279983520508
1884    18.509599685668945  21.445341110229492  23.496925354003906
1885    17.874618530273438  21.577203750610352  23.992820739746094
1886    9.0851497650146484  21.609949111938477  24.224887847900391
1887    6.9691591262817383  20.480365753173828  24.810066223144531
1888    6.8488879203796387  20.095365524291992  23.71265983581543
1889    7.8033795356750488  21.292856216430664  24.908239364624023
1890    17.177936553955078  21.489412307739258  24.192691802978516
1891    8.5685997009277344  22.193937301635742  24.336063385009766
1892    8.9717512130737305  22.553144454956055  24.284418106079102
1893    65.526618957519531  20.026098251342773  23.955984115600586
1894    67.543060302734375  19.920009613037109  24.065864562988281
1895    70.744468688964844  20.481575012207031  23.458534240722656
1896    70.29669189453125  20.325017929077148  23.92780876159668
1897    69.277542114257812  20.012613296508789  23.686407089233398
1898    62.880630493164062  8.8579092025756836  23.006486892700195
1899    61.454612731933594  8.8346405029296875  22.435422897338867
1900    16.864843368530273  21.020879745483398  23.900571823120117
1901    66.976715087890625  8.924351692199707  23.143325805664062
1902    64.170501708984375  8.833099365234375  24.069631576538086
1903    64.722862243652344  8.9203548431396484  22.892148971557617
1904    43.768291473388672  8.5493230819702148  22.690769195556641
1905    47.019100189208984  8.6371755599975586  23.25706672668457
1906    52.921375274658203  8.7058544158935547  23.861724853515625
1907    54.525535583496094  8.6306276321411133  22.242195129394531
1908    6.1997995376586914  20.155277252197266  24.421384811401367
1909    5.3245849609375  19.997154235839844  24.092624664306641
1910    70.317337036132812  8.4135761260986328  23.318967819213867
1911    69.228752136230469  8.7176876068115234  23.358066558837891
1912    4.045717716217041  19.891742706298828  23.618263244628906
1913    1.0772781372070312  20.310449600219727  24.459785461425781
1914    0.94058126211166382  20.230880737304688  23.248748779296875
1915    0.23918943107128143  20.797906875610352  24.59242057800293
1916    70.777900695800781  8.0230751037597656  24.088850021362305
1917    41.779476165771484  61.085914611816406  34.01910400390625
1918    71.244064331054688  4.2878265380859375  29.997114181518555
1919    71.36993408203125  6.1793661117553711  26.142694473266602
1920    71.076141357421875  7.760897159576416  25.65771484375
1921    71.220718383789062  7.4082412719726562  23.5478515625
1922    7.8614482879638672  38.752620697021484  24.687328338623047
1923    48.951957702636719  23.119937896728516  24.977556228637695
1924    48.095314025878906  22.764825820922852  24.933486938476562
1925    48.294956207275391  23.586830139160156  24.485418319702148
1926    46.824211120605469  22.576545715332031  24.758115768432617
1927    38.078350067138672  22.389795303344727  23.561395645141602
1928    44.157615661621094  22.375999450683594  24.224855422973633
1929    45.475822448730469  22.530975341796875  24.392864227294922
1930    43.515274047851562  22.426136016845703  23.791563034057617
1931    42.099628448486328  22.349472045898438  23.752407073974609
1932    28.494604110717773  22.078060150146484  23.885345458984375
1933    31.893058776855469  22.192346572875977  23.901641845703125
1934    9.5064687728881836  23.589006423950195  24.364046096801758
1935    9.0255327224731445  23.660299301147461  24.169803619384766
1936    9.5328969955444336  22.887165069580078  24.426876068115234
1937    49.429893493652344  23.771207809448242  24.965089797973633
1938    16.615659713745117  22.803434371948242  25.02726936340332
1939    16.528982162475586  23.497453689575195  25.141414642333984
1940    49.621929168701172  23.150247573852539  25.333431243896484
1941    10.366066932678223  22.164623260498047  24.681158065795898
1942    10.119583129882812  23.573324203491211  24.581323623657227
1943    -0.19520030915737152  21.572446823120117  24.127157211303711
1944    71.10931396484375  20.920375823974609  23.858562469482422
1945    49.967548370361328  24.544681549072266  25.165071487426758
1946    19.775882720947266  21.940946578979492  24.274658203125
1947    18.572227478027344  21.881444931030273  24.248252868652344
1948    17.591575622558594  22.03611946105957  24.557716369628906
1949    16.708505630493164  22.107826232910156  24.764297485351562
1950    16.441410064697266  21.302888870239258  24.426782608032227
1951    9.5160646438598633  22.012523651123047  24.385063171386719
1952    22.640960693359375  21.859889984130859  23.6605224609375
1953    11.048624992370605  25.437221527099609  23.886787414550781
1954    10.312520027160645  24.726242065429688  24.25587272644043
1955    16.384414672851562  25.923017501831055  24.507726669311523
1956    15.331847190856934  25.890508651733398  24.243486404418945
1957    14.262636184692383  25.970989227294922  23.882717132568359
1958    12.9930419921875  25.914199829101562  23.644353866577148
1959    49.929119110107422  25.604204177856445  25.262165069580078
1960    12.005035400390625  25.691028594970703  23.994970321655273
1961    10.14858341217041  25.289043426513672  23.573637008666992
1962    16.437108993530273  24.520013809204102  25.139463424682617
1963    16.490644454956055  25.308269500732422  24.989770889282227
1964    8.1090478897094727  24.686882019042969  24.219688415527344
1965    7.9556488990783691  25.491708755493164  24.114986419677734
1966    18.714437484741211  26.942193984985352  23.62571907043457
1967    17.808748245239258  26.816415786743164  23.095460891723633
1968    17.007062911987305  26.477470397949219  23.873594284057617
1969    16.065658569335938  26.356655120849609  23.49476432800293
1970    48.942539215087891  24.789970397949219  24.631002426147461
1971    49.010410308837891  25.765413284301758  24.745700836181641
1972    49.246467590332031  26.23246955871582  25.113883972167969
1973    48.611228942871094  26.238088607788086  24.77171516418457
1974    9.5395660400390625  24.206012725830078  24.179134368896484
1975    9.0379657745361328  24.546754837036133  23.801082611083984
1976    8.0919857025146484  22.515701293945312  24.896757125854492
1977    8.0273647308349609  23.885402679443359  24.80510139465332
1978    7.8521823883056641  23.786800384521484  25.894872665405273
1979    9.5292835235595703  24.947446823120117  23.699975967407227
1980    7.9244241714477539  26.84147834777832  22.163494110107422
1981    63.844001770019531  20.882989883422852  25.542215347290039
1982    10.685129165649414  21.16973876953125  24.507266998291016
1983    9.8955240249633789  21.295534133911133  24.298967361450195
1984    0.072787553071975708  20.806734085083008  26.413143157958984
1985    9.3358688354492188  37.881710052490234  24.68067741394043
1986    8.7977685928344727  37.511501312255859  24.470172882080078
1987    9.3134469985961914  36.950065612792969  24.605253219604492
1988    8.0752954483032227  36.915225982666016  24.581830978393555
1989    7.9569363594055176  37.992057800292969  24.820659637451172
1990    7.8793745040893555  36.59686279296875  25.096536636352539
1991    50.945362091064453  37.143455505371094  25.104084014892578
1992    8.8029022216796875  38.442863464355469  24.463457107543945
1993    49.816333770751953  37.161834716796875  24.429008483886719
1994    50.342243194580078  37.078433990478516  24.675642013549805
1995    50.157760620117188  36.319999694824219  24.481170654296875
1996    16.389745712280273  35.641952514648438  25.014532089233398
1997    16.474536895751953  36.750095367431641  25.055994033813477
1998    50.52691650390625  35.145065307617188  24.797761917114258
1999    49.665615081787109  35.299655914306641  24.240354537963867
2000    8.8719167709350586  36.588836669921875  24.260366439819336
2001    9.3952608108520508  36.191387176513672  24.351478576660156
2002    8.1194419860839844  35.686386108398438  23.763858795166016
2003    -0.28055313229560852  39.119525909423828  24.412187576293945
2004    16.662990570068359  37.718666076660156  24.847679138183594
2005    -0.17177979648113251  39.400932312011719  23.549901962280273
2006    71.221855163574219  38.749214172363281  24.583438873291016
2007    63.418128967285156  38.522903442382812  24.021308898925781
2008    50.20513916015625  37.549663543701172  24.904815673828125
2009    49.496738433837891  37.676303863525391  24.629003524780273
2010    15.591999053955078  34.554004669189453  24.102083206176758
2011    16.819431304931641  34.183368682861328  23.980276107788086
2012    16.590951919555664  34.704246520996094  24.623815536499023
2013    13.013736724853516  34.673370361328125  23.808982849121094
2014    14.234377861022949  34.589031219482422  23.867458343505859
2015    50.746253967285156  34.463874816894531  25.257686614990234
2016    50.065696716308594  34.362789154052734  24.908849716186523
2017    49.603588104248047  34.604663848876953  24.442964553833008
2018    10.012465476989746  35.577880859375  24.176332473754883
2019    10.748370170593262  34.9739990234375  23.566574096679688
2020    11.842761039733887  34.791370391845703  23.710243225097656
2021    9.1523504257202148  35.710887908935547  23.748006820678711
2022    7.9787640571594238  34.694522857666016  22.779664993286133
2023    48.494010925292969  37.957324981689453  24.623510360717773
2024    16.232194900512695  38.521011352539062  24.568798065185547
2025    47.303459167480469  37.983596801757812  24.180765151977539
2026    46.134449005126953  38.123405456542969  23.950807571411133
2027    44.891021728515625  38.170516967773438  23.691417694091797
2028    27.706062316894531  38.651065826416016  24.050098419189453
2029    24.927555084228516  38.679553985595703  24.016607284545898
2030    17.162750244140625  38.504398345947266  24.427059173583984
2031    23.175285339355469  38.685844421386719  24.170980453491211
2032    19.799129486083984  38.610729217529297  24.350044250488281
2033    18.826816558837891  38.633148193359375  24.161853790283203
2034    17.992303848266602  38.806163787841797  23.961217880249023
2035    39.399494171142578  38.296218872070312  23.674072265625
2036    47.80926513671875  26.461553573608398  24.685060501098633
2037    46.683727264404297  26.694038391113281  24.589088439941406
2038    45.343311309814453  26.797042846679688  24.319080352783203
2039    44.343475341796875  26.920040130615234  24.201862335205078
2040    43.444259643554688  26.91749382019043  23.926366806030273
2041    30.816795349121094  27.213212966918945  23.871747970581055
2042    26.914295196533203  27.293329238891602  24.436988830566406
2043    19.898763656616211  27.083480834960938  23.365758895874023
2044    25.177619934082031  27.229757308959961  23.654632568359375
2045    39.970912933349609  27.109367370605469  23.979475021362305
2046    42.866893768310547  33.596866607666016  24.956605911254883
2047    32.869808197021484  33.407669067382812  24.035137176513672
2048    46.530670166015625  33.772651672363281  24.816190719604492
2049    39.869125366210938  33.683917999267578  23.655363082885742
2050    34.759128570556641  33.392612457275391  24.351390838623047
2051    48.068119049072266  33.953147888183594  24.614112854003906
2052    49.246139526367188  34.017024993896484  24.854831695556641
2053    18.584810256958008  33.718585968017578  23.723613739013672
2054    19.823938369750977  33.569255828857422  23.514572143554688
2055    17.661788940429688  33.845493316650391  23.37165641784668
2056    25.808980941772461  33.35205078125  24.875019073486328
2057    63.855960845947266  20.697660446166992  27.031042098999023
2058    21.075458526611328  22.425683975219727  26.854536056518555
2059    21.947422027587891  22.335765838623047  26.929965972900391
2060    20.059539794921875  22.664714813232422  26.70213508605957
2061    19.9766845703125  23.017326354980469  27.605789184570312
2062    70.280899047851562  20.218452453613281  27.390592575073242
2063    0.086815826594829559  20.551198959350586  27.551078796386719
2064    35.422817230224609  21.917320251464844  28.194765090942383
2065    39.858730316162109  21.906009674072266  27.401203155517578
2066    50.616214752197266  22.224861145019531  27.532539367675781
2067    51.978984832763672  22.496994018554688  27.58299446105957
2068    24.590175628662109  22.228021621704102  27.775476455688477
2069    0.44681218266487122  20.397092819213867  26.823348999023438
2070    19.298894882202148  23.320219039916992  27.217546463012695
2071    70.763946533203125  8.1863260269165039  26.735174179077148
2072    63.976814270019531  8.9773845672607422  27.655084609985352
2073    52.584918975830078  8.6120939254760742  27.517986297607422
2074    48.922142028808594  8.525752067565918  27.825250625610352
2075    67.730522155761719  19.844509124755859  26.924325942993164
2076    64.242584228515625  20.415485382080078  26.458049774169922
2077    5.65087890625  20.024768829345703  26.945095062255859
2078    6.6371688842773438  20.322637557983398  27.532541275024414
2079    19.29945182800293  24.523500442504883  27.765920639038086
2080    19.594938278198242  23.585390090942383  27.854162216186523
2081    19.102272033691406  25.608247756958008  27.352476119995117
2082    19.624553680419922  25.387371063232422  28.073610305786133
2083    19.123205184936523  23.823579788208008  27.456283569335938
2084    53.481960296630859  23.259635925292969  27.7796630859375
2085    53.683128356933594  24.020437240600586  27.803005218505859
2086    53.501327514648438  25.627700805664062  27.914234161376953
2087    53.149215698242188  26.245183944702148  27.97783088684082
2088    19.64152717590332  26.075094223022461  27.675373077392578
2089    53.815601348876953  24.831201553344727  28.00727653503418
2090    46.967670440673828  22.159530639648438  26.41578483581543
2091    43.770942687988281  22.040498733520508  26.562494277954102
2092    49.632850646972656  22.224014282226562  27.122678756713867
2093    48.780269622802734  22.215570449829102  26.712545394897461
2094    0.56634467840194702  8.5336685180664062  26.909244537353516
2095    0.10795708745718002  8.1515417098999023  26.430002212524414
2096    71.148811340332031  7.8589181900024414  27.123931884765625
2097    17.470497131347656  8.6686601638793945  27.497310638427734
2098    27.012901306152344  8.4327459335327148  28.055055618286133
2099    11.598723411560059  8.9114265441894531  27.19383430480957
2100    40.625255584716797  8.450770378112793  27.923910140991211
2101    7.517186164855957  39.400753021240234  28.39143180847168
2102    22.906782150268555  38.346176147460938  28.530550003051758
2103    22.075752258300781  38.251422882080078  28.292743682861328
2104    19.739032745361328  37.433727264404297  27.479637145996094
2105    21.225257873535156  38.003551483154297  28.091533660888672
2106    21.228227615356445  38.245738983154297  27.203882217407227
2107    20.236898422241211  38.001022338867188  26.973884582519531
2108    19.316902160644531  37.581569671630859  26.861831665039062
2109    63.433784484863281  38.745071411132812  27.536745071411133
2110    54.511615753173828  36.764656066894531  27.571201324462891
2111    54.176357269287109  37.579742431640625  27.518455505371094
2112    54.461559295654297  37.749614715576172  28.446250915527344
2113    54.814777374267578  36.697547912597656  28.408588409423828
2114    19.221750259399414  36.939140319824219  27.268243789672852
2115    19.350696563720703  36.155616760253906  27.597408294677734
2116    39.252063751220703  38.974937438964844  28.779216766357422
2117    41.322353363037109  38.7125244140625  27.026569366455078
2118    36.717765808105469  38.750820159912109  27.905006408691406
2119    35.332439422607422  38.943809509277344  29.608665466308594
2120    26.058660507202148  38.482223510742188  28.873434066772461
2121    19.20384407043457  35.360092163085938  27.396286010742188
2122    19.681673049926758  34.811302185058594  27.737819671630859
2123    19.942928314208984  34.310874938964844  27.551427841186523
2124    19.318050384521484  34.59881591796875  27.152702331542969
2125    49.484321594238281  33.495552062988281  27.33677864074707
2126    50.658393859863281  33.563804626464844  27.240238189697266
2127    54.592796325683594  35.770523071289062  27.651399612426758
2128    54.436355590820312  34.878681182861328  27.886823654174805
2129    67.12579345703125  41.009754180908203  28.156301498413086
2130    65.925559997558594  40.580646514892578  27.456106185913086
2131    65.563972473144531  40.958248138427734  28.301738739013672
2132    64.667961120605469  40.636013031005859  28.149784088134766
2133    64.617866516113281  40.215789794921875  27.198970794677734
2134    63.859935760498047  39.871974945068359  27.758665084838867
2135    64.011032104492188  39.801017761230469  26.737697601318359
2136    0.93819403648376465  40.685600280761719  28.109111785888672
2137    0.85485702753067017  40.235584259033203  27.164323806762695
2138    0.1065533235669136  40.118846893310547  27.758701324462891
2139    0.15972362458705902  39.774494171142578  26.551450729370117
2140    5.314542293548584  40.860408782958984  28.07459831237793
2141    6.1358761787414551  40.31951904296875  27.285675048828125
2142    4.735231876373291  40.514026641845703  27.180747985839844
2143    6.4977798461914062  40.603473663330078  28.121171951293945
2144    3.382896900177002  41.012344360351562  28.154685974121094
2145    3.4681501388549805  40.612167358398438  27.32023811340332
2146    2.1810305118560791  40.584064483642578  27.446649551391602
2147    1.827118992805481  40.964179992675781  28.283121109008789
2148    2.1008439064025879  51.491744995117188  28.150636672973633
2149    0.85397732257843018  51.9097900390625  27.899141311645508
2150    69.063865661621094  40.845844268798828  28.056459426879883
2151    69.900665283203125  40.296775817871094  27.224737167358398
2152    68.483665466308594  40.506980895996094  27.168169021606445
2153    70.259979248046875  40.576011657714844  28.063558578491211
2154    4.4276666641235352  51.4156494140625  28.055700302124023
2155    8.0086736679077148  51.734859466552734  27.382806777954102
2156    6.5118680000305176  51.534347534179688  28.297073364257812
2157    67.213264465332031  40.610710144042969  27.319868087768555
2158    0.77772152423858643  52.221580505371094  26.65925407409668
2159    51.997486114501953  38.601284027099609  28.137800216674805
2160    53.499382019042969  38.041900634765625  27.407735824584961
2161    52.807220458984375  38.188362121582031  27.164339065551758
2162    0.0050699538551270962  52.251567840576172  28.532461166381836
2163    0.19826340675354004  52.416099548339844  27.294042587280273
2164    70.7579345703125  39.946849822998047  27.261829376220703
2165    70.924896240234375  40.285060882568359  28.264062881469727
2166    6.912635326385498  40.0091552734375  27.429052352905273
2167    7.1782503128051758  40.273624420166016  28.384828567504883
2168    44.990482330322266  38.873050689697266  28.110786437988281
2169    48.556636810302734  38.518913269042969  26.753896713256836
2170    45.568672180175781  38.575565338134766  26.38182258605957
2171    49.544872283935547  38.667167663574219  27.703706741333008
2172    53.700962066650391  38.266033172607422  28.176656723022461
2173    71.104301452636719  39.697849273681641  27.374265670776367
2174    71.217384338378906  39.521072387695312  27.661333084106445
2175    51.679244995117188  38.351943969726562  27.109140396118164
2176    50.512264251708984  38.408012390136719  26.846561431884766
2177    52.533500671386719  26.488330841064453  27.728984832763672
2178    51.589839935302734  26.686176300048828  27.378137588500977
2179    50.813556671142578  26.894556045532227  27.340536117553711
2180    49.956932067871094  27.008180618286133  27.329465866088867
2181    48.438400268554688  27.111831665039062  27.151594161987305
2182    20.803730010986328  33.7088623046875  26.875480651855469
2183    30.627769470214844  27.419294357299805  27.255306243896484
2184    20.843254089355469  26.921869277954102  27.176626205444336
2185    20.092767715454102  26.684051513671875  27.029123306274414
2186    21.479907989501953  26.997394561767578  27.322549819946289
2187    19.259040832519531  26.26563835144043  26.939800262451172
2188    31.955551147460938  27.418807983398438  27.240131378173828
2189    30.728412628173828  33.246829986572266  27.037841796875
2190    51.987922668457031  33.698040008544922  27.645854949951172
2191    53.981105804443359  34.198394775390625  28.253551483154297
2192    53.254749298095703  33.923442840576172  27.672956466674805
2193    19.878261566162109  33.972629547119141  26.726573944091797
2194    1.1698896884918213  51.315826416015625  28.831344604492188
2195    0.41490760445594788  51.657154083251953  28.885364532470703
2196    70.015983581542969  51.2979736328125  29.066848754882812
2197    65.013725280761719  50.994049072265625  29.176708221435547
2198    63.713272094726562  51.263988494873047  29.361141204833984
2199    7.5277299880981445  51.489036560058594  29.128973007202148
2200    8.6547765731811523  51.743789672851562  28.099231719970703
2201    11.40285587310791  51.944664001464844  28.527050018310547
2202    17.530263900756836  52.215652465820312  28.723548889160156
2203    12.047816276550293  52.185516357421875  29.435489654541016
2204    5.676915168762207  51.133930206298828  28.961069107055664
2205    65.801353454589844  41.358657836914062  28.831445693969727
2206    64.811660766601562  41.224853515625  28.940343856811523
2207    6.765540599822998  40.979259490966797  28.848186492919922
2208    6.010869026184082  41.226940155029297  28.820400238037109
2209    70.498756408691406  40.915882110595703  28.741828918457031
2210    69.753440856933594  41.194744110107422  28.779644012451172
2211    2.0630273818969727  41.357807159423828  28.814872741699219
2212    1.0869669914245605  41.242279052734375  28.884967803955078
2213    36.355007171630859  52.371086120605469  28.8271484375
2214    45.458072662353516  52.363536834716797  28.989309310913086
2215    42.025661468505859  52.49298095703125  29.57780647277832
2216    62.024566650390625  51.747821807861328  28.409706115722656
2217    53.032390594482422  52.165607452392578  28.355642318725586
2218    54.551216125488281  52.076122283935547  28.086238861083984
2219    54.810417175292969  52.273696899414062  29.083229064941406
2220    49.464805603027344  52.2528076171875  28.53801155090332
2221    53.165859222412109  52.305755615234375  28.992378234863281
2222    25.400014877319336  52.419239044189453  29.205539703369141
2223    38.985065460205078  39.169593811035156  29.619083404541016
2224    53.112640380859375  38.745250701904297  28.879112243652344
2225    53.953372955322266  38.505409240722656  28.915786743164062
2226    63.747032165527344  51.496932983398438  28.653282165527344
2227    37.901424407958984  61.171092987060547  42.1380615234375
2228    65.573768615722656  51.428421020507812  28.14201545715332
2229    70.891990661621094  52.352130889892578  28.149990081787109
2230    70.369712829589844  51.826862335205078  28.455732345581055
2231    69.388526916503906  51.603973388671875  28.149894714355469
2232    67.680564880371094  51.456386566162109  27.971342086791992
2233    55.80328369140625  52.012210845947266  27.769449234008789
2234    -0.18304809927940369  52.833957672119141  27.273225784301758
2235    71.142120361328125  52.891380310058594  27.442724227905273
2236    18.691335678100586  35.094535827636719  26.713199615478516
2237    18.620950698852539  36.199985504150391  26.767717361450195
2238    18.964731216430664  34.412635803222656  26.502006530761719
2239    18.721359252929688  37.226852416992188  26.499668121337891
2240    52.268993377685547  26.171476364135742  27.030492782592773
2241    52.492538452148438  25.562946319580078  26.854862213134766
2242    18.575305938720703  25.121786117553711  26.866983413696289
2243    18.681880950927734  25.965835571289062  26.557394027709961
2244    18.618106842041016  23.995073318481445  26.829677581787109
2245    53.015727996826172  24.820817947387695  27.22369384765625
2246    52.906795501708984  25.870502471923828  27.380678176879883
2247    71.43011474609375  37.165451049804688  38.295375823974609
2248    49.1053466796875  61.085029602050781  42.458187103271484
2249    58.489273071289062  60.863624572753906  33.646293640136719
2250    12.767841339111328  51.897506713867188  27.39436149597168
2251    28.334323883056641  52.166469573974609  27.892385482788086
2252    17.639621734619141  52.040439605712891  27.777694702148438
2253    70.092002868652344  52.078075408935547  27.419254302978516
2254    68.693977355957031  51.856964111328125  26.989757537841797
2255    63.507961273193359  51.728530883789062  27.536457061767578
2256    51.216911315917969  52.039306640625  27.412918090820312
2257    41.664821624755859  52.198314666748047  28.015401840209961
2258    47.728229522705078  52.11627197265625  27.742954254150391
2259    35.672264099121094  -0.49354907870292664  44.422904968261719
2260    33.568878173828125  -0.46062445640563965  39.490673065185547
2261    34.717849731445312  -0.50667226314544678  42.347640991210938
2262    71.300422668457031  55.726139068603516  31.81727409362793
2263    -0.41764175891876221  55.307254791259766  33.075122833251953
2264    18.962423324584961  23.135128021240234  26.561891555786133
2265    52.838825225830078  22.984405517578125  27.484090805053711
2266    52.983833312988281  23.660634994506836  27.269269943237305
2267    52.196842193603516  23.132110595703125  26.994049072265625
2268    52.265476226806641  23.946285247802734  26.692102432250977
2269    71.287445068359375  57.126796722412109  34.880805969238281
2270    71.213241577148438  56.5604248046875  50.744518280029297
2271    71.040473937988281  58.215179443359375  35.186847686767578
2272    61.11419677734375  48.616683959960938  40.495697021484375
2273    60.108417510986328  48.988567352294922  41.811809539794922
2274    60.144489288330078  49.008941650390625  39.972461700439453
2275    47.779514312744141  52.166637420654297  41.890903472900391
2276    46.875289916992188  52.307182312011719  39.691184997558594
2277    47.928176879882812  52.170291900634766  38.184436798095703
2278    71.389816284179688  48.027812957763672  35.918827056884766
2279    71.390419006347656  46.32135009765625  44.709976196289062
2280    63.041183471679688  44.603813171386719  38.447471618652344
2281    62.999874114990234  46.175449371337891  40.820587158203125
2282    63.025924682617188  46.257904052734375  38.805721282958984
2283    63.070755004882812  45.237037658691406  40.723041534423828
2284    62.982250213623047  44.391700744628906  41.062911987304688
2285    62.769855499267578  43.5074462890625  42.148181915283203
2286    62.755416870117188  43.323699951171875  40.459991455078125
2287    59.075736999511719  49.323459625244141  41.100776672363281
2288    62.806976318359375  47.062648773193359  40.25933837890625
2289    26.575279235839844  52.869800567626953  42.827796936035156
2290    23.023719787597656  52.888465881347656  43.094318389892578
2291    23.748491287231445  52.888313293457031  39.936332702636719
2292    30.580007553100586  52.848804473876953  41.959110260009766
2293    28.870229721069336  52.861095428466797  39.659313201904297
2294    32.711883544921875  52.839580535888672  40.146411895751953
2295    43.927238464355469  52.602169036865234  42.624034881591797
2296    43.59326171875  52.641620635986328  38.753646850585938
2297    45.523475646972656  52.478542327880859  39.755725860595703
2298    20.08598518371582  52.90625  42.410442352294922
2299    18.244461059570312  52.917888641357422  39.775592803955078
2300    20.350095748901367  52.908859252929688  39.183937072753906
2301    41.944080352783203  52.710201263427734  41.084171295166016
2302    15.657292366027832  52.908832550048828  40.411712646484375
2303    12.783485412597656  52.841888427734375  40.720783233642578
2304    49.264682769775391  51.9666748046875  38.43341064453125
2305    49.291797637939453  51.928005218505859  41.670623779296875
2306    50.343280792236328  51.745479583740234  40.049606323242188
2307    59.562053680419922  11.350729942321777  38.913299560546875
2308    58.556674957275391  11.099409103393555  39.386653900146484
2309    58.991737365722656  11.280393600463867  40.804836273193359
2310    57.797267913818359  10.904099464416504  40.608894348144531
2311    57.748237609863281  10.822267532348633  38.912143707275391
2312    56.793025970458984  10.564807891845703  40.164180755615234
2313    56.839778900146484  10.478711128234863  38.019302368164062
2314    55.942329406738281  10.282598495483398  39.700145721435547
2315    55.63433837890625  10.116766929626465  38.172893524169922
2316    56.368644714355469  19.41533088684082  41.285881042480469
2317    56.587722778320312  19.410417556762695  39.501628875732422
2318    57.013359069824219  19.277534484863281  40.742794036865234
2319    62.852100372314453  13.359029769897461  38.925441741943359
2320    62.450878143310547  12.704941749572754  39.160552978515625
2321    62.759380340576172  13.284423828125  40.203937530517578
2322    62.433559417724609  12.84028148651123  40.710041046142578
2323    61.969455718994141  12.388625144958496  39.844745635986328
2324    62.07086181640625  12.32902717590332  38.947399139404297
2325    47.722461700439453  8.5375890731811523  39.135795593261719
2326    49.354804992675781  8.7703561782836914  39.413330078125
2327    48.756515502929688  8.6120071411132812  36.335868835449219
2328    61.585220336914062  12.045574188232422  38.927803039550781
2329    61.116493225097656  11.986334800720215  40.438999176025391
2330    60.085273742675781  11.605481147766113  40.146949768066406
2331    60.684036254882812  11.688230514526367  38.912818908691406
2332    7.9382572174072266  10.310229301452637  41.689235687255859
2333    39.778842926025391  7.8893208503723145  40.369281768798828
2334    42.023128509521484  7.945185661315918  37.674362182617188
2335    40.237178802490234  7.8885250091552734  37.582393646240234
2336    37.7320556640625  7.856285572052002  38.156837463378906
2337    7.7114930152893066  11.546501159667969  37.783187866210938
2338    47.383338928222656  8.4407577514648438  36.303905487060547
2339    46.512870788574219  8.3704614639282227  38.859706878662109
2340    54.033870697021484  19.900842666625977  41.021030426025391
2341    53.224624633789062  20.037282943725586  40.036647796630859
2342    54.418239593505859  19.869951248168945  38.851119995117188
2343    59.710014343261719  18.808803558349609  40.577095031738281
2344    59.759490966796875  18.856344223022461  38.883884429931641
2345    60.681098937988281  18.63720703125  39.192481994628906
2346    60.621849060058594  18.592334747314453  40.805492401123047
2347    51.731380462646484  20.222282409667969  41.618305206298828
2348    51.174392700195312  20.312376022338867  39.650264739990234
2349    52.564579010009766  20.170028686523438  38.259174346923828
2350    42.201549530029297  20.971199035644531  41.163703918457031
2351    41.46270751953125  21.014322280883789  37.021671295166016
2352    44.720657348632812  20.917781829833984  37.500911712646484
2353    54.887012481689453  19.745620727539062  40.528728485107422
2354    54.812828063964844  19.778671264648438  39.448234558105469
2355    61.123802185058594  18.467601776123047  39.807933807373047
2356    61.136543273925781  18.435928344726562  40.420799255371094
2357    62.158088684082031  17.983076095581055  38.905120849609375
2358    62.687175750732422  17.268449783325195  38.944377899169922
2359    62.243198394775391  17.824655532836914  40.279533386230469
2360    62.630271911621094  17.355344772338867  40.70538330078125
2361    58.724761962890625  18.994749069213867  40.082355499267578
2362    58.875629425048828  19.056446075439453  38.169681549072266
2363    57.725662231445312  19.176303863525391  39.568199157714844
2364    2.1553361415863037  14.99616527557373  81.443618774414062
2365    3.8189494609832764  13.179676055908203  81.065460205078125
2366    3.4645156860351562  14.559605598449707  81.603164672851562
2367    55.575294494628906  19.637449264526367  39.238189697265625
2368    55.569664001464844  19.601673126220703  41.199134826660156
2369    62.982547760009766  14.043509483337402  40.736114501953125
2370    63.055133819580078  14.451756477355957  38.471286773681641
2371    61.616668701171875  18.249654769897461  40.084819793701172
2372    61.528526306152344  18.372987747192383  38.896862030029297
2373    62.929672241210938  16.422517776489258  40.420574188232422
2374    32.503383636474609  7.8196978569030762  42.436977386474609
2375    32.996131896972656  7.8214540481567383  39.267063140869141
2376    30.604713439941406  7.8108882904052734  41.095718383789062
2377    63.925914764404297  0.11335891485214233  48.434162139892578
2378    59.298931121826172  -0.15688595175743103  32.666000366210938
2379    -0.46037173271179199  9.7686872482299805  44.545726776123047
2380    -0.48868131637573242  14.992160797119141  41.556953430175781
2381    63.071266174316406  15.407792091369629  42.238147735595703
2382    57.74627685546875  19.149389266967773  41.369705200195312
2383    62.796054840087891  13.432719230651855  41.729442596435547
2384    61.196266174316406  18.406389236450195  41.203456878662109
2385    7.665494441986084  12.547711372375488  43.159332275390625
2386    -0.48196896910667419  15.955032348632812  36.442367553710938
2387    55.837398529052734  10.269840240478516  41.679092407226562
2388    54.886386871337891  9.9820280075073242  40.633285522460938
2389    61.915122985839844  12.419008255004883  41.289989471435547
2390    60.082969665527344  11.615033149719238  41.930625915527344
2391    24.9638671875  23.840002059936523  40.095588684082031
2392    24.76313591003418  23.79664421081543  39.25384521484375
2393    25.15461540222168  23.221424102783203  39.81536865234375
2394    27.048147201538086  22.195844650268555  40.943428039550781
2395    26.613725662231445  22.256717681884766  39.762050628662109
2396    28.064224243164062  21.970354080200195  39.211044311523438
2397    28.319097518920898  21.934549331665039  41.204929351806641
2398    29.72761344909668  21.775964736938477  39.620197296142578
2399    24.783866882324219  24.727115631103516  39.798324584960938
2400    25.029880523681641  25.398403167724609  40.579128265380859
2401    24.897356033325195  25.767898559570312  39.680149078369141
2402    25.196016311645508  26.135337829589844  40.265010833740234
2403    25.697711944580078  22.691074371337891  39.903598785400391
2404    26.054723739624023  22.379323959350586  39.048770904541016
2405    25.277132034301758  22.854082107543945  38.910968780517578
2406    25.32451057434082  23.362911224365234  40.71923828125
2407    49.105300903320312  20.581676483154297  42.744174957275391
2408    49.071945190429688  20.596532821655273  39.320518493652344
2409    50.109405517578125  20.464956283569336  39.197006225585938
2410    71.215415954589844  2.8138744831085205  50.27874755859375
2411    71.261642456054688  4.6073513031005859  49.619190216064453
2412    71.403129577636719  7.6021361351013184  49.397003173828125
2413    71.430030822753906  12.782970428466797  46.033290863037109
2414    36.225238800048828  7.8452239036560059  41.670391082763672
2415    52.019680023193359  9.3025732040405273  42.078578948974609
2416    52.821537017822266  9.4904413223266602  39.881000518798828
2417    52.100734710693359  9.3156518936157227  39.1146240234375
2418    51.292400360107422  9.1516122817993164  40.521427154541016
2419    50.732189178466797  9.0112323760986328  38.942726135253906
2420    50.339099884033203  8.9587631225585938  42.256309509277344
2421    24.008848190307617  7.7782039642333984  41.611152648925781
2422    27.939775466918945  7.7972745895385742  39.637310028076172
2423    24.505529403686523  7.7807784080505371  38.911182403564453
2424    22.205808639526367  7.7680239677429199  39.472808837890625
2425    20.820022583007812  7.7601122856140137  41.243564605712891
2426    19.993646621704102  7.7529153823852539  39.116771697998047
2427    24.560813903808594  34.784103393554688  40.579261779785156
2428    24.23023796081543  35.641586303710938  40.817470550537109
2429    24.325906753540039  35.659038543701172  39.762790679931641
2430    61.894447326660156  33.141292572021484  39.673858642578125
2431    62.585620880126953  32.682521820068359  40.278942108154297
2432    62.048908233642578  33.072124481201172  41.577556610107422
2433    62.540763854980469  32.772594451904297  42.026035308837891
2434    28.594701766967773  38.503795623779297  41.033485412597656
2435    30.455142974853516  38.645774841308594  39.436294555664062
2436    28.519340515136719  38.463653564453125  38.275997161865234
2437    24.316781997680664  36.604751586914062  39.691753387451172
2438    24.529096603393555  37.236904144287109  40.131198883056641
2439    24.508916854858398  37.104068756103516  39.220077514648438
2440    24.258363723754883  36.442909240722656  40.595355987548828
2441    25.890993118286133  38.147819519042969  41.217983245849609
2442    26.750247955322266  38.283061981201172  39.032337188720703
2443    25.753232955932617  38.156055450439453  39.56304931640625
2444    27.294073104858398  38.377586364746094  40.971591949462891
2445    25.05784797668457  37.810134887695312  40.609600067138672
2446    25.028495788574219  37.740211486816406  39.101383209228516
2447    39.636215209960938  39.471771240234375  40.549488067626953
2448    40.736831665039062  39.543125152587891  39.400253295898438
2449    39.905071258544922  39.491634368896484  39.011005401611328
2450    40.602901458740234  39.541194915771484  41.224872589111328
2451    49.165367126464844  33.335502624511719  38.056732177734375
2452    44.143550872802734  33.299007415771484  40.44488525390625
2453    61.282535552978516  33.2672119140625  41.450153350830078
2454    60.846855163574219  33.337947845458984  40.322284698486328
2455    54.602581024169922  40.653743743896484  40.969432830810547
2456    55.614009857177734  40.840538024902344  40.01837158203125
2457    55.045131683349609  40.700008392333984  39.077671051025391
2458    54.308097839355469  40.563751220703125  38.855854034423828
2459    49.132118225097656  39.905345916748047  42.181735992431641
2460    49.379539489746094  39.911235809326172  39.695369720458984
2461    48.3302001953125  39.834217071533203  39.913703918457031
2462    50.516208648681641  40.050563812255859  42.558563232421875
2463    51.473289489746094  40.160964965820312  39.830013275146484
2464    50.195716857910156  39.999530792236328  39.728469848632812
2465    62.493141174316406  42.850238800048828  40.881397247314453
2466    58.953605651855469  41.527908325195312  41.759517669677734
2467    59.973770141601562  41.709949493408203  40.154563903808594
2468    59.257862091064453  41.560039520263672  39.404621124267578
2469    58.012832641601562  41.350612640380859  40.108493804931641
2470    38.528751373291016  39.379806518554688  39.957244873046875
2471    37.906211853027344  39.342269897460938  38.646095275878906
2472    37.034999847412109  39.235431671142578  40.105316162109375
2473    35.867271423339844  39.123573303222656  42.275760650634766
2474    35.650867462158203  39.096427917480469  39.688095092773438
2475    34.266139984130859  38.9532470703125  41.274806976318359
2476    42.457714080810547  39.622329711914062  41.500907897949219
2477    41.946929931640625  39.593551635742188  39.187778472900391
2478    43.252056121826172  27.3265380859375  41.044769287109375
2479    41.071826934814453  27.332586288452148  39.698101043701172
2480    39.650260925292969  27.337690353393555  41.992092132568359
2481    37.78094482421875  27.344520568847656  41.438247680664062
2482    38.897903442382812  27.3394775390625  40.134346008300781
2483    36.743148803710938  27.350133895874023  39.698780059814453
2484    31.344270706176758  27.323911666870117  43.156589508056641
2485    33.397087097167969  27.348331451416016  43.392368316650391
2486    32.603633880615234  27.3355712890625  39.001609802246094
2487    25.253419876098633  26.494159698486328  39.417922973632812
2488    24.812765121459961  26.116411209106445  38.923088073730469
2489    29.633661270141602  27.262102127075195  42.038742065429688
2490    27.877870559692383  27.134880065917969  43.046760559082031
2491    28.017545700073242  27.157835006713867  40.383567810058594
2492    44.103969573974609  27.326143264770508  37.324611663818359
2493    47.867195129394531  27.308225631713867  40.177070617675781
2494    24.560857772827148  24.546743392944336  39.128562927246094
2495    25.032209396362305  24.385011672973633  40.752422332763672
2496    24.534444808959961  25.310249328613281  38.874111175537109
2497    25.621204376220703  26.571954727172852  40.328952789306641
2498    26.440578460693359  26.942920684814453  39.751903533935547
2499    25.732463836669922  26.802572250366211  39.572292327880859
2500    7.6793951988220215  19.449131011962891  41.562637329101562
2501    7.7359299659729004  25.426870346069336  51.106243133544922
2502    62.921257019042969  32.031986236572266  41.831562042236328
2503    25.254634857177734  34.051231384277344  41.141647338867188
2504    25.330549240112305  34.063816070556641  39.659492492675781
2505    26.727634429931641  33.579349517822266  40.014102935791016
2506    63.113929748535156  30.904624938964844  40.691867828369141
2507    63.108169555664062  31.248113632202148  37.850105285644531
2508    35.931388854980469  33.267654418945312  41.979568481445312
2509    34.253871917724609  33.264106750488281  39.759807586669922
2510    37.526935577392578  33.272129058837891  40.188350677490234
2511    31.638723373413086  33.285835266113281  42.4300537109375
2512    30.961814880371094  33.281585693359375  40.656322479248047
2513    62.479785919189453  27.798934936523438  39.628116607666016
2514    61.920501708984375  27.489845275878906  40.218406677246094
2515    62.467613220214844  27.923770904541016  41.935771942138672
2516    61.670341491699219  27.445156097412109  41.961669921875
2517    61.105560302734375  27.328634262084961  40.772377014160156
2518    63.115242004394531  29.881122589111328  38.884723663330078
2519    62.897422790527344  28.688119888305664  40.304492950439453
2520    54.570465087890625  9.824615478515625  38.179286956787109
2521    53.738235473632812  9.6942024230957031  40.339515686035156
2522    61.378463745117188  11.678571701049805  37.685001373291016
2523    60.315872192382812  11.372949600219727  37.771183013916016
2524    26.197370529174805  7.7860884666442871  37.718341827392578
2525    54.109317779541016  19.976163864135742  37.664047241210938
2526    63.014667510986328  16.144243240356445  37.400447845458984
2527    62.848011016845703  17.141796112060547  37.539203643798828
2528    -0.47940406203269958  19.504755020141602  34.485233306884766
2529    71.444366455078125  23.988691329956055  44.627895355224609
2530    57.632423400878906  19.285320281982422  37.938308715820312
2531    56.462848663330078  19.590387344360352  37.300029754638672
2532    62.544403076171875  17.758474349975586  37.554676055908203
2533    62.005657196044922  18.226320266723633  37.951835632324219
2534    58.793663024902344  11.028280258178711  38.005382537841797
2535    57.90997314453125  10.755367279052734  37.643539428710938
2536    59.584259033203125  11.215331077575684  37.846210479736328
2537    56.331920623779297  10.207968711853027  36.715995788574219
2538    62.912265777587891  13.063133239746094  37.4671630859375
2539    62.593158721923828  12.533336639404297  37.791824340820312
2540    62.090953826904297  12.181545257568359  38.176704406738281
2541    14.136663436889648  -0.18739274144172668  51.744514465332031
2542    -0.42290627956390381  7.1498274803161621  51.30865478515625
2543    -0.37837666273117065  5.0264596939086914  52.281562805175781
2544    62.926944732666016  32.204624176025391  38.848342895507812
2545    62.623310089111328  32.810680389404297  37.916572570800781
2546    25.262779235839844  34.20513916015625  38.508979797363281
2547    24.83476448059082  34.797096252441406  38.286945343017578
2548    25.282039642333984  34.493202209472656  37.842231750488281
2549    25.849468231201172  34.192878723144531  37.720161437988281
2550    26.11713981628418  33.804645538330078  38.568084716796875
2551    27.221296310424805  33.561504364013672  38.274845123291016
2552    26.811738967895508  33.911170959472656  37.265407562255859
2553    28.184562683105469  33.527751922607422  37.019550323486328
2554    28.64869499206543  33.388267517089844  38.432060241699219
2555    24.696073532104492  34.698780059814453  39.222751617431641
2556    50.035980224609375  27.283449172973633  36.406272888183594
2557    61.933956146240234  27.299659729003906  38.167594909667969
2558    61.143039703369141  27.261417388916016  39.290523529052734
2559    61.272903442382812  27.171987533569336  38.167327880859375
2560    60.473918914794922  27.143722534179688  38.385753631591797
2561    56.735774993896484  27.221479415893555  39.834388732910156
2562    59.108959197998047  27.153308868408203  38.381076812744141
2563    58.075523376464844  27.158491134643555  37.718650817871094
2564    59.427127838134766  27.226264953613281  40.771488189697266
2565    56.513374328613281  27.159229278564453  37.026226043701172
2566    53.043792724609375  27.263755798339844  39.222156524658203
2567    53.958927154541016  27.215770721435547  36.220333099365234
2568    30.267744064331055  33.344161987304688  36.373271942138672
2569    63.004653930664062  28.308992385864258  36.500083923339844
2570    31.021198272705078  33.288833618164062  38.618362426757812
2571    62.664203643798828  27.681449890136719  37.706886291503906
2572    24.493658065795898  35.350997924804688  38.781791687011719
2573    24.700159072875977  35.640838623046875  38.105068206787109
2574    24.436822891235352  36.319309234619141  38.814529418945312
2575    24.74116325378418  36.582054138183594  37.998092651367188
2576    35.647689819335938  39.128566741943359  37.829479217529297
2577    34.282611846923828  38.975181579589844  38.354503631591797
2578    61.880104064941406  33.335762023925781  37.630146026611328
2579    25.711771011352539  38.093921661376953  38.648616790771484
2580    26.212320327758789  37.990188598632812  37.899581909179688
2581    25.437135696411133  37.831756591796875  38.130168914794922
2582    26.128816604614258  38.225906372070312  38.753765106201172
2583    24.972904205322266  37.605571746826172  38.219959259033203
2584    24.673732757568359  37.182315826416016  38.489761352539062
2585    24.869792938232422  37.240764617919922  37.932403564453125
2586    61.298881530761719  33.351825714111328  38.940788269042969
2587    60.706386566162109  33.467327117919922  38.163288116455078
2588    60.68310546875  33.398681640625  39.300048828125
2589    59.499153137207031  33.410881042480469  40.082939147949219
2590    59.336544036865234  33.488788604736328  38.060413360595703
2591    57.059059143066406  33.418193817138672  39.561290740966797
2592    58.467777252197266  33.525245666503906  37.16845703125
2593    56.729297637939453  33.473976135253906  37.025478363037109
2594    53.359630584716797  33.383426666259766  39.047348022460938
2595    31.561874389648438  21.597503662109375  40.324188232421875
2596    32.599735260009766  21.524383544921875  37.35028076171875
2597    33.4549560546875  21.416202545166016  39.402793884277344
2598    39.582481384277344  21.046611785888672  40.925163269042969
2599    37.795692443847656  21.109243392944336  39.770259857177734
2600    39.136260986328125  21.061912536621094  37.949966430664062
2601    25.935049057006836  22.367229461669922  38.060977935791016
2602    25.793813705444336  22.356779098510742  37.273155212402344
2603    26.732410430908203  22.167840957641602  36.828639984130859
2604    24.418657302856445  23.212493896484375  37.436943054199219
2605    25.105905532836914  22.710773468017578  37.588722229003906
2606    24.614259719848633  23.384323120117188  38.302421569824219
2607    24.014165878295898  23.666757583618164  36.837017059326172
2608    24.594171524047852  22.878108978271484  36.259071350097656
2609    29.587228775024414  21.827844619750977  37.461959838867188
2610    31.063600540161133  21.678216934204102  37.656650543212891
2611    28.170156478881836  21.97734260559082  37.147945404052734
2612    36.648090362548828  21.163230895996094  38.697349548339844
2613    37.735866546630859  21.111650466918945  37.154365539550781
2614    26.917739868164062  22.131196975708008  38.370033264160156
2615    25.648483276367188  22.407247543334961  36.345470428466797
2616    62.120693206787109  18.277605056762695  36.809700012207031
2617    61.377391815185547  18.53620719909668  37.855739593505859
2618    51.433486938476562  20.340003967285156  37.296012878417969
2619    50.537212371826172  20.477519989013672  36.442813873291016
2620    60.027393341064453  18.899957656860352  37.627059936523438
2621    60.601371765136719  18.753942489624023  37.981582641601562
2622    34.140380859375  21.345064163208008  40.700607299804688
2623    35.164756774902344  21.266992568969727  38.807674407958984
2624    55.275737762451172  19.730939865112305  38.29669189453125
2625    29.57952880859375  27.267646789550781  38.117649078369141
2626    24.550905227661133  25.999208450317383  38.228279113769531
2627    24.517040252685547  26.263916015625  37.264354705810547
2628    24.128084182739258  25.301475524902344  37.597103118896484
2629    24.003305435180664  25.90290641784668  36.477085113525391
2630    27.565181732177734  27.154758453369141  37.708625793457031
2631    25.6719970703125  26.860319137573242  38.758029937744141
2632    26.163419723510742  27.01042366027832  37.74346923828125
2633    25.516031265258789  26.881912231445312  37.867897033691406
2634    25.046146392822266  26.574041366577148  38.205513000488281
2635    25.314584732055664  26.806285858154297  36.774566650390625
2636    40.029579162597656  27.341306686401367  38.360160827636719
2637    24.205421447753906  23.745151519775391  37.788845062255859
2638    24.344289779663086  24.340248107910156  38.419769287109375
2639    24.026454925537109  24.321157455444336  37.564884185791016
2640    23.800241470336914  24.562110900878906  36.790542602539062
2641    23.770988464355469  25.259994506835938  36.553829193115234
2642    40.400096893310547  33.283493041992188  40.206611633300781
2643    28.876750946044922  33.343917846679688  40.30792236328125
2644    39.019721984863281  33.272098541259766  37.860084533691406
2645    36.947975158691406  33.265232086181641  38.504364013671875
2646    36.774242401123047  39.238628387451172  38.299282073974609
2647    39.193058013916016  39.455722808837891  37.916858673095703
2648    44.178375244140625  20.912166595458984  40.710205078125
2649    0.18665774166584015  58.858978271484375  32.25811767578125
2650    1.3566272258758545  59.941947937011719  45.849197387695312
2651    1.6744827032089233  59.903041839599609  28.985889434814453
2652    6.0231032371520996  60.596233367919922  35.804328918457031
2653    62.830898284912109  47.218479156494141  38.6729736328125
2654    62.795516967773438  43.321029663085938  38.993263244628906
2655    61.944129943847656  48.220283508300781  39.52105712890625
2656    61.884334564208984  48.203861236572266  40.977378845214844
2657    60.176921844482422  49.148784637451172  38.461418151855469
2658    61.291336059570312  48.662399291992188  38.782493591308594
2659    59.132617950439453  49.372123718261719  39.452980041503906
2660    62.470390319824219  47.833415985107422  38.801296234130859
2661    62.451526641845703  47.728958129882812  39.925746917724609
2662    56.452919006347656  40.982757568359375  39.031696319580078
2663    56.360954284667969  41.021232604980469  40.754302978515625
2664    57.052726745605469  41.156230926513672  39.868762969970703
2665    60.192966461181641  41.698810577392578  38.675819396972656
2666    60.79736328125  41.898410797119141  40.798397064208984
2667    61.633571624755859  42.104969024658203  39.354892730712891
2668    60.874439239501953  41.849567413330078  39.005794525146484
2669    61.615772247314453  42.166378021240234  40.750232696533203
2670    62.514366149902344  42.772567749023438  39.588977813720703
2671    62.116439819335938  42.417098999023438  40.117931365966797
2672    62.209251403808594  42.389469146728516  39.074962615966797
2673    58.480293273925781  49.593452453613281  39.113185882568359
2674    58.039768218994141  49.677272796630859  40.433219909667969
2675    56.891250610351562  50.067974090576172  40.198524475097656
2676    56.921745300292969  50.169265747070312  38.01580810546875
2677    57.856891632080078  49.814105987548828  38.835342407226562
2678    55.993740081787109  50.365558624267578  39.765914916992188
2679    54.919361114501953  50.677696228027344  40.480461120605469
2680    55.711822509765625  50.512638092041016  38.219039916992188
2681    25.708789825439453  23.277639389038086  42.92584228515625
2682    25.568899154663086  23.294456481933594  41.820823669433594
2683    26.243844985961914  22.618986129760742  42.070812225341797
2684    26.031518936157227  22.643430709838867  40.906284332275391
2685    43.417644500732422  20.933811187744141  43.758586883544922
2686    40.175434112548828  21.026254653930664  43.826183319091797
2687    61.327323913574219  18.3885498046875  42.44219970703125
2688    60.729057312011719  18.57014274597168  42.123065948486328
2689    62.300540924072266  17.806293487548828  41.711750030517578
2690    62.682407379150391  17.347492218017578  42.145881652832031
2691    58.738765716552734  18.99620246887207  42.072727203369141
2692    59.888156890869141  18.789863586425781  42.522357940673828
2693    61.783161163330078  18.150373458862305  41.391014099121094
2694    55.179889678955078  19.709247589111328  43.110347747802734
2695    54.618492126464844  19.799825668334961  42.215225219726562
2696    27.174179077148438  22.193984985351562  42.375743865966797
2697    50.459278106689453  20.390043258666992  42.019535064697266
2698    36.510211944580078  27.355356216430664  44.202434539794922
2699    54.280857086181641  27.262889862060547  41.644496917724609
2700    50.965389251708984  27.291769027709961  43.11676025390625
2701    26.901840209960938  26.930669784545898  42.013889312744141
2702    25.413505554199219  25.850210189819336  42.046501159667969
2703    25.899892807006836  26.490896224975586  41.671348571777344
2704    25.347501754760742  26.005084991455078  41.132484436035156
2705    63.077922821044922  30.494508743286133  44.03924560546875
2706    62.903690338134766  28.773916244506836  43.324668884277344
2707    45.345378875732422  27.325469970703125  43.842555999755859
2708    41.692569732666016  27.335174560546875  43.414531707763672
2709    25.336025238037109  24.286611557006836  42.575099945068359
2710    25.220340728759766  24.038640975952148  41.529502868652344
2711    31.151453018188477  21.650396347045898  43.585186004638672
2712    29.690607070922852  21.777982711791992  42.091396331787109
2713    28.205209732055664  21.968883514404297  43.063785552978516
2714    25.181097030639648  25.071409225463867  41.640621185302734
2715    25.321805953979492  25.306488037109375  42.600082397460938
2716    52.998268127441406  9.5211324691772461  42.191661834716797
2717    47.866905212402344  8.570958137512207  42.434646606445312
2718    46.801750183105469  8.425933837890625  41.457038879394531
2719    45.538761138916016  8.2526912689208984  41.875312805175781
2720    41.716838836669922  7.958984375  42.343368530273438
2721    44.134376525878906  8.0875215530395508  39.250209808349609
2722    43.703948974609375  8.0718288421630859  44.26239013671875
2723    9.9986391067504883  8.2259521484375  44.607685089111328
2724    11.296013832092285  7.9426989555358887  41.095035552978516
2725    16.588577270507812  7.7491722106933594  42.995735168457031
2726    16.98298454284668  7.7451601028442383  39.674953460693359
2727    13.868642807006836  7.7873811721801758  41.152362823486328
2728    8.64697265625  8.9734983444213867  42.978458404541016
2729    12.011325836181641  7.8883051872253418  44.181930541992188
2730    28.699396133422852  7.7998762130737305  42.971431732177734
2731    18.87042236328125  7.7478551864624023  42.117031097412109
2732    61.363445281982422  12.071654319763184  42.364490509033203
2733    63.030902862548828  14.241826057434082  42.988689422607422
2734    61.977447509765625  12.420222282409668  42.262786865234375
2735    62.411273956298828  12.798524856567383  42.305091857910156
2736    56.018619537353516  19.529773712158203  43.019264221191406
2737    62.930423736572266  16.836330413818359  43.071773529052734
2738    57.998970031738281  10.966703414916992  42.350109100341797
2739    58.960536956787109  11.259233474731445  42.535297393798828
2740    53.121292114257812  40.393119812011719  40.000415802001953
2741    55.70794677734375  40.874362945556641  41.913265228271484
2742    56.474113464355469  41.046798706054688  42.219039916992188
2743    62.501571655273438  42.877002716064453  41.794956207275391
2744    62.499549865722656  42.854694366455078  42.705772399902344
2745    57.732318878173828  41.313949584960938  42.006313323974609
2746    60.227531433105469  41.7498779296875  42.953777313232422
2747    61.387897491455078  42.093708038330078  42.170524597167969
2748    59.956245422363281  41.722805023193359  41.431484222412109
2749    62.763431549072266  47.190654754638672  41.758987426757812
2750    57.074535369873047  41.189342498779297  41.342109680175781
2751    31.023305892944336  38.680801391601562  42.840206146240234
2752    32.714778900146484  38.814109802246094  42.474075317382812
2753    32.001972198486328  38.75421142578125  40.524234771728516
2754    27.644157409667969  38.35174560546875  42.944286346435547
2755    28.953901290893555  38.486541748046875  43.527767181396484
2756    43.007038116455078  39.650859832763672  44.343135833740234
2757    45.650100708007812  39.720207214355469  41.469146728515625
2758    44.625175476074219  39.691753387451172  44.56976318359375
2759    39.169223785400391  39.471931457519531  43.205398559570312
2760    39.272678375244141  39.456287384033203  41.981239318847656
2761    40.409011840820312  39.553340911865234  43.102630615234375
2762    58.119888305664062  49.6407470703125  42.362777709960938
2763    57.043678283691406  50.003402709960938  42.208824157714844
2764    -0.47654774785041809  40.823272705078125  45.915214538574219
2765    -0.43103450536727905  44.853385925292969  37.271595001220703
2766    59.084587097167969  49.338901519775391  42.724170684814453
2767    46.286262512207031  52.372951507568359  42.164886474609375
2768    55.842605590820312  50.395320892333984  42.043529510498047
2769    52.623699188232422  51.265209197998047  43.131149291992188
2770    51.877750396728516  51.418807983398438  42.337528228759766
2771    52.722194671630859  51.231212615966797  40.182510375976562
2772    7.8938388824462891  50.214084625244141  44.604362487792969
2773    62.117485046386719  42.480381011962891  41.598793029785156
2774    63.043704986572266  45.129005432128906  44.35906982421875
2775    63.041866302490234  45.838569641113281  42.496700286865234
2776    62.432174682617188  47.733509063720703  41.428661346435547
2777    7.6154770851135254  44.88702392578125  44.511287689208984
2778    29.080015182495117  33.355442047119141  42.3763427734375
2779    62.575897216796875  32.850749969482422  43.269374847412109
2780    25.078060150146484  34.182014465332031  42.705604553222656
2781    25.954954147338867  33.698719024658203  41.792934417724609
2782    59.421676635742188  27.18745231628418  43.721504211425781
2783    60.679443359375  27.284643173217773  42.074180603027344
2784    55.542842864990234  27.218511581420898  44.432975769042969
2785    61.079200744628906  27.270580291748047  43.40576171875
2786    24.500383377075195  34.901874542236328  42.994564056396484
2787    24.549253463745117  34.71685791015625  41.948974609375
2788    24.276802062988281  35.669548034667969  42.549900054931641
2789    24.268135070800781  35.331783294677734  41.519996643066406
2790    24.209751129150391  36.148956298828125  41.597751617431641
2791    61.303306579589844  33.307971954345703  42.963573455810547
2792    59.838005065917969  33.398330688476562  42.809364318847656
2793    62.102851867675781  33.142616271972656  43.162338256835938
2794    24.991044998168945  37.755168914794922  41.879329681396484
2795    24.480792999267578  37.130409240722656  41.481044769287109
2796    24.297677993774414  36.607936859130859  42.399345397949219
2797    40.736495971679688  33.282909393310547  42.871604919433594
2798    37.970729827880859  33.273746490478516  42.944862365722656
2799    57.337203979492188  33.396320343017578  42.7132568359375
2800    53.937053680419922  33.364887237548828  43.111194610595703
2801    47.684291839599609  33.316307067871094  45.144577026367188
2802    57.046497344970703  41.163200378417969  42.733287811279297
2803    62.819759368896484  43.430164337158203  44.049129486083984
2804    61.460590362548828  42.029594421386719  43.940914154052734
2805    62.495414733886719  42.720993041992188  43.723556518554688
2806    62.061744689941406  42.388633728027344  43.036037445068359
2807    62.859638214111328  47.038459777832031  42.962539672851562
2808    7.6962981224060059  34.577121734619141  48.690361022949219
2809    51.943405151367188  40.228141784667969  42.898441314697266
2810    46.157375335693359  39.730800628662109  45.369384765625
2811    47.561199188232422  39.802265167236328  42.823993682861328
2812    40.740108489990234  39.583114624023438  44.647438049316406
2813    53.709819793701172  40.472133636474609  43.557258605957031
2814    54.828498840332031  50.714900970458984  43.030891418457031
2815    55.361362457275391  50.589588165283203  44.074260711669922
2816    56.293464660644531  50.318241119384766  44.179588317871094
2817    58.33050537109375  49.629947662353516  43.777091979980469
2818    57.404205322265625  49.936199188232422  43.843906402587891
2819    8.4825201034545898  51.643291473388672  43.220634460449219
2820    8.6138010025024414  51.863151550292969  38.954265594482422
2821    9.4121170043945312  52.358062744140625  41.733356475830078
2822    61.166839599609375  48.614677429199219  42.089118957519531
2823    61.926010131835938  48.249313354492188  42.442157745361328
2824    61.356784820556641  48.688014984130859  43.542346954345703
2825    61.992599487304688  48.328952789306641  43.351345062255859
2826    60.448795318603516  48.952892303466797  43.158035278320312
2827    59.278499603271484  49.395164489746094  44.034019470214844
2828    59.760177612304688  49.149517059326172  43.13214111328125
2829    62.431282043457031  47.870807647705078  43.002662658691406
2830    53.73175048828125  51.005561828613281  42.834568023681641
2831    41.576828002929688  33.276866912841797  45.602333068847656
2832    38.926799774169922  33.270786285400391  45.042942047119141
2833    29.684133529663086  33.369342803955078  44.248939514160156
2834    26.056482315063477  33.752983093261719  43.018760681152344
2835    27.226829528808594  33.471534729003906  41.840763092041016
2836    27.24183464050293  33.566234588623047  43.355503082275391
2837    33.879093170166016  33.267398834228516  43.05157470703125
2838    31.81373405456543  33.293724060058594  44.671554565429688
2839    28.2393798828125  33.475479125976562  43.880939483642578
2840    24.722084045410156  34.752616882324219  43.752262115478516
2841    26.317813873291016  38.103923797607422  43.088130950927734
2842    33.904445648193359  38.956165313720703  44.840316772460938
2843    31.835353851318359  38.759147644042969  45.407081604003906
2844    25.265031814575195  37.818981170654297  42.883853912353516
2845    24.610286712646484  37.288043975830078  42.710823059082031
2846    24.396772384643555  36.557395935058594  43.293697357177734
2847    24.437620162963867  35.660072326660156  43.727840423583984
2848    38.298995971679688  39.388450622558594  43.032394409179688
2849    38.412483215332031  39.374492645263672  41.758808135986328
2850    37.171977996826172  39.274055480957031  43.135059356689453
2851    37.411823272705078  39.271530151367188  41.520530700683594
2852    35.503017425537109  -0.51289492845535278  43.469062805175781
2853    71.415634155273438  50.95849609375  43.373188018798828
2854    -0.43367612361907959  50.458339691162109  46.037906646728516
2855    22.483448028564453  52.894565582275391  45.247440338134766
2856    33.172492980957031  38.848621368408203  40.084449768066406
2857    51.819362640380859  51.425041198730469  40.522331237792969
2858    51.145236968994141  51.574932098388672  41.355678558349609
2859    53.927463531494141  50.948570251464844  39.730251312255859
2860    -0.26412543654441833  57.263515472412109  30.993627548217773
2861    -0.056434724479913712  58.553539276123047  46.552467346191406
2862    71.398262023925781  54.124629974365234  45.737686157226562
2863    45.368118286132812  52.485427856445312  42.428417205810547
2864    34.457412719726562  52.826934814453125  42.670825958251953
2865    36.214038848876953  52.816204071044922  39.177520751953125
2866    10.754076957702637  52.674598693847656  40.031238555908203
2867    51.082855224609375  51.61474609375  43.909866333007812
2868    50.173778533935547  51.774738311767578  42.908554077148438
2869    16.958194732666016  52.913070678710938  42.906875610351562
2870    70.609390258789062  58.969242095947266  48.156913757324219
2871    69.910606384277344  59.697116851806641  34.12109375
2872    56.880420684814453  19.320287704467773  42.279876708984375
2873    33.322257995605469  21.433490753173828  42.834705352783203
2874    52.739936828613281  20.101373672485352  43.086578369140625
2875    37.638656616210938  21.123130798339844  42.767898559570312
2876    36.223487854003906  21.194108963012695  41.131622314453125
2877    34.828880310058594  21.291263580322266  41.692684173583984
2878    48.076286315917969  20.698328018188477  40.081012725830078
2879    70.953727722167969  2.0403664112091064  51.657562255859375
2880    56.877170562744141  10.60069465637207  42.191967010498047
2881    51.196598052978516  9.1278648376464844  42.533073425292969
2882    7.6228222846984863  14.334012031555176  38.279830932617188
2883    7.6171865463256836  15.609576225280762  45.955112457275391
2884    45.592933654785156  8.2370176315307617  38.243412017822266
2885    56.625949859619141  50.647003173828125  35.641239166259766
2886    56.346466064453125  50.472824096679688  36.683551788330078
2887    55.685920715332031  50.804004669189453  36.005634307861328
2888    61.218330383300781  50.244884490966797  35.094104766845703
2889    60.309902191162109  50.436431884765625  35.094226837158203
2890    61.304611206054688  50.712150573730469  34.431144714355469
2891    60.072364807128906  51.041397094726562  34.304862976074219
2892    58.860267639160156  50.527549743652344  35.219043731689453
2893    58.280204772949219  51.127811431884766  34.350788116455078
2894    57.524566650390625  50.65106201171875  35.239486694335938
2895    56.674713134765625  51.020103454589844  34.776885986328125
2896    55.375835418701172  51.173542022705078  34.789096832275391
2897    61.937675476074219  50.152767181396484  34.72735595703125
2898    53.610988616943359  51.223400115966797  35.873382568359375
2899    53.519134521484375  51.409030914306641  34.719165802001953
2900    54.338527679443359  51.289089202880859  34.783432006835938
2901    54.562812805175781  51.037609100341797  36.030918121337891
2902    52.924217224121094  51.377128601074219  35.632946014404297
2903    58.534126281738281  50.150657653808594  36.050922393798828
2904    59.528831481933594  50.088466644287109  35.88458251953125
2905    57.788558959960938  50.318691253662109  35.895736694335938
2906    52.580799102783203  51.58184814453125  34.788799285888672
2907    51.510723114013672  51.659221649169922  36.089092254638672
2908    52.258037567138672  51.471832275390625  36.290557861328125
2909    50.449440002441406  51.87884521484375  35.839797973632812
2910    48.638381958007812  52.085330963134766  36.983135223388672
2911    48.248424530029297  52.177608489990234  36.082759857177734
2912    63.08050537109375  47.658370971679688  34.499710083007812
2913    62.655223846435547  48.683246612548828  35.196170806884766
2914    62.981132507324219  47.587459564208984  35.293571472167969
2915    71.336654663085938  46.683868408203125  33.788722991943359
2916    63.022365570068359  47.216259002685547  35.736446380615234
2917    7.6040635108947754  45.804416656494141  34.734539031982422
2918    62.662899017333984  49.7061767578125  34.089534759521484
2919    62.225780487060547  49.588062286376953  35.095500946044922
2920    61.574947357177734  49.833969116210938  35.464740753173828
2921    60.659507751464844  49.974224090576172  35.723140716552734
2922    57.047664642333984  50.436946868896484  35.926425933837891
2923    62.147571563720703  50.54046630859375  34.047435760498047
2924    40.309314727783203  52.758918762207031  37.853935241699219
2925    32.44073486328125  52.848262786865234  37.519783020019531
2926    43.042530059814453  52.696018218994141  35.401912689208984
2927    52.881446838378906  9.1571531295776367  34.580245971679688
2928    53.023410797119141  9.2505006790161133  35.105785369873047
2929    53.244396209716797  9.057438850402832  34.006282806396484
2930    57.703781127929688  9.5993270874023438  34.479106903076172
2931    56.927181243896484  9.2494258880615234  33.937538146972656
2932    56.351348876953125  9.6513280868530273  34.863349914550781
2933    55.895549774169922  9.205108642578125  33.888092041015625
2934    58.255771636962891  8.9766530990600586  33.498065948486328
2935    59.416763305664062  9.619776725769043  34.355625152587891
2936    60.132282257080078  9.0306892395019531  33.503391265869141
2937    55.127162933349609  9.4764442443847656  34.877773284912109
2938    54.808208465576172  9.0634241104125977  33.630058288574219
2939    53.975692749023438  9.339289665222168  34.904514312744141
2940    55.724082946777344  8.9215154647827148  33.175773620605469
2941    56.658668518066406  8.8451662063598633  33.126792907714844
2942    61.477565765380859  9.1486349105834961  33.419048309326172
2943    61.89739990234375  9.6665210723876953  33.928062438964844
2944    62.262657165527344  9.5264148712158203  33.373958587646484
2945    60.978832244873047  9.5349817276000977  34.05023193359375
2946    62.394493103027344  10.361260414123535  34.344600677490234
2947    -0.41613411903381348  14.697482109069824  33.398231506347656
2948    71.332763671875  13.516802787780762  33.423904418945312
2949    63.233734130859375  14.192780494689941  34.839344024658203
2950    63.115421295166016  16.104597091674805  35.420986175537109
2951    63.300422668457031  15.741204261779785  33.828712463378906
2952    61.627677917480469  10.075518608093262  34.548423767089844
2953    60.6448974609375  9.9832601547241211  34.687404632568359
2954    34.742061614990234  7.829674243927002  36.209854125976562
2955    29.320579528808594  7.796267032623291  36.548244476318359
2956    50.133914947509766  8.7814464569091797  35.870201110839844
2957    52.341926574707031  9.1117639541625977  35.044235229492188
2958    52.138904571533203  8.928593635559082  34.075107574462891
2959    51.289852142333984  8.9408426284790039  35.279788970947266
2960    51.16900634765625  8.7722663879394531  33.983554840087891
2961    62.13623046875  18.918756484985352  34.50970458984375
2962    62.719608306884766  18.951896667480469  33.263309478759766
2963    62.734088897705078  18.151107788085938  34.386775970458984
2964    60.406375885009766  19.458263397216797  34.837421417236328
2965    61.111454010009766  19.71110725402832  34.074512481689453
2966    61.360847473144531  19.272695541381836  34.698947906494141
2967    59.308883666992188  19.679494857788086  34.773605346679688
2968    60.276714324951172  19.788564682006836  34.237026214599609
2969    7.6137795448303223  19.574377059936523  34.496295928955078
2970    7.6733317375183105  22.161100387573242  33.886314392089844
2971    -0.38507792353630066  17.116851806640625  32.673702239990234
2972    63.151008605957031  17.229482650756836  33.550868988037109
2973    63.002708435058594  18.083219528198242  33.391624450683594
2974    63.008010864257812  17.098407745361328  34.84967041015625
2975    51.841808319091797  20.427066802978516  34.941658020019531
2976    61.958274841308594  19.48521614074707  33.827358245849609
2977    71.381065368652344  19.190122604370117  32.65924072265625
2978    58.553108215332031  20.579093933105469  33.383480072021484
2979    58.673831939697266  20.089517593383789  34.119197845458984
2980    57.436046600341797  20.404729843139648  33.726436614990234
2981    62.343475341796875  19.865728378295898  33.086952209472656
2982    61.679660797119141  20.137042999267578  33.348045349121094
2983    53.493980407714844  20.316501617431641  34.645465850830078
2984    54.975666046142578  20.20442008972168  34.654918670654297
2985    60.650680541992188  20.235385894775391  33.556354522705078
2986    59.720684051513672  20.023410797119141  34.007266998291016
2987    59.586067199707031  20.503381729125977  33.3961181640625
2988    50.75933837890625  20.511638641357422  35.121257781982422
2989    71.350746154785156  16.116634368896484  33.272655487060547
2990    56.396804809570312  20.081171035766602  34.685684204101562
2991    57.641136169433594  19.912744522094727  34.769603729248047
2992    -0.28388521075248718  14.074499130249023  32.56121826171875
2993    63.134635925292969  11.863883018493652  33.775863647460938
2994    7.5132107734680176  14.776379585266113  34.658004760742188
2995    7.4957504272460938  15.54971981048584  33.895488739013672
2996    7.6063580513000488  16.545005798339844  35.822055816650391
2997    -0.31878334283828735  15.165388107299805  32.701587677001953
2998    71.249298095703125  14.493261337280273  32.739799499511719
2999    62.838001251220703  11.422600746154785  34.844493865966797
3000    71.241310119628906  15.435336112976074  32.647380828857422
3001    63.422210693359375  14.541922569274902  33.429962158203125
3002    23.820228576660156  7.7692599296569824  36.837158203125
3003    61.528491973876953  18.944046020507812  35.392818450927734
3004    52.645893096923828  20.256155014038086  36.102157592773438
3005    62.107627868652344  18.538717269897461  35.560379028320312
3006    60.649765014648438  19.12994384765625  35.642215728759766
3007    59.482868194580078  19.324050903320312  35.721775054931641
3008    58.052627563476562  19.552116394042969  35.784187316894531
3009    58.424747467041016  19.772079467773438  34.842071533203125
3010    53.88775634765625  20.120380401611328  36.102008819580078
3011    71.421821594238281  18.233932495117188  35.729911804199219
3012    56.809925079345703  19.780982971191406  35.647945404052734
3013    55.422203063964844  19.915737152099609  36.094673156738281
3014    62.646183013916016  17.909891128540039  35.739185333251953
3015    63.034267425537109  12.84608268737793  35.9398193359375
3016    62.887489318847656  17.197725296020508  36.405464172363281
3017    30.86036491394043  21.755630493164062  35.705101013183594
3018    30.698556900024414  21.83831787109375  34.04486083984375
3019    32.192531585693359  21.678081512451172  33.869335174560547
3020    32.027519226074219  21.623752593994141  35.80047607421875
3021    29.499229431152344  21.890998840332031  35.642341613769531
3022    29.40350341796875  21.948543548583984  34.233497619628906
3023    28.13897705078125  22.024030685424805  35.404510498046875
3024    26.750391006469727  22.18415641784668  34.931797027587891
3025    27.160758972167969  22.133136749267578  33.684017181396484
3026    59.063423156738281  26.751705169677734  34.896503448486328
3027    59.472869873046875  26.936300277709961  36.081737518310547
3028    60.417797088623047  26.697738647460938  35.216907501220703
3029    58.811328887939453  26.487394332885742  33.863212585449219
3030    60.023159027099609  26.466257095336914  34.2135009765625
3031    57.369140625  26.835283279418945  34.435756683349609
3032    23.661113739013672  23.971138000488281  35.741767883300781
3033    23.435335159301758  24.5830078125  34.855178833007812
3034    23.502243041992188  23.791284561157227  34.678516387939453
3035    26.324254989624023  22.230688095092773  33.585941314697266
3036    23.738277435302734  23.376911163330078  34.970027923583984
3037    23.972707748413086  23.286636352539062  35.732608795166016
3038    33.454013824462891  21.490455627441406  34.71258544921875
3039    34.176601409912109  21.371007919311523  36.630252838134766
3040    34.900688171386719  21.338226318359375  34.468997955322266
3041    36.486991882324219  21.175724029541016  36.922122955322266
3042    35.732463836669922  21.245864868164062  35.652023315429688
3043    23.637605667114258  25.482625961303711  35.515697479248047
3044    23.413944244384766  25.318218231201172  34.421867370605469
3045    25.379446029663086  22.452083587646484  34.802932739257812
3046    24.278312683105469  22.873464584350586  34.572616577148438
3047    49.743873596191406  20.605609893798828  35.800960540771484
3048    49.595912933349609  20.559755325317383  37.493579864501953
3049    48.888351440429688  20.643857955932617  37.755279541015625
3050    48.234775543212891  20.729488372802734  37.218307495117188
3051    0.20096789300441742  2.1626315116882324  45.463836669921875
3052    0.37468895316123962  1.8098762035369873  31.462446212768555
3053    1.8457187414169312  0.84984695911407471  51.623867034912109
3054    -0.21621899306774139  3.996309757232666  31.270696640014648
3055    61.993633270263672  10.628698348999023  35.112892150878906
3056    58.519615173339844  10.475312232971191  35.971519470214844
3057    58.3145751953125  10.070915222167969  35.172225952148438
3058    57.547534942626953  10.321032524108887  35.905242919921875
3059    57.151817321777344  10.010141372680664  35.297298431396484
3060    56.844192504882812  10.224319458007812  35.982856750488281
3061    56.399234771728516  10.021818161010742  35.747371673583984
3062    55.505641937255859  9.8663129806518555  36.29388427734375
3063    61.111534118652344  10.522946357727051  35.339412689208984
3064    52.351238250732422  9.2742862701416016  36.722080230712891
3065    53.325920104980469  9.4432258605957031  36.302742004394531
3066    59.695812225341797  10.302519798278809  35.333934783935547
3067    61.801841735839844  11.138814926147461  36.022056579589844
3068    62.455989837646484  11.17772388458252  35.455432891845703
3069    59.377639770507812  10.682394027709961  36.167076110839844
3070    61.111228942871094  10.895130157470703  35.966648101806641
3071    60.353782653808594  10.768268585205078  36.020454406738281
3072    46.334552764892578  8.3081321716308594  36.372188568115234
3073    54.328208923339844  9.6144685745239258  36.279735565185547
3074    51.453144073486328  9.078679084777832  36.696170806884766
3075    50.566818237304688  8.9207220077514648  37.085033416748047
3076    34.770378112792969  39.135360717773438  34.726936340332031
3077    33.620094299316406  38.960865020751953  35.579299926757812
3078    26.964923858642578  37.757640838623047  35.315769195556641
3079    27.631746292114258  38.237037658691406  34.488998413085938
3080    26.810546875  37.97991943359375  34.074790954589844
3081    26.601566314697266  37.482402801513672  34.831462860107422
3082    26.302444458007812  37.461894989013672  34.169521331787109
3083    26.291372299194336  36.760158538818359  34.820240020751953
3084    58.851757049560547  40.789142608642578  35.119491577148438
3085    60.200889587402344  40.8795166015625  34.720966339111328
3086    59.345108032226562  40.473167419433594  34.261875152587891
3087    37.326427459716797  39.394390106201172  35.412853240966797
3088    38.29388427734375  39.461597442626953  35.597221374511719
3089    35.975791931152344  39.280597686767578  34.929325103759766
3090    36.154876708984375  39.343559265136719  33.854598999023438
3091    35.328807830810547  39.249053955078125  33.457145690917969
3092    32.548984527587891  38.815830230712891  38.134983062744141
3093    35.096836090087891  39.117496490478516  36.311023712158203
3094    59.590507507324219  33.726848602294922  35.823398590087891
3095    59.754329681396484  34.033573150634766  34.365665435791016
3096    60.78302001953125  33.964462280273438  34.960758209228516
3097    58.155109405517578  33.595203399658203  35.988761901855469
3098    58.437984466552734  33.801944732666016  34.691390991210938
3099    60.843959808349609  34.172897338867188  34.103870391845703
3100    26.484243392944336  34.536411285400391  34.674690246582031
3101    26.530509948730469  35.011455535888672  35.480117797851562
3102    26.157546997070312  35.345928192138672  34.653759002685547
3103    26.726846694946289  34.419902801513672  35.278240203857422
3104    62.232940673828125  33.754405975341797  35.178882598876953
3105    61.705509185791016  33.877185821533203  35.270740509033203
3106    62.229694366455078  33.864532470703125  34.491916656494141
3107    52.590259552001953  33.39453125  35.340293884277344
3108    59.0625  34.004627227783203  34.156318664550781
3109    57.255989074707031  33.570461273193359  35.472274780273438
3110    57.099994659423828  33.627536773681641  34.672874450683594
3111    55.574245452880859  33.499488830566406  35.16741943359375
3112    56.636341094970703  33.612144470214844  34.358070373535156
3113    26.295583724975586  35.883216857910156  35.051246643066406
3114    26.028709411621094  36.126895904541016  34.473651885986328
3115    61.592544555664062  34.082454681396484  34.299774169921875
3116    62.595623016357422  33.452873229980469  34.9342041015625
3117    62.505828857421875  42.251239776611328  35.667381286621094
3118    62.896568298339844  43.086841583251953  36.090141296386719
3119    62.681377410888672  42.100944519042969  34.58642578125
3120    61.966014862060547  41.659507751464844  35.080307006835938
3121    61.972999572753906  41.979511260986328  36.263378143310547
3122    61.211544036865234  41.609474182128906  35.972251892089844
3123    61.103893280029297  41.320304870605469  35.121269226074219
3124    63.001201629638672  42.935619354248047  34.823734283447266
3125    61.459369659423828  41.062259674072266  34.323837280273438
3126    60.340240478515625  41.336650848388672  35.794471740722656
3127    59.315528869628906  41.134201049804688  35.850013732910156
3128    54.769416809082031  40.424777984619141  35.891345977783203
3129    55.181365966796875  40.231586456298828  34.583793640136719
3130    53.649227142333984  40.214893341064453  35.097770690917969
3131    63.136787414550781  44.141803741455078  35.3179931640625
3132    41.146469116210938  39.558429718017578  37.467323303222656
3133    51.062217712402344  40.059482574462891  37.316177368164062
3134    51.051418304443359  39.974937438964844  35.596710205078125
3135    49.8116455078125  39.912067413330078  37.421272277832031
3136    58.265693664550781  40.377124786376953  34.384700775146484
3137    52.431770324707031  40.215602874755859  36.989181518554688
3138    51.793521881103516  40.074775695800781  35.603267669677734
3139    57.512523651123047  40.709819793701172  35.601715087890625
3140    56.752674102783203  40.210243225097656  34.269535064697266
3141    56.00543212890625  40.532302856445312  35.747711181640625
3142    53.864250183105469  40.418811798095703  37.236454010009766
3143    52.546302795410156  40.124797821044922  35.066780090332031
3144    52.765853881835938  27.223222732543945  34.582481384277344
3145    62.865840911865234  27.221534729003906  34.93768310546875
3146    63.037017822265625  27.514167785644531  33.637504577636719
3147    54.919361114501953  27.11674690246582  34.444778442382812
3148    54.064056396484375  27.10468864440918  33.200721740722656
3149    62.621288299560547  26.989387512207031  35.398208618164062
3150    62.525196075439453  26.655933380126953  34.438018798828125
3151    58.033523559570312  26.991540908813477  35.749584197998047
3152    57.064495086669922  27.051565170288086  35.626533508300781
3153    56.060810089111328  27.099414825439453  35.375411987304688
3154    56.144817352294922  27.020479202270508  34.46728515625
3155    26.619741439819336  27.081569671630859  35.821125030517578
3156    28.667940139770508  27.250452041625977  35.013240814208984
3157    25.257944107055664  26.8795166015625  34.513317108154297
3158    61.613269805908203  26.742866516113281  35.592487335205078
3159    61.196182250976562  26.45513916015625  34.485450744628906
3160    23.69025993347168  26.028532028198242  34.401287078857422
3161    62.108238220214844  26.620401382446289  34.850734710693359
3162    62.305599212646484  26.855100631713867  35.663124084472656
3163    35.775314331054688  27.36467170715332  36.238723754882812
3164    33.594657897949219  27.371009826660156  34.664764404296875
3165    31.083091735839844  27.331096649169922  35.309696197509766
3166    33.269699096679688  33.266544342041016  36.420642852783203
3167    36.669281005859375  33.256275177001953  36.380924224853516
3168    39.774173736572266  33.265155792236328  35.097507476806641
3169    27.033767700195312  34.061676025390625  35.090377807617188
3170    26.976053237915039  33.939990997314453  33.994743347167969
3171    27.659748077392578  33.726665496826172  34.743133544921875
3172    63.013736724853516  32.301227569580078  36.506256103515625
3173    63.063304901123047  32.48236083984375  34.905014038085938
3174    28.456621170043945  33.545757293701172  34.898586273193359
3175    62.918857574462891  32.862442016601562  35.400398254394531
3176    59.356159210205078  8.6194734573364258  32.945560455322266
3177    60.867763519287109  8.6751365661621094  32.840408325195312
3178    61.861492156982422  8.9446802139282227  32.905147552490234
3179    58.406055450439453  8.5920839309692383  32.947036743164062
3180    57.659305572509766  8.5878782272338867  32.823249816894531
3181    58.782428741455078  26.148475646972656  33.148967742919922
3182    57.819282531738281  26.327058792114258  33.198352813720703
3183    56.926841735839844  26.584051132202148  33.282604217529297
3184    23.530500411987305  26.205894470214844  33.086387634277344
3185    23.278751373291016  25.562864303588867  33.521892547607422
3186    62.336666107177734  25.22474479675293  32.794281005859375
3187    62.500049591064453  24.150781631469727  32.286609649658203
3188    23.203149795532227  24.812324523925781  33.705944061279297
3189    24.200090408325195  26.595252990722656  33.658767700195312
3190    59.668567657470703  26.163921356201172  33.395549774169922
3191    60.727230072021484  26.117074966430664  33.571392059326172
3192    61.884029388427734  26.057949066162109  33.633388519287109
3193    62.711978912353516  26.28312873840332  33.394611358642578
3194    62.109039306640625  21.833133697509766  32.368709564208984
3195    61.408218383789062  20.921848297119141  32.866073608398438
3196    62.237358093261719  20.683006286621094  32.667167663574219
3197    23.999675750732422  22.873382568359375  33.187583923339844
3198    23.294658660888672  23.996021270751953  33.77532958984375
3199    23.621475219726562  23.312812805175781  33.983795166015625
3200    55.083934783935547  27.017667770385742  33.44403076171875
3201    56.023567199707031  26.873205184936523  33.590206146240234
3202    47.169437408447266  20.823469161987305  36.460803985595703
3203    59.047695159912109  20.923856735229492  32.968582153320312
3204    60.497409820556641  20.795709609985352  33.030754089355469
3205    26.167869567871094  34.411476135253906  33.830707550048828
3206    25.712436676025391  35.683536529541016  33.910846710205078
3207    25.729053497314453  36.823768615722656  33.729885101318359
3208    25.9798583984375  34.932888031005859  34.113086700439453
3209    30.0775146484375  38.614498138427734  36.293483734130859
3210    24.233697891235352  26.496307373046875  34.847705841064453
3211    43.559516906738281  27.336631774902344  34.473232269287109
3212    39.835479736328125  27.357120513916016  35.357120513916016
3213    61.097610473632812  51.168708801269531  33.975334167480469
3214    61.768180847167969  51.100818634033203  33.709095001220703
3215    54.1038818359375  51.45941162109375  34.152900695800781
3216    47.000026702880859  52.354171752929688  36.343196868896484
3217    57.206912994384766  51.420597076416016  33.92340087890625
3218    56.138568878173828  51.443511962890625  33.912311553955078
3219    45.217685699462891  52.557628631591797  36.179927825927734
3220    52.912090301513672  40.097583770751953  34.40643310546875
3221    59.503334045410156  40.300273895263672  33.910396575927734
3222    62.204792022705078  41.316509246826172  34.094680786132812
3223    -0.40906012058258057  42.891181945800781  33.100238800048828
3224    59.107841491699219  27.084699630737305  37.099781036376953
3225    58.326187133789062  27.083660125732422  36.665996551513672
3226    62.310657501220703  27.170623779296875  36.979686737060547
3227    61.142627716064453  27.062236785888672  37.360488891601562
3228    61.748428344726562  26.975826263427734  36.697551727294922
3229    60.103424072265625  27.038660049438477  37.151439666748047
3230    62.192562103271484  26.93431282043457  36.220565795898438
3231    62.574043273925781  27.154071807861328  36.341148376464844
3232    24.466312408447266  26.492624282836914  35.949878692626953
3233    23.93348503112793  26.153753280639648  35.503383636474609
3234    62.828968048095703  27.467737197875977  36.179203033447266
3235    25.125152587890625  35.121654510498047  37.650894165039062
3236    27.567319869995117  33.814769744873047  35.885932922363281
3237    28.856328964233398  33.482517242431641  35.730464935302734
3238    25.65968132019043  34.840667724609375  37.324703216552734
3239    62.863956451416016  32.78631591796875  36.495124816894531
3240    26.754234313964844  34.439842224121094  36.29071044921875
3241    26.260738372802734  34.648841857910156  36.947467803955078
3242    61.069782257080078  18.783409118652344  36.658374786376953
3243    59.79400634765625  19.058296203613281  36.721813201904297
3244    58.580898284912109  19.246871948242188  36.800895690917969
3245    57.675643920898438  19.386625289916992  36.865333557128906
3246    62.621646881103516  17.847969055175781  36.595874786376953
3247    55.145854949951172  19.805696487426758  37.478702545166016
3248    62.703105926513672  12.057424545288086  36.353492736816406
3249    62.150165557861328  11.79588794708252  36.955928802490234
3250    61.625190734863281  11.447586059570312  36.790679931640625
3251    59.711933135986328  11.020224571228027  36.983184814453125
3252    58.642425537109375  10.77656364440918  36.854766845703125
3253    60.937660217285156  11.189657211303711  36.692005157470703
3254    23.605533599853516  24.788324356079102  35.960762023925781
3255    46.098873138427734  20.832582473754883  40.448978424072266
3256    61.201305389404297  48.996135711669922  37.424793243408203
3257    61.475471496582031  49.219390869140625  36.570411682128906
3258    62.068367004394531  48.794033050537109  36.491531372070312
3259    57.140274047851562  50.266502380371094  36.577594757080078
3260    62.703105926513672  47.948440551757812  36.359977722167969
3261    62.073833465576172  48.407768249511719  37.503528594970703
3262    62.662330627441406  47.70208740234375  37.691806793212891
3263    59.065517425537109  49.570644378662109  37.987308502197266
3264    58.047218322753906  49.884166717529297  37.610256195068359
3265    58.806423187255859  49.883533477783203  36.772434234619141
3266    60.836273193359375  49.354728698730469  36.849800109863281
3267    60.25860595703125  49.337169647216797  37.444877624511719
3268    61.11883544921875  49.567665100097656  36.1920166015625
3269    60.034210205078125  49.668910980224609  36.665115356445312
3270    54.825954437255859  50.799915313720703  37.780479431152344
3271    55.598320007324219  50.632667541503906  37.061187744140625
3272    53.698310852050781  51.071807861328125  37.67144775390625
3273    52.774784088134766  51.2969970703125  37.211456298828125
3274    57.827957153320312  50.083896636962891  36.755435943603516
3275    63.118900299072266  45.8116455078125  36.915275573730469
3276    62.840030670166016  43.197029113769531  37.531837463378906
3277    62.553085327148438  42.518966674804688  36.692440032958984
3278    62.545413970947266  42.636165618896484  37.804721832275391
3279    63.007946014404297  46.981128692626953  36.658012390136719
3280    62.944076538085938  47.161365509033203  37.657081604003906
3281    51.626194000244141  51.510349273681641  38.535846710205078
3282    63.038570404052734  46.689151763916016  37.719985961914062
3283    39.011981964111328  52.77911376953125  41.710945129394531
3284    50.621334075927734  51.746345520019531  37.658763885498047
3285    26.293909072875977  36.684650421142578  36.648216247558594
3286    26.462120056152344  36.376319885253906  36.199848175048828
3287    26.069019317626953  35.676597595214844  36.803215026855469
3288    25.519353866577148  35.571872711181641  37.230545043945312
3289    25.110122680664062  36.029903411865234  37.536384582519531
3290    25.735223770141602  36.540927886962891  37.124809265136719
3291    25.165874481201172  36.932544708251953  37.567169189453125
3292    26.443763732910156  35.342853546142578  36.251266479492188
3293    26.345142364501953  37.393806457519531  36.962600708007812
3294    27.296478271484375  38.053436279296875  36.605003356933594
3295    26.698436737060547  37.281757354736328  36.217906951904297
3296    25.668296813964844  37.437137603759766  37.508987426757812
3297    25.173620223999023  37.500282287597656  37.789710998535156
3298    36.440704345703125  39.259864807128906  36.609138488769531
3299    62.073875427246094  33.611679077148438  36.002105712890625
3300    62.579792022705078  33.16680908203125  36.357902526855469
3301    61.330513000488281  33.621768951416016  36.733402252197266
3302    61.591213226318359  33.764034271240234  35.982234954833984
3303    59.488662719726562  33.572879791259766  36.91741943359375
3304    60.301326751708984  33.610759735107422  36.88348388671875
3305    55.165279388427734  40.625873565673828  37.391559600830078
3306    58.765842437744141  41.403842926025391  38.144214630126953
3307    58.525863647460938  41.218063354492188  36.902259826660156
3308    57.553817749023438  41.162784576416016  38.224826812744141
3309    62.042644500732422  42.162464141845703  37.321666717529297
3310    62.132030487060547  42.271903991699219  38.271980285644531
3311    61.584465026855469  42.001228332519531  38.156280517578125
3312    61.059730529785156  41.792842864990234  37.38409423828125
3313    55.742439270019531  40.805934906005859  38.464992523193359
3314    56.577205657958984  40.851768493652344  37.229755401611328
3315    59.544170379638672  41.398410797119141  36.7906494140625
3316    59.870277404785156  41.581829071044922  37.771129608154297
3317    57.695762634277344  41.017215728759766  36.733985900878906
3318    60.435508728027344  41.556262969970703  36.663490295410156
3319    37.924945831298828  39.389892578125  36.878299713134766
3320    62.489814758300781  42.626529693603516  38.631542205810547
3321    62.149299621582031  48.187671661376953  38.413398742675781
3322    53.562526702880859  9.602086067199707  38.001136779785156
3323    52.798133850097656  9.4424905776977539  37.844696044921875
3324    51.555110931396484  9.1727104187011719  38.244724273681641
3325    57.008834838867188  10.389002799987793  36.608203887939453
3326    57.703933715820312  10.560280799865723  36.768287658691406
3327    58.376007080078125  41.004791259765625  36.006038665771484
3328    61.917774200439453  49.314060211181641  35.856235504150391
3329    60.816658020019531  26.885412216186523  36.274494171142578
3330    26.914846420288086  34.291599273681641  35.660438537597656
3331    26.603509902954102  37.026302337646484  35.538978576660156
3332    26.457759857177734  36.090019226074219  35.602802276611328
3333    60.946544647216797  33.783226013183594  35.927780151367188
3334    -0.30298861861228943  3.480271577835083  47.244075775146484
3335    28.949071884155273  -0.3881106972694397  48.268531799316406
3336    62.368488311767578  11.538969039916992  36.171077728271484
3337    28.107440948486328  59.760902404785156  13.478301048278809
3338    16.092794418334961  59.001808166503906  13.051780700683594
3339    14.410965919494629  59.990406036376953  14.165645599365234
3340    30.714879989624023  58.967475891113281  12.752134323120117
3341    40.224903106689453  60.178459167480469  14.019948959350586
3342    42.781818389892578  59.495952606201172  13.016172409057617
3343    55.736701965332031  59.145751953125  13.136202812194824
3344    42.977458953857422  58.51458740234375  12.696776390075684
3345    6.4109683036804199  59.540885925292969  13.864863395690918
3346    6.1433634757995605  60.137619018554688  14.658865928649902
3347    2.1558144092559814  59.256637573242188  15.859102249145508
3348    2.8471550941467285  59.910869598388672  15.245718002319336
3349    68.579307556152344  59.328433990478516  16.718528747558594
3350    63.893680572509766  59.717266082763672  14.518843650817871
3351    67.429115295410156  60.088157653808594  17.288425445556641
3352    53.904918670654297  60.106513977050781  14.180861473083496
3353    64.578895568847656  58.742019653320312  13.867905616760254
3354    10.739107131958008  60.470573425292969  17.182657241821289
3355    4.0114264488220215  60.28070068359375  16.807529449462891
3356    27.730779647827148  60.535774230957031  16.763057708740234
3357    11.60932445526123  58.048942565917969  13.017084121704102
3358    5.8020167350769043  58.612014770507812  13.81436824798584
3359    56.089645385742188  58.098281860351562  12.92719554901123
3360    64.6650390625  57.735069274902344  13.547021865844727
3361    25.442014694213867  57.982799530029297  12.741230964660645
3362    1.8433114290237427  58.257118225097656  16.281427383422852
3363    68.860359191894531  58.285125732421875  15.742063522338867
3364    27.66404914855957  23.164762496948242  11.121667861938477
3365    28.612926483154297  22.638833999633789  10.68411922454834
3366    27.526523590087891  22.801475524902344  10.237930297851562
3367    8.9292068481445312  24.970415115356445  11.214741706848145
3368    8.9194526672363281  24.780315399169922  10.459514617919922
3369    8.424708366394043  25.200185775756836  11.119250297546387
3370    8.6116580963134766  25.278226852416992  11.80671501159668
3371    8.1899042129516602  25.792669296264648  12.23521900177002
3372    28.726949691772461  23.158151626586914  11.902180671691895
3373    29.357009887695312  22.343484878540039  11.180309295654297
3374    29.639921188354492  22.636106491088867  12.095398902893066
3375    9.8560886383056641  24.711139678955078  10.918487548828125
3376    26.785587310791016  23.16718864440918  10.620015144348145
3377    26.455694198608398  23.537206649780273  11.342422485351562
3378    27.478784561157227  23.566856384277344  11.911104202270508
3379    25.923896789550781  23.328235626220703  10.588830947875977
3380    63.309516906738281  20.756977081298828  12.552757263183594
3381    63.257987976074219  25.538497924804688  12.522101402282715
3382    25.17425537109375  23.633068084716797  11.023525238037109
3383    18.591157913208008  24.396595001220703  11.393921852111816
3384    20.064641952514648  24.175168991088867  10.961791038513184
3385    19.317192077636719  23.932580947875977  10.008329391479492
3386    20.573516845703125  24.403240203857422  11.817085266113281
3387    17.352790832519531  24.219959259033203  10.548246383666992
3388    16.499324798583984  24.526056289672852  11.464685440063477
3389    15.565454483032227  24.361795425415039  10.736271858215332
3390    13.75864315032959  24.483585357666016  10.901665687561035
3391    14.675802230834961  24.666067123413086  11.653462409973145
3392    12.207250595092773  24.628271102905273  11.191549301147461
3393    12.908294677734375  24.842084884643555  11.988738059997559
3394    28.69108772277832  18.801542282104492  11.872321128845215
3395    29.676227569580078  19.276529312133789  12.26739501953125
3396    29.348316192626953  18.941167831420898  12.922967910766602
3397    71.162399291992188  18.156032562255859  13.014315605163574
3398    71.228385925292969  19.951396942138672  11.989383697509766
3399    71.364356994628906  21.786115646362305  17.206645965576172
3400    27.393135070800781  18.526947021484375  12.796771049499512
3401    26.161069869995117  18.422914505004883  12.075491905212402
3402    27.591804504394531  18.566354751586914  11.779871940612793
3403    29.475986480712891  19.307031631469727  11.294368743896484
3404    29.637533187866211  20.04559326171875  10.867730140686035
3405    29.959867477416992  19.972787857055664  11.92524528503418
3406    -0.3996334969997406  19.618257522583008  14.075413703918457
3407    -0.42764237523078918  21.179018020629883  11.940589904785156
3408    -0.20244354009628296  18.052534103393555  11.17972469329834
3409    71.397697448730469  27.485019683837891  15.797809600830078
3410    24.981508255004883  23.305858612060547  10.115994453430176
3411    29.825586318969727  21.765890121459961  11.504116058349609
3412    30.015869140625  20.920778274536133  11.743354797363281
3413    29.71112060546875  20.966892242431641  10.89095401763916
3414    -0.44720453023910522  24.532526016235352  17.624229431152344
3415    -0.48024895787239075  26.312295913696289  11.453932762145996
3416    63.483470916748047  17.641632080078125  13.027263641357422
3417    63.327201843261719  19.485935211181641  14.460700988769531
3418    63.515110015869141  17.994029998779297  11.379476547241211
3419    7.771237850189209  29.611673355102539  10.799330711364746
3420    7.8215360641479492  32.683097839355469  10.463397979736328
3421    7.8393363952636719  32.153774261474609  13.644209861755371
3422    9.6672134399414062  35.486949920654297  11.858414649963379
3423    10.808003425598145  35.819839477539062  11.338858604431152
3424    11.106622695922852  35.575717926025391  12.209175109863281
3425    8.9110193252563477  35.443191528320312  11.205638885498047
3426    8.7274103164672852  35.146091461181641  11.893696784973145
3427    -0.4598332941532135  35.785751342773438  15.573862075805664
3428    9.2814130783081055  25.106664657592773  11.960976600646973
3429    8.0987558364868164  25.555412292480469  11.05009651184082
3430    23.011945724487305  24.306919097900391  12.099228858947754
3431    23.664260864257812  23.696634292602539  10.620043754577637
3432    21.495088577270508  23.943933486938477  10.622541427612305
3433    24.493597030639648  23.958461761474609  11.591272354125977
3434    10.787299156188965  25.041175842285156  12.348636627197266
3435    26.451608657836914  23.934793472290039  12.249973297119141
3436    25.534299850463867  23.868352890014648  11.738276481628418
3437    11.204464912414551  24.572238922119141  10.85106372833252
3438    63.25164794921875  32.625377655029297  17.958105087280273
3439    7.9245986938476562  26.29035758972168  11.672955513000488
3440    15.610901832580566  24.820880889892578  12.325225830078125
3441    14.027429580688477  24.995044708251953  12.649972915649414
3442    3.7996852397918701  15.618280410766602  11.81147289276123
3443    2.2509658336639404  15.722735404968262  11.777735710144043
3444    3.4367303848266602  15.783419609069824  10.908393859863281
3445    1.8872287273406982  15.932226181030273  10.954930305480957
3446    45.187129974365234  60.562896728515625  15.875059127807617
3447    67.074119567871094  15.566940307617188  12.04599666595459
3448    66.770294189453125  15.738489151000977  11.088818550109863
3449    68.274566650390625  15.758630752563477  11.128312110900879
3450    0.17347116768360138  16.808675765991211  11.478737831115723
3451    -0.24747984111309052  17.581792831420898  12.810067176818848
3452    0.056572012603282928  16.521724700927734  12.749397277832031
3453    70.787078857421875  16.833490371704102  11.530811309814453
3454    70.912742614746094  16.714710235595703  12.560880661010742
3455    70.341789245605469  16.226860046386719  11.529308319091797
3456    70.421188354492188  16.057323455810547  12.296521186828613
3457    69.534500122070312  15.789701461791992  11.948518753051758
3458    69.578895568847656  15.983792304992676  10.977841377258301
3459    13.062094688415527  16.339927673339844  11.939337730407715
3460    12.832505226135254  16.206539154052734  10.910484313964844
3461    13.80525016784668  16.450977325439453  11.063421249389648
3462    13.845234870910645  16.550052642822266  11.998085021972656
3463    68.340591430664062  15.558659553527832  12.255112648010254
3464    63.780132293701172  16.561351776123047  12.828962326049805
3465    63.874237060546875  16.820323944091797  11.535860061645508
3466    10.022208213806152  15.928684234619141  12.219329833984375
3467    9.0939207077026367  15.833334922790527  12.256562232971191
3468    9.5643491744995117  15.875068664550781  11.136231422424316
3469    64.566398620605469  16.069456100463867  11.748412132263184
3470    64.542045593261719  16.24662971496582  10.549090385437012
3471    65.649116516113281  15.898290634155273  10.766335487365723
3472    65.734367370605469  15.694699287414551  11.833559989929199
3473    14.520413398742676  16.760219573974609  10.339276313781738
3474    14.451308250427246  16.772985458374023  11.454927444458008
3475    18.97099494934082  17.961009979248047  12.210115432739258
3476    17.153051376342773  17.814638137817383  12.121845245361328
3477    18.451532363891602  17.881641387939453  11.153738975524902
3478    15.977874755859375  17.531719207763672  11.516072273254395
3479    15.184730529785156  17.14613151550293  10.870750427246094
3480    16.168134689331055  17.469379425048828  10.019172668457031
3481    21.715375900268555  18.086380004882812  11.564055442810059
3482    20.09782600402832  17.939167022705078  10.690470695495605
3483    21.913951873779297  18.004711151123047  9.8022031784057617
3484    17.313589096069336  17.735694885253906  10.727896690368652
3485    0.89318585395812988  16.071624755859375  11.756383895874023
3486    0.98107373714447021  16.244211196899414  10.611145973205566
3487    62.596961975097656  60.410976409912109  16.623956680297852
3488    54.636592864990234  60.641994476318359  16.933155059814453
3489    6.9972381591796875  15.643283843994141  12.104855537414551
3490    5.6049990653991699  15.712347030639648  11.16944408416748
3491    7.8167600631713867  15.78769588470459  11.000215530395508
3492    12.086274147033691  16.17042350769043  12.03709888458252
3493    11.310660362243652  16.024059295654297  11.234897613525391
3494    8.3791179656982422  15.783300399780273  11.828309059143066
3495    5.0861859321594238  15.473386764526367  12.473251342773438
3496    31.20989990234375  38.446140289306641  13.654790878295898
3497    30.624975204467773  38.457321166992188  13.113556861877441
3498    31.096590042114258  39.243721008300781  13.554727554321289
3499    29.805139541625977  38.540546417236328  12.626681327819824
3500    28.990638732910156  37.758502960205078  12.462283134460449
3501    28.880672454833984  38.697879791259766  12.218300819396973
3502    29.95086669921875  37.585197448730469  12.955996513366699
3503    22.489763259887695  42.054931640625  12.166721343994141
3504    23.356483459472656  41.935916900634766  13.203657150268555
3505    23.507633209228516  41.682220458984375  11.674797058105469
3506    30.847824096679688  37.726127624511719  13.474225997924805
3507    29.044567108154297  37.095569610595703  12.833081245422363
3508    27.955766677856445  37.091079711914062  12.487696647644043
3509    28.105854034423828  37.919696807861328  12.056869506835938
3510    28.023111343383789  38.736305236816406  11.880705833435059
3511    30.840391159057617  40.090599060058594  13.519895553588867
3512    30.219278335571289  40.241016387939453  13.04353141784668
3513    30.513462066650391  40.684555053710938  13.5811767578125
3514    29.611888885498047  39.548618316650391  12.547886848449707
3515    29.416423797607422  40.461460113525391  12.776960372924805
3516    30.443925857543945  39.371101379394531  12.97149658203125
3517    28.4730224609375  39.824913024902344  12.166637420654297
3518    28.677520751953125  40.725486755371094  12.668703079223633
3519    17.881744384765625  42.604965209960938  14.050000190734863
3520    19.182132720947266  42.633487701416016  11.950035095214844
3521    17.81974983215332  42.721305847167969  12.084883689880371
3522    19.774993896484375  42.513374328613281  13.58976936340332
3523    18.913345336914062  36.008579254150391  12.008201599121094
3524    18.694988250732422  35.701099395751953  12.980975151062012
3525    16.955755233764648  35.753490447998047  12.516294479370117
3526    21.336309432983398  36.369297027587891  11.540620803833008
3527    18.945112228393555  36.367916107177734  10.900272369384766
3528    20.406709671020508  35.909603118896484  12.605216979980469
3529    22.393749237060547  35.988677978515625  12.79202938079834
3530    16.726337432861328  36.084228515625  11.397458076477051
3531    23.309558868408203  36.450763702392578  11.896655082702637
3532    23.835081100463867  35.871299743652344  13.375912666320801
3533    24.585540771484375  36.312747955322266  12.544491767883301
3534    13.418025016784668  35.230419158935547  13.704858779907227
3535    12.54753589630127  35.566104888916016  12.510950088500977
3536    14.503324508666992  35.742038726806641  12.20612907409668
3537    15.611793518066406  35.479560852050781  13.254276275634766
3538    28.554605484008789  36.514366149902344  13.324982643127441
3539    24.599147796630859  36.936614990234375  11.530573844909668
3540    30.386320114135742  37.057353973388672  13.480331420898438
3541    29.604282379150391  36.890941619873047  13.216020584106445
3542    26.585794448852539  36.392681121826172  12.955645561218262
3543    26.878337860107422  36.985916137695312  12.175849914550781
3544    25.840084075927734  36.857994079589844  12.015822410583496
3545    14.57627010345459  43.129859924316406  12.923951148986816
3546    14.986042976379395  43.300178527832031  12.017674446105957
3547    14.322211265563965  43.495471954345703  12.490605354309082
3548    0.99772745370864868  44.649658203125  11.81503963470459
3549    0.96563184261322021  44.937820434570312  12.641804695129395
3550    2.1948730945587158  45.0201416015625  12.199914932250977
3551    21.28953742980957  42.336666107177734  12.367833137512207
3552    21.703758239746094  42.277004241943359  13.267402648925781
3553    0.14805027842521667  43.819679260253906  11.836084365844727
3554    0.31691402196884155  44.569419860839844  12.718426704406738
3555    71.171150207519531  43.619457244873047  12.877934455871582
3556    70.875022888183594  44.181282043457031  12.4534912109375
3557    71.019515991210938  44.193042755126953  14.05146598815918
3558    14.564898490905762  43.706809997558594  11.584308624267578
3559    63.476570129394531  43.380363464355469  12.579060554504395
3560    63.620613098144531  44.126106262207031  12.980555534362793
3561    63.809291839599609  44.018997192382812  11.718845367431641
3562    -0.24797049164772034  42.954833984375  12.837319374084473
3563    -0.089817635715007782  43.966423034667969  13.076521873474121
3564    71.271003723144531  42.918994903564453  13.752534866333008
3565    15.351404190063477  42.935306549072266  12.815234184265137
3566    8.8215341567993164  44.864513397216797  13.475869178771973
3567    10.23273754119873  44.652328491210938  12.90096378326416
3568    9.0245418548583984  44.823562622070312  12.429965019226074
3569    7.0052952766418457  45.135311126708984  12.823272705078125
3570    7.9487347602844238  44.987007141113281  12.796756744384766
3571    6.9078030586242676  44.998977661132812  12.005937576293945
3572    14.007081985473633  44.069698333740234  11.430124282836914
3573    14.047512054443359  43.864475250244141  12.157271385192871
3574    13.437926292419434  44.082035064697266  12.300495147705078
3575    13.230544090270996  44.335430145263672  11.506081581115723
3576    12.490513801574707  44.293796539306641  12.592415809631348
3577    12.387600898742676  44.502872467041016  11.646355628967285
3578    67.193336486816406  45.087474822998047  11.947746276855469
3579    65.548927307128906  45.014514923095703  12.039444923400879
3580    66.201629638671875  45.274116516113281  13.16309642791748
3581    11.625588417053223  44.523056030273438  12.388001441955566
3582    11.502433776855469  44.617832183837891  11.116940498352051
3583    15.770306587219238  43.069454193115234  11.484634399414062
3584    8.3130903244018555  44.872333526611328  11.847031593322754
3585    7.252251148223877  45.191257476806641  13.52796459197998
3586    4.9341154098510742  45.117740631103516  12.239784240722656
3587    6.1477842330932617  45.182674407958984  12.700441360473633
3588    5.1453261375427246  45.331962585449219  13.400309562683105
3589    24.160099029541016  41.624839782714844  12.160165786743164
3590    29.917867660522461  40.904277801513672  13.407290458679199
3591    29.066020965576172  41.096942901611328  13.307929039001465
3592    27.990402221679688  41.197597503662109  13.084671974182129
3593    27.230100631713867  40.952480316162109  12.333225250244141
3594    26.758264541625977  41.410144805908203  13.102789878845215
3595    28.031600952148438  40.662704467773438  12.357889175415039
3596    25.537334442138672  41.565586090087891  13.06615161895752
3597    26.200069427490234  41.158287048339844  12.227719306945801
3598    25.082406997680664  41.309089660644531  11.983131408691406
3599    24.529607772827148  41.702796936035156  12.895732879638672
3600    22.290754318237305  42.166576385498047  13.431989669799805
3601    20.572135925292969  42.495800018310547  11.589056015014648
3602    16.457866668701172  42.750350952148438  13.123504638671875
3603    16.111034393310547  42.879016876220703  12.130509376525879
3604    29.773641586303711  23.10711669921875  12.890007019042969
3605    29.409294128417969  23.159433364868164  12.451277732849121
3606    29.119874954223633  23.593690872192383  12.93867015838623
3607    9.337672233581543  25.355661392211914  13.00550651550293
3608    8.6541852951049805  25.522514343261719  12.759549140930176
3609    21.156600952148438  24.751327514648438  13.039632797241211
3610    27.800344467163086  23.954126358032227  12.883205413818359
3611    26.182224273681641  24.376424789428711  13.15909481048584
3612    12.449128150939941  25.287710189819336  13.405011177062988
3613    18.766168594360352  24.79582405090332  12.774469375610352
3614    17.20233154296875  24.703670501708984  12.190001487731934
3615    16.549381256103516  24.977954864501953  13.017417907714844
3616    8.2259540557861328  26.106517791748047  13.924391746520996
3617    15.056884765625  25.069036483764648  13.06214714050293
3618    30.16431999206543  22.143194198608398  12.750809669494629
3619    22.887208938598633  24.772701263427734  13.402002334594727
3620    25.050210952758789  24.194938659667969  12.366704940795898
3621    7.9282593727111816  26.7794189453125  13.817928314208984
3622    8.3749780654907227  34.680824279785156  12.343720436096191
3623    8.2986516952514648  34.899040222167969  11.245633125305176
3624    8.0080938339233398  33.795551300048828  12.377324104309082
3625    8.9636602401733398  34.999324798583984  12.72409725189209
3626    71.367210388183594  36.597343444824219  19.659379959106445
3627    7.9525647163391113  33.328849792480469  14.099477767944336
3628    17.190563201904297  35.547069549560547  13.285568237304688
3629    11.640939712524414  35.348247528076172  13.06407642364502
3630    10.154717445373535  35.200984954833984  13.09792423248291
3631    7.8080153465270996  27.891727447509766  13.38499641418457
3632    42.466495513916016  57.467323303222656  12.815959930419922
3633    26.54939079284668  56.929634094238281  13.005216598510742
3634    56.478588104248047  57.1632080078125  13.053792953491211
3635    5.4557013511657715  57.650859832763672  13.830862045288086
3636    2.4730803966522217  57.226482391357422  15.639768600463867
3637    13.358501434326172  57.262439727783203  13.07978343963623
3638    64.269142150878906  57.016262054443359  13.465285301208496
3639    68.265213012695312  57.324695587158203  14.65337085723877
3640    14.072548866271973  56.539291381835938  13.437358856201172
3641    69.896217346191406  45.150650024414062  13.436967849731445
3642    69.415504455566406  45.034873962402344  12.472914695739746
3643    68.959304809570312  45.327106475830078  13.518932342529297
3644    25.457138061523438  56.288482666015625  13.398348808288574
3645    6.6504454612731934  56.919025421142578  13.76695442199707
3646    70.619644165039062  44.794403076171875  13.484281539916992
3647    70.33221435546875  44.798488616943359  12.64408016204834
3648    3.1783466339111328  45.300689697265625  13.371585845947266
3649    1.4335039854049683  45.167881011962891  13.36510181427002
3650    0.57024186849594116  44.93896484375  13.348217964172363
3651    64.49639892578125  44.685024261474609  11.751495361328125
3652    63.970672607421875  44.623859405517578  12.675992965698242
3653    64.520729064941406  44.948703765869141  12.591700553894043
3654    70.301521301269531  44.565593719482422  11.768399238586426
3655    68.51080322265625  45.034481048583984  11.902956008911133
3656    69.503410339355469  44.777275085449219  11.346905708312988
3657    64.919563293457031  45.166690826416016  13.286030769348145
3658    6.4144425392150879  45.291858673095703  13.416764259338379
3659    67.878524780273438  45.283416748046875  13.052088737487793
3660    3.4741322994232178  45.109851837158203  12.228338241577148
3661    64.201728820800781  44.956130981445312  13.315633773803711
3662    65.111244201660156  56.592845916748047  14.168585777282715
3663    58.639976501464844  56.587455749511719  13.409438133239746
3664    43.373142242431641  56.467578887939453  13.30748462677002
3665    18.903278350830078  36.959995269775391  9.0683507919311523
3666    20.10181999206543  37.022575378417969  9.3242788314819336
3667    18.911073684692383  36.693988800048828  9.8745670318603516
3668    19.475109100341797  37.380935668945312  8.125483512878418
3669    17.856613159179688  36.795150756835938  9.3047962188720703
3670    10.834623336791992  36.35577392578125  9.6928997039794922
3671    10.002184867858887  36.590122222900391  8.6741437911987305
3672    11.819539070129395  36.710826873779297  8.8930568695068359
3673    17.997627258300781  37.082672119140625  8.5139284133911133
3674    16.539691925048828  36.894371032714844  8.8316888809204102
3675    23.259027481079102  39.351276397705078  8.7287225723266602
3676    23.364728927612305  40.160346984863281  8.7780399322509766
3677    23.56910514831543  40.045822143554688  9.456268310546875
3678    23.478235244750977  39.218070983886719  9.3480749130249023
3679    21.565048217773438  37.204490661621094  9.6107311248779297
3680    20.914604187011719  37.411758422851562  8.7133703231811523
3681    23.000419616699219  38.660499572753906  8.8032026290893555
3682    23.218982696533203  38.462551116943359  9.3819799423217773
3683    18.671037673950195  42.817173004150391  10.19435977935791
3684    20.313392639160156  42.864646911621094  8.905674934387207
3685    19.248554229736328  42.972148895263672  8.922612190246582
3686    20.293102264404297  42.630447387695312  10.293791770935059
3687    22.682397842407227  38.137638092041016  8.9438285827636719
3688    22.734092712402344  37.84710693359375  9.4214572906494141
3689    21.996170043945312  37.709087371826172  8.8605918884277344
3690    22.254772186279297  37.501243591308594  9.4612197875976562
3691    7.9641938209533691  34.332550048828125  10.267742156982422
3692    8.0598382949829102  35.071475982666016  9.2778816223144531
3693    8.1769304275512695  35.133792877197266  10.136055946350098
3694    9.8296947479248047  36.264350891113281  9.6454801559448242
3695    9.1380605697631836  36.061981201171875  9.6126441955566406
3696    12.46262264251709  36.428531646728516  9.7747859954833984
3697    14.21544361114502  36.763095855712891  9.0384254455566406
3698    8.8412561416625977  36.143943786621094  8.8566255569458008
3699    8.4162435531616211  35.659915924072266  9.4514799118041992
3700    8.3049221038818359  35.736942291259766  8.3559150695800781
3701    10.920310020446777  44.705650329589844  9.7694978713989258
3702    10.699511528015137  44.811122894287109  8.5850086212158203
3703    8.8447170257568359  44.873481750488281  9.741969108581543
3704    2.1268308162689209  44.730068206787109  9.9127044677734375
3705    3.6050550937652588  45.072731018066406  8.7941513061523438
3706    1.5952304601669312  44.750148773193359  9.1176748275756836
3707    4.3644857406616211  44.906108856201172  10.173089027404785
3708    6.5797872543334961  45.035655975341797  9.1120748519897461
3709    6.7244195938110352  44.897754669189453  10.178775787353516
3710    63.4473876953125  42.497035980224609  8.7947196960449219
3711    63.776069641113281  43.726844787597656  9.4495725631713867
3712    63.701580047607422  43.993671417236328  8.1816539764404297
3713    63.478572845458984  42.435897827148438  11.048232078552246
3714    8.9102373123168945  45.079097747802734  8.5184869766235352
3715    63.321155548095703  39.753700256347656  9.7955493927001953
3716    0.79021531343460083  44.3231201171875  9.7760772705078125
3717    0.63149458169937134  44.441932678222656  8.8282194137573242
3718    0.077070184051990509  43.501136779785156  9.5659494400024414
3719    0.0044542350806295872  43.896709442138672  8.213801383972168
3720    71.217758178710938  40.673286437988281  10.127260208129883
3721    70.838829040527344  43.185298919677734  9.0499162673950195
3722    70.859397888183594  43.359916687011719  10.352584838867188
3723    70.297683715820312  44.21368408203125  9.8248386383056641
3724    69.3807373046875  44.706214904785156  9.7429370880126953
3725    70.200798034667969  44.391239166259766  8.8527717590332031
3726    69.296798706054688  44.906322479248047  8.8591718673706055
3727    12.91743278503418  44.446193695068359  10.545409202575684
3728    13.671380996704102  44.202621459960938  9.3156375885009766
3729    12.491209983825684  44.456417083740234  9.3708419799804688
3730    13.879276275634766  44.189647674560547  10.428461074829102
3731    67.984001159667969  44.940105438232422  9.6510019302368164
3732    68.45013427734375  45.120853424072266  8.6656789779663086
3733    67.154167175292969  45.123283386230469  8.7941818237304688
3734    66.241203308105469  44.904621124267578  9.8334941864013672
3735    65.390281677246094  44.941410064697266  8.8926887512207031
3736    71.15753173828125  42.886650085449219  11.820441246032715
3737    64.376205444335938  44.421340942382812  9.7130250930786133
3738    64.253890991210938  44.525669097900391  8.7444496154785156
3739    65.071784973144531  44.717350006103516  10.002322196960449
3740    14.543309211730957  43.885875701904297  9.4053964614868164
3741    14.604450225830078  43.834419250488281  10.53361701965332
3742    11.83552360534668  44.566135406494141  8.7190608978271484
3743    15.217402458190918  43.428329467773438  10.862217903137207
3744    16.120229721069336  43.145458221435547  10.088705062866211
3745    15.257265090942383  43.516006469726562  9.6969671249389648
3746    15.866724014282227  43.305004119873047  9.0556058883666992
3747    -0.41827735304832458  38.762065887451172  10.09742546081543
3748    -0.24689026176929474  41.661914825439453  11.503119468688965
3749    -0.28342428803443909  42.131233215332031  8.8970546722412109
3750    71.347953796386719  40.640018463134766  13.119070053100586
3751    23.255439758300781  40.9578857421875  8.9129161834716797
3752    22.873203277587891  41.637386322021484  9.1021871566772461
3753    22.994716644287109  41.483272552490234  9.8040990829467773
3754    23.416271209716797  40.933223724365234  9.7907981872558594
3755    22.241176605224609  42.046371459960938  10.578263282775879
3756    16.773296356201172  43.146156311035156  8.9360313415527344
3757    17.304437637329102  42.964008331298828  9.7882499694824219
3758    22.244417190551758  42.185916900634766  9.2020463943481445
3759    21.394046783447266  42.397758483886719  10.283699989318848
3760    21.400228500366211  42.566642761230469  9.1357030868530273
3761    63.297458648681641  38.905647277832031  13.299226760864258
3762    18.203058242797852  43.074871063232422  8.7716169357299805
3763    29.108566284179688  20.656379699707031  10.070408821105957
3764    28.079433441162109  20.491785049438477  9.2747459411621094
3765    28.517425537109375  21.417760848999023  9.5359907150268555
3766    29.077903747558594  21.709753036499023  10.035272598266602
3767    29.486892700195312  21.602743148803711  10.630266189575195
3768    29.194128036499023  22.138471603393555  10.481134414672852
3769    28.661750793457031  22.004941940307617  9.7598419189453125
3770    28.122884750366211  21.978313446044922  9.4709863662719727
3771    28.866771697998047  22.227993011474609  10.126250267028809
3772    28.261632919311523  22.387521743774414  9.9097776412963867
3773    27.278408050537109  22.323274612426758  9.4019804000854492
3774    26.186424255371094  22.900535583496094  9.7499809265136719
3775    26.321628570556641  22.426591873168945  8.98541259765625
3776    25.505996704101562  22.583816528320312  8.8232879638671875
3777    25.012584686279297  22.950891494750977  9.2881011962890625
3778    20.997406005859375  23.589548110961914  9.3873786926269531
3779    19.830385208129883  23.41795539855957  8.4993190765380859
3780    21.573518753051758  23.170373916625977  8.3722324371337891
3781    22.48472785949707  23.421609878540039  9.4357795715332031
3782    23.064123153686523  22.834173202514648  8.2671670913696289
3783    18.1044921875  23.693614959716797  8.9317169189453125
3784    18.442806243896484  23.408794403076172  8.0918598175048828
3785    71.202522277832031  18.672615051269531  9.680058479309082
3786    71.310630798339844  21.186424255371094  10.126620292663574
3787    28.947208404541016  18.980630874633789  10.842098236083984
3788    28.845321655273438  19.167837142944336  10.313560485839844
3789    29.329916000366211  19.334953308105469  10.586372375488281
3790    28.362276077270508  19.545652389526367  9.8021345138549805
3791    27.822134017944336  18.78504753112793  10.741314888000488
3792    27.260061264038086  18.945350646972656  9.6469745635986328
3793    27.465660095214844  19.575006484985352  9.0817251205444336
3794    25.919925689697266  18.493877410888672  10.47850513458252
3795    25.272369384765625  18.527099609375  9.3514928817749023
3796    26.429759979248047  18.69825553894043  9.3737277984619141
3797    24.113096237182617  18.272760391235352  10.598098754882812
3798    23.501077651977539  18.227153778076172  9.7298011779785156
3799    15.193659782409668  17.114171981811523  9.6800937652587891
3800    15.709429740905762  17.324432373046875  9.0762653350830078
3801    15.114068984985352  17.068675994873047  8.7110586166381836
3802    20.562845230102539  17.825870513916016  9.4294614791870117
3803    20.912250518798828  17.667055130004883  8.5733966827392578
3804    22.076780319213867  17.882741928100586  8.6693544387817383
3805    19.305316925048828  17.604053497314453  8.8222589492797852
3806    29.17015266418457  19.668575286865234  10.214842796325684
3807    7.9036798477172852  26.284282684326172  9.7098178863525391
3808    7.8139610290527344  26.608478546142578  7.4061274528503418
3809    7.765693187713623  31.983503341674805  7.8748703002929688
3810    10.81552791595459  24.321878433227539  9.923701286315918
3811    10.051673889160156  24.106834411621094  8.9563961029052734
3812    9.6207399368286133  24.455724716186523  9.9328231811523438
3813    14.741481781005859  24.170793533325195  9.9595222473144531
3814    13.921767234802246  23.90948486328125  9.049229621887207
3815    12.628893852233887  24.282045364379883  10.087437629699707
3816    11.903155326843262  23.955724716186523  8.9823026657104492
3817    16.314033508300781  24.120803833007812  10.004719734191895
3818    16.130783081054688  23.860143661499023  9.1269607543945312
3819    8.3530616760253906  25.059829711914062  10.232425689697266
3820    8.9315719604492188  24.55858039855957  9.5474729537963867
3821    8.3169879913330078  24.930046081542969  9.1979799270629883
3822    8.9807291030883789  24.282783508300781  8.6906232833862305
3823    23.944374084472656  23.166305541992188  9.3580322265625
3824    8.0328350067138672  25.585206985473633  10.305296897888184
3825    17.518035888671875  23.972291946411133  9.7190780639648438
3826    11.162297248840332  23.556852340698242  7.8796143531799316
3827    9.5531082153320312  23.783784866333008  7.8352875709533691
3828    8.6016702651977539  24.236104965209961  8.0225248336791992
3829    8.1347436904907227  24.855579376220703  8.2274847030639648
3830    24.437665939331055  22.591346740722656  8.4571313858032227
3831    27.526607513427734  21.438198089599609  9.0082368850708008
3832    26.656930923461914  21.914546966552734  8.7081184387207031
3833    25.867694854736328  22.10511589050293  8.4438409805297852
3834    25.155645370483398  22.193567276000977  8.2392768859863281
3835    7.9795999526977539  25.014205932617188  7.3466281890869141
3836    16.931392669677734  23.503210067749023  8.1377248764038086
3837    15.000335693359375  23.563365936279297  8.1545619964599609
3838    13.050119400024414  23.555324554443359  8.0905990600585938
3839    10.303333282470703  23.238960266113281  6.9399847984313965
3840    11.259986877441406  23.179948806762695  7.1643128395080566
3841    9.4641828536987305  23.495996475219727  7.1542997360229492
3842    8.9183759689331055  23.710996627807617  7.1883630752563477
3843    12.360236167907715  22.977813720703125  7.1203618049621582
3844    26.947759628295898  20.373495101928711  8.6071376800537109
3845    26.658926010131836  21.25111198425293  8.4679927825927734
3846    26.106239318847656  21.570068359375  8.2678241729736328
3847    25.384544372558594  21.563573837280273  7.9803190231323242
3848    22.095426559448242  22.756052017211914  7.5402350425720215
3849    20.668437957763672  22.875391006469727  7.1515359878540039
3850    19.201610565185547  23.172077178955078  7.543027400970459
3851    17.801017761230469  23.190805435180664  7.3222103118896484
3852    15.816673278808594  23.188156127929688  7.1951198577880859
3853    14.051583290100098  23.205257415771484  7.3475098609924316
3854    7.9053173065185547  34.303539276123047  8.243255615234375
3855    -0.46454256772994995  32.610389709472656  8.5485973358154297
3856    15.41288948059082  37.094772338867188  8.2033557891845703
3857    16.862009048461914  37.308326721191406  7.7621803283691406
3858    8.5770092010498047  36.461708068847656  7.3222713470458984
3859    8.1234502792358398  35.674472808837891  7.2688860893249512
3860    12.51356315612793  37.248622894287109  7.8813748359680176
3861    11.222434997558594  36.926856994628906  8.262120246887207
3862    10.803607940673828  37.203056335449219  7.5784940719604492
3863    8.9310483932495117  36.437252044677734  8.1155233383178711
3864    71.385490417480469  35.318599700927734  12.724077224731445
3865    63.270606994628906  33.118560791015625  9.6318483352661133
3866    13.74034595489502  16.43629264831543  9.9153079986572266
3867    12.560931205749512  16.175132751464844  9.6091709136962891
3868    13.772832870483398  16.510631561279297  8.7554779052734375
3869    11.850479125976562  16.044290542602539  8.8281574249267578
3870    11.883363723754883  16.108514785766602  7.9196548461914062
3871    12.898237228393555  16.351303100585938  8.2811717987060547
3872    10.747063636779785  15.69920825958252  7.9311137199401855
3873    11.436470985412598  15.80461597442627  7.2947697639465332
3874    10.461447715759277  15.808789253234863  8.7601470947265625
3875    8.9238243103027344  15.492639541625977  8.2016592025756836
3876    9.006439208984375  15.69493293762207  8.9747114181518555
3877    7.1145410537719727  15.672422409057617  9.2082805633544922
3878    6.0275559425354004  15.423557281494141  8.3102922439575195
3879    4.4030280113220215  15.66701602935791  9.0879659652709961
3880    3.8379843235015869  15.465682029724121  8.3480978012084961
3881    67.746490478515625  15.53400707244873  8.5861387252807617
3882    68.589981079101562  15.245181083679199  7.6374020576477051
3883    69.341560363769531  15.684517860412598  8.4940252304077148
3884    67.153755187988281  15.245595932006836  7.8174376487731934
3885    2.2192425727844238  15.733745574951172  8.8014593124389648
3886    0.14133666455745697  16.834470748901367  9.2219181060791016
3887    -0.30181422829627991  18.611740112304688  9.3640537261962891
3888    -0.10006940364837646  17.101634979248047  8.0946664810180664
3889    70.567916870117188  16.235637664794922  7.8953356742858887
3890    71.081214904785156  17.897785186767578  8.4081077575683594
3891    70.8538818359375  17.219612121582031  9.3398008346557617
3892    70.273406982421875  16.056468963623047  8.5101089477539062
3893    23.130363464355469  18.142669677734375  8.9086227416992188
3894    23.366767883300781  18.217035293579102  8.050593376159668
3895    24.393548965454102  18.539911270141602  8.5507020950317383
3896    70.029792785644531  16.235671997070312  9.4794111251831055
3897    68.784889221191406  15.807488441467285  9.2634038925170898
3898    2.6377949714660645  15.412514686584473  8.0526952743530273
3899    66.48980712890625  15.43549919128418  8.2594661712646484
3900    66.228828430175781  15.663021087646484  8.93829345703125
3901    65.600105285644531  15.542758941650391  8.3671436309814453
3902    65.034767150878906  15.812304496765137  8.8872623443603516
3903    64.7886962890625  15.649370193481445  8.1482534408569336
3904    64.29766845703125  16.050718307495117  8.7338047027587891
3905    63.787036895751953  16.826492309570312  9.2879228591918945
3906    63.606037139892578  17.086795806884766  8.183201789855957
3907    64.03619384765625  16.104948043823242  8.0392084121704102
3908    14.522409439086914  16.80279541015625  8.3706626892089844
3909    14.516875267028809  16.774198532104492  9.2287883758544922
3910    10.290908813476562  15.427982330322266  7.5513067245483398
3911    7.2894253730773926  15.134282112121582  7.5671520233154297
3912    9.1950874328613281  15.17906379699707  7.4304647445678711
3913    4.3513612747192383  15.113120079040527  7.5463061332702637
3914    1.043460488319397  15.44096851348877  7.2771816253662109
3915    2.189180850982666  15.239347457885742  7.5380659103393555
3916    1.3677800893783569  15.604016304016113  8.0482673645019531
3917    0.40941506624221802  16.091922760009766  7.9903512001037598
3918    0.84959685802459717  16.024223327636719  8.6891183853149414
3919    65.799827575683594  15.263059616088867  7.6686501502990723
3920    64.591171264648438  15.468318939208984  7.3319511413574219
3921    69.858413696289062  15.600025177001953  7.8557729721069336
3922    -0.31012126803398132  18.877609252929688  7.6125874519348145
3923    26.915803909301758  19.022005081176758  9.0304689407348633
3924    26.276844024658203  18.859172821044922  8.8855266571044922
3925    26.622688293457031  19.37969970703125  8.6384525299072266
3926    25.668056488037109  18.992746353149414  8.5160760879516602
3927    25.951555252075195  19.750118255615234  8.19439697265625
3928    25.879573822021484  20.748384475708008  8.0497274398803711
3929    25.247346878051758  19.948873519897461  7.7879519462585449
3930    -0.43922713398933411  21.351902008056641  9.2994794845581055
3931    63.420436859130859  18.838167190551758  7.8161253929138184
3932    63.422889709472656  18.513648986816406  9.5961246490478516
3933    63.298801422119141  21.122261047363281  9.7751703262329102
3934    20.709169387817383  17.390180587768555  7.8282923698425293
3935    25.055028915405273  19.207502365112305  7.997373104095459
3936    15.044719696044922  16.956584930419922  7.9118881225585938
3937    15.708244323730469  17.249166488647461  8.3260126113891602
3938    17.209508895874023  17.294990539550781  7.9683074951171875
3939    17.637166976928711  17.036899566650391  7.3594703674316406
3940    18.75132942199707  17.234184265136719  7.7715435028076172
3941    16.292507171630859  17.273319244384766  8.0051231384277344
3942    16.493249893188477  16.993087768554688  7.3628101348876953
3943    22.006240844726562  17.56074333190918  7.6273379325866699
3944    22.965841293334961  17.913822174072266  7.3433570861816406
3945    22.480611801147461  17.810943603515625  7.9436750411987305
3946    21.695463180541992  17.642427444458008  8.1218709945678711
3947    17.830278396606445  17.491704940795898  8.5698776245117188
3948    16.579465866088867  17.452856063842773  8.7716455459594727
3949    2.5703096389770508  15.900163650512695  9.9583339691162109
3950    4.9927325248718262  15.770333290100098  10.049832344055176
3951    6.9587984085083008  15.773614883422852  10.208104133605957
3952    8.9423055648803711  15.802142143249512  9.8373031616210938
3953    17.611459732055664  17.643594741821289  9.4978122711181641
3954    10.887681007385254  15.936956405639648  9.8500747680664062
3955    68.446449279785156  44.881557464599609  10.835865020751953
3956    66.75335693359375  44.934719085693359  10.847257614135742
3957    1.0059937238693237  16.200044631958008  9.5527105331420898
3958    0.28010556101799011  16.750747680664062  10.324180603027344
3959    65.4439697265625  15.922760009765625  9.7332611083984375
3960    67.256454467773438  15.781129837036133  9.9144630432128906
3961    70.212226867675781  16.344188690185547  10.61379337310791
3962    69.102577209472656  15.955830574035645  10.148542404174805
3963    64.399276733398438  16.218170166015625  9.536651611328125
3964    63.922431945800781  16.749883651733398  10.356698989868164
3965    3.7838938236236572  44.971767425537109  11.422003746032715
3966    9.5840787887573242  44.771747589111328  11.233913421630859
3967    7.7704319953918457  44.867740631103516  10.974238395690918
3968    0.94669872522354126  44.394271850585938  10.785594940185547
3969    0.2195478081703186  43.665271759033203  10.622693061828613
3970    5.7769775390625  44.935146331787109  11.103705406188965
3971    2.2781665325164795  44.793937683105469  11.00267219543457
3972    64.400711059570312  44.457401275634766  10.743280410766602
3973    63.879657745361328  43.88885498046875  10.497671127319336
3974    70.322013854980469  44.325855255126953  10.789909362792969
3975    69.656417846679688  44.625522613525391  10.489038467407227
3976    70.812049865722656  17.281820297241211  10.795243263244629
3977    65.338577270507812  44.795181274414062  10.856768608093262
3978    18.865438461303711  17.805227279663086  10.05314826965332
3979    23.846145629882812  18.239374160766602  12.225705146789551
3980    70.797111511230469  43.9549560546875  11.32258415222168
3981    22.190889358520508  36.951622009277344  10.513559341430664
3982    23.236492156982422  36.856651306152344  11.130021095275879
3983    20.578062057495117  36.725292205810547  10.332436561584473
3984    16.780763626098633  36.516284942626953  10.030814170837402
3985    9.8142738342285156  35.922592163085938  10.549864768981934
3986    8.6696853637695312  35.556884765625  10.388126373291016
3987    14.07244873046875  36.208629608154297  10.655439376831055
3988    12.370852470397949  35.852718353271484  11.560296058654785
3989    27.366649627685547  37.449527740478516  11.966794967651367
3990    27.260082244873047  38.124736785888672  11.689577102661133
3991    26.547687530517578  37.450977325439453  11.709328651428223
3992    26.174036026000977  38.23736572265625  11.292171478271484
3993    25.665977478027344  37.387508392333984  11.461180686950684
3994    25.053625106811523  37.707595825195312  11.040623664855957
3995    11.638613700866699  36.113822937011719  10.588562965393066
3996    23.64893913269043  41.286869049072266  10.708725929260254
3997    23.066360473632812  41.637306213378906  10.76484489440918
3998    26.610540390014648  40.586864471435547  11.709562301635742
3999    25.724876403808594  40.69512939453125  11.474760055541992
4000    16.88252067565918  42.872486114501953  11.22445011138916
4001    63.364204406738281  42.170486450195312  13.194278717041016
4002    27.431787490844727  40.2529296875  11.869621276855469
4003    27.206754684448242  39.216445922851562  11.583197593688965
4004    24.267454147338867  41.173042297363281  11.181926727294922
4005    24.971111297607422  40.748527526855469  11.161901473999023
4006    -0.37487339973449707  41.154380798339844  13.876294136047363
4007    21.393833160400391  42.347572326660156  11.17698860168457
4008    26.726228713989258  39.946403503417969  11.455254554748535
4009    26.124732971191406  39.349227905273438  11.151284217834473
4010    26.101108551025391  40.130477905273438  11.266175270080566
4011    25.19610595703125  39.840335845947266  10.834429740905762
4012    25.23347282409668  38.647335052490234  10.818629264831543
4013    24.460081100463867  40.375053405761719  10.570394515991211
4014    23.946664810180664  39.852401733398438  9.9371509552001953
4015    23.89893913269043  40.667930603027344  10.249408721923828
4016    24.385351181030273  39.617748260498047  10.276819229125977
4017    24.327308654785156  37.971553802490234  10.555323600769043
4018    24.432188034057617  38.862884521484375  10.350018501281738
4019    23.840242385864258  39.016246795654297  9.8579120635986328
4020    22.643461227416992  37.451622009277344  9.9140787124633789
4021    23.531349182128906  38.109127044677734  9.9767980575561523
4022    23.39422607421875  37.396022796630859  10.48125171661377
4023    24.166419982910156  37.324741363525391  10.90784740447998
4024    46.847690582275391  -0.1866525411605835  22.137607574462891
4025    31.129262924194336  0.077426746487617493  17.347204208374023
4026    44.726203918457031  0.067632727324962616  16.281778335571289
4027    65.534942626953125  60.522483825683594  22.094200134277344
4028    67.256660461425781  60.419387817382812  29.00419807434082
4029    69.206817626953125  59.916122436523438  22.359729766845703
4030    17.985733032226562  -0.090305328369140625  22.157754898071289
4031    14.739590644836426  0.26308852434158325  17.102802276611328
4032    28.24128532409668  -0.25490224361419678  23.817951202392578
4033    7.1541733741760254  0.27335718274116516  24.509265899658203
4034    6.4864020347595215  0.53342694044113159  16.856599807739258
4035    1.6731507778167725  0.9997251033782959  25.553558349609375
4036    2.634965181350708  0.99484467506408691  18.931743621826172
4037    58.768692016601562  60.763229370117188  21.134872436523438
4038    43.622440338134766  60.879802703857422  22.192876815795898
4039    17.117034912109375  4.7665505409240723  13.87490177154541
4040    23.922967910766602  4.1962456703186035  13.288887023925781
4041    9.8956794738769531  4.2629728317260742  13.534878730773926
4042    8.8327665328979492  4.6979007720947266  13.98863697052002
4043    4.6600661277770996  4.5214681625366211  14.42210865020752
4044    3.7620508670806885  4.0287537574768066  13.86241626739502
4045    68.803848266601562  3.0015780925750732  14.600546836853027
4046    67.313606262207031  3.8077478408813477  13.742527961730957
4047    69.495170593261719  4.1901650428771973  14.664037704467773
4048    70.521461486816406  3.668431282043457  15.578676223754883
4049    2.1571328639984131  2.905167818069458  14.812499046325684
4050    1.5023592710494995  3.8828959465026855  15.59535026550293
4051    2.7815241813659668  3.552797794342041  13.826268196105957
4052    0.46526926755905151  3.0572471618652344  19.332799911499023
4053    70.821128845214844  3.4247069358825684  18.84831428527832
4054    69.827445983886719  2.1289081573486328  17.076934814453125
4055    70.657829284667969  2.149360179901123  23.968647003173828
4056    0.5216909646987915  1.9802619218826294  22.727689743041992
4057    1.8733680248260498  1.9284297227859497  16.481643676757812
4058    68.998573303222656  1.1297247409820557  18.377126693725586
4059    69.446029663085938  0.85274559259414673  27.094406127929688
4060    34.334033966064453  4.7695069313049316  13.781250953674316
4061    66.522064208984375  0.33029627799987793  19.546894073486328
4062    66.032684326171875  0.12349826842546463  25.93620491027832
4063    61.150058746337891  -0.068314388394355774  22.022489547729492
4064    60.222480773925781  0.13869425654411316  16.995857238769531
4065    52.687740325927734  0.15883705019950867  15.756422996520996
4066    28.151357650756836  61.024246215820312  27.798641204833984
4067    28.067388534545898  60.893894195556641  21.247108459472656
4068    15.920018196105957  60.797893524169922  24.151676177978516
4069    5.3183350563049316  60.434864044189453  22.690574645996094
4070    1.7803589105606079  59.900497436523438  19.212390899658203
4071    70.44012451171875  58.729747772216797  22.629293441772461
4072    65.526222229003906  56.109439849853516  15.011737823486328
4073    69.117904663085938  55.839630126953125  17.232648849487305
4074    61.951786041259766  55.394138336181641  15.04941463470459
4075    56.017807006835938  56.016559600830078  13.997026443481445
4076    70.965934753417969  57.259414672851562  24.024263381958008
4077    70.250808715820312  57.710517883300781  17.810476303100586
4078    0.66483020782470703  59.059417724609375  21.494968414306641
4079    69.353134155273438  56.783370971679688  16.676425933837891
4080    70.537765502929688  56.598094940185547  19.014776229858398
4081    1.098328709602356  56.677700042724609  17.675670623779297
4082    -0.023321554064750671  57.15509033203125  22.024969100952148
4083    0.35176864266395569  57.818202972412109  21.503690719604492
4084    -0.030917169526219368  56.6572265625  21.743864059448242
4085    43.812023162841797  55.287582397460938  14.458349227905273
4086    44.529930114746094  55.882770538330078  13.81326961517334
4087    30.154022216796875  23.172124862670898  13.581399917602539
4088    30.420166015625  22.641288757324219  13.629889488220215
4089    30.562171936035156  21.934125900268555  13.861013412475586
4090    10.930269241333008  25.486223220825195  14.003564834594727
4091    30.295812606811523  20.869907379150391  12.845195770263672
4092    30.483921051025391  20.619844436645508  14.062503814697266
4093    13.324812889099121  17.903547286987305  14.223771095275879
4094    13.019227981567383  17.935672760009766  14.065712928771973
4095    13.338577270507812  17.601617813110352  13.719491004943848
4096    12.860294342041016  17.827676773071289  13.948415756225586
4097    29.649106979370117  23.677221298217773  13.54228687286377
4098    27.310335159301758  24.594512939453125  14.01332950592041
4099    25.707183837890625  24.825918197631836  14.112369537353516
4100    24.488222122192383  24.607200622558594  13.265571594238281
4101    22.945564270019531  18.219951629638672  13.905519485473633
4102    21.580215454101562  18.139541625976562  13.682170867919922
4103    27.834356307983398  18.647041320800781  13.859686851501465
4104    28.532028198242188  18.693626403808594  13.023920059204102
4105    26.734580993652344  18.518415451049805  13.893609046936035
4106    25.729146957397461  18.481817245483398  14.474113464355469
4107    25.858066558837891  18.407501220703125  13.496696472167969
4108    24.730226516723633  18.389301300048828  14.449694633483887
4109    24.448152542114258  18.301939010620117  13.490859031677246
4110    14.07756519317627  17.784795761108398  14.11597728729248
4111    15.442106246948242  17.665981292724609  13.129373550415039
4112    14.900962829589844  17.880033493041992  14.797250747680664
4113    14.264992713928223  17.380426406860352  13.157638549804688
4114    29.017175674438477  18.8843994140625  13.902754783630371
4115    19.484615325927734  18.048418045043945  13.755080223083496
4116    12.47434139251709  17.342874526977539  13.972516059875488
4117    12.778426170349121  17.550325393676758  13.824692726135254
4118    12.577902793884277  17.711198806762695  14.113988876342773
4119    16.999454498291016  17.935266494750977  14.021227836608887
4120    30.153404235839844  19.872713088989258  12.922643661499023
4121    30.147258758544922  19.646720886230469  13.619552612304688
4122    29.898708343505859  19.299110412597656  13.048037528991699
4123    29.760181427001953  19.182636260986328  13.687252044677734
4124    12.758321762084961  17.942955017089844  14.16133975982666
4125    7.960411548614502  26.796995162963867  15.59124755859375
4126    8.3008689880371094  26.161062240600586  15.63193416595459
4127    8.0567779541015625  33.861156463623047  13.639798164367676
4128    23.846612930297852  25.051799774169922  14.419794082641602
4129    21.70623779296875  25.07935905456543  14.19167423248291
4130    19.702472686767578  25.097860336303711  13.968168258666992
4131    28.856302261352539  24.239543914794922  13.950956344604492
4132    17.40226936340332  25.220746994018555  14.020947456359863
4133    15.501867294311523  25.260053634643555  13.785404205322266
4134    14.031654357910156  25.288999557495117  13.608328819274902
4135    9.6186933517456055  25.560083389282227  14.223757743835449
4136    8.7478370666503906  25.716590881347656  14.046454429626465
4137    0.61398214101791382  15.553423881530762  13.880760192871094
4138    0.67487776279449463  15.619683265686035  13.105179786682129
4139    1.2813493013381958  15.437138557434082  13.347138404846191
4140    1.4941715002059937  15.336481094360352  14.469109535217285
4141    70.700309753417969  16.124000549316406  13.226211547851562
4142    70.830680847167969  16.187332153320312  14.573243141174316
4143    70.198928833007812  15.660422325134277  13.895700454711914
4144    70.382148742675781  15.661386489868164  15.092041015625
4145    42.838493347167969  4.0577454566955566  13.152146339416504
4146    11.386853218078613  16.478229522705078  14.19822883605957
4147    10.790120124816895  16.114908218383789  13.198210716247559
4148    12.228874206542969  16.470636367797852  13.068106651306152
4149    12.824016571044922  17.060178756713867  13.472369194030762
4150    9.194615364074707  15.855569839477539  13.382077217102051
4151    71.104843139648438  16.88994026184082  13.977917671203613
4152    63.853370666503906  15.927958488464355  14.429011344909668
4153    63.578945159912109  16.709859848022461  14.397014617919922
4154    63.909194946289062  15.967104911804199  13.474105834960938
4155    13.889572143554688  16.736013412475586  12.558977127075195
4156    14.285346984863281  16.791337966918945  12.208843231201172
4157    14.210214614868164  16.986459732055664  12.67003345489502
4158    13.276177406311035  16.633543014526367  12.690460205078125
4159    13.647442817687988  17.036216735839844  13.062398910522461
4160    12.123114585876465  16.910804748535156  14.00699520111084
4161    66.4342041015625  15.205005645751953  14.504024505615234
4162    65.869522094726562  15.406332969665527  13.098042488098145
4163    67.490570068359375  15.352080345153809  13.238618850708008
4164    68.001922607421875  15.195742607116699  14.61219310760498
4165    8.2086925506591797  15.66239070892334  13.843098640441895
4166    8.1175527572631836  15.689658164978027  12.838223457336426
4167    7.4637670516967773  15.497219085693359  13.701313972473145
4168    7.1698818206787109  15.521408081054688  12.959894180297852
4169    14.838351249694824  17.173347473144531  12.171463012695312
4170    0.14367184042930603  15.907137870788574  14.37867259979248
4171    -0.15152870118618011  16.631093978881836  14.235568046569824
4172    0.203388512134552  15.947047233581543  13.430580139160156
4173    71.197860717773438  17.396766662597656  13.476631164550781
4174    71.285728454589844  18.322624206542969  15.119656562805176
4175    53.765689849853516  4.6263656616210938  13.718194007873535
4176    55.338207244873047  4.1118359565734863  13.215514183044434
4177    3.2499101161956787  15.161273956298828  14.577011108398438
4178    2.7947254180908203  15.412460327148438  13.001829147338867
4179    4.2917289733886719  15.25714111328125  13.449535369873047
4180    4.7040572166442871  15.146675109863281  14.13189697265625
4181    5.7209124565124512  15.186688423156738  14.365296363830566
4182    5.5173263549804688  15.281099319458008  13.399434089660645
4183    61.979915618896484  4.013364315032959  13.35865592956543
4184    65.133140563964844  4.4972114562988281  13.979022979736328
4185    64.259742736816406  15.557253837585449  13.901547431945801
4186    64.316535949707031  15.619829177856445  13.127376556396484
4187    69.448265075683594  15.312493324279785  14.980356216430664
4188    69.094062805175781  15.457707405090332  13.305909156799316
4189    64.996543884277344  15.340419769287109  14.474855422973633
4190    64.788887023925781  15.431835174560547  13.379030227661133
4191    6.5697760581970215  15.350741386413574  13.574426651000977
4192    6.7651276588439941  15.323005676269531  14.540921211242676
4193    8.602203369140625  34.444339752197266  14.305117607116699
4194    9.071497917175293  34.632061004638672  14.55937671661377
4195    8.669947624206543  34.292247772216797  15.199300765991211
4196    8.0145788192749023  32.981826782226562  16.193840026855469
4197    8.2070369720458984  33.89459228515625  14.689296722412109
4198    9.4483785629272461  34.537609100341797  15.39673900604248
4199    8.3825817108154297  34.387920379638672  13.402503967285156
4200    16.058900833129883  35.139957427978516  14.534133911132812
4201    15.217690467834473  35.228652954101562  14.044232368469238
4202    16.575267791748047  35.351425170898438  13.905488014221191
4203    14.688240051269531  34.907295227050781  14.941596984863281
4204    30.459901809692383  23.985082626342773  14.886818885803223
4205    29.957084655761719  23.972021102905273  14.332553863525391
4206    30.108394622802734  24.484565734863281  15.159098625183105
4207    10.339835166931152  25.74742317199707  15.150150299072266
4208    9.5128889083862305  25.744998931884766  15.309091567993164
4209    9.1748638153076172  25.718385696411133  15.175265312194824
4210    30.550300598144531  24.280830383300781  15.390988349914551
4211    11.911650657653809  25.764114379882812  15.08917236328125
4212    20.391241073608398  25.327425003051758  14.879166603088379
4213    22.047050476074219  25.442329406738281  15.479717254638672
4214    29.399984359741211  24.583562850952148  14.85213565826416
4215    28.189163208007812  24.911937713623047  15.036482810974121
4216    26.677129745483398  25.039642333984375  14.869287490844727
4217    25.381532669067383  25.143848419189453  14.900604248046875
4218    18.675691604614258  25.41706657409668  14.959617614746094
4219    7.8126320838928223  27.821643829345703  16.566062927246094
4220    13.573039054870605  25.801044464111328  15.264005661010742
4221    13.213681221008301  25.552534103393555  14.35321044921875
4222    28.177436828613281  35.618553161621094  14.917827606201172
4223    29.091436386108398  36.061531066894531  14.239794731140137
4224    29.702386856079102  35.762165069580078  15.027318000793457
4225    26.116573333740234  35.489139556884766  14.901101112365723
4226    25.975437164306641  35.849952697753906  13.901448249816895
4227    27.469112396240234  35.947422027587891  14.033859252929688
4228    31.32191276550293  36.064693450927734  15.620567321777344
4229    31.188278198242188  36.320331573486328  14.994733810424805
4230    31.734140396118164  36.707771301269531  15.415966033935547
4231    30.432685852050781  36.273056030273438  14.488613128662109
4232    30.703302383422852  35.942714691162109  15.149264335632324
4233    22.539707183837891  35.376171112060547  14.73809814453125
4234    20.763408660888672  35.349849700927734  14.598344802856445
4235    22.417808532714844  35.6143798828125  13.911282539367676
4236    19.098859786987305  35.341587066650391  14.394783973693848
4237    18.202507019042969  35.458759307861328  13.800942420959473
4238    20.314338684082031  35.607795715332031  13.607340812683105
4239    24.307004928588867  35.609123229980469  14.234354972839355
4240    23.709939956665039  35.244422912597656  15.337787628173828
4241    31.287389755249023  36.907062530517578  14.542108535766602
4242    30.667491912841797  36.744899749755859  13.976136207580566
4243    31.486560821533203  37.8822021484375  14.242237091064453
4244    31.899635314941406  37.553379058837891  15.189191818237305
4245    31.966161727905273  38.523471832275391  15.11566162109375
4246    31.012155532836914  37.214031219482422  13.877547264099121
4247    -0.41044697165489197  39.857051849365234  17.449804306030273
4248    -0.36205890774726868  41.139427185058594  15.797995567321777
4249    29.848800659179688  36.534629821777344  13.747884750366211
4250    10.650196075439453  34.719253540039062  15.088035583496094
4251    9.8949518203735352  34.860054016113281  14.279903411865234
4252    11.28673267364502  35.045463562011719  13.994202613830566
4253    9.0946750640869141  34.803573608398438  13.716866493225098
4254    13.330732345581055  34.663890838623047  15.42201042175293
4255    14.189472198486328  34.576168060302734  15.836480140686035
4256    13.390888214111328  34.894588470458984  14.714285850524902
4257    12.202925682067871  34.790031433105469  14.958280563354492
4258    17.508007049560547  35.22540283203125  14.544953346252441
4259    24.991493225097656  18.462015151977539  14.900092124938965
4260    25.394695281982422  18.555393218994141  15.186415672302246
4261    29.604198455810547  19.152126312255859  14.259233474731445
4262    23.373996734619141  18.329984664916992  14.829602241516113
4263    21.749958038330078  18.252388000488281  15.152895927429199
4264    30.519554138183594  23.171165466308594  14.353425025939941
4265    30.05180549621582  19.636093139648438  14.495105743408203
4266    29.256109237670898  19.179738998413086  14.994192123413086
4267    28.246454238891602  18.843301773071289  14.708575248718262
4268    26.76959228515625  18.689996719360352  15.010930061340332
4269    12.915504455566406  17.94999885559082  14.420686721801758
4270    12.591449737548828  17.817779541015625  14.401476860046387
4271    63.365207672119141  18.142953872680664  15.0458984375
4272    63.476337432861328  17.210117340087891  13.707804679870605
4273    8.5162372589111328  15.786076545715332  14.697819709777832
4274    7.6502957344055176  15.534249305725098  14.665493965148926
4275    71.154396057128906  17.231637954711914  15.836400985717773
4276    70.8021240234375  16.183664321899414  16.082178115844727
4277    11.708371162414551  16.879915237426758  14.838262557983398
4278    11.07411003112793  16.535102844238281  15.206748962402344
4279    10.488876342773438  16.280223846435547  14.854832649230957
4280    9.5523090362548828  16.045083999633789  14.675603866577148
4281    0.06877531111240387  16.248947143554688  15.699244499206543
4282    70.067214965820312  15.491381645202637  16.310369491577148
4283    7.0108451843261719  15.400714874267578  15.474222183227539
4284    63.793735504150391  16.268569946289062  15.788735389709473
4285    13.969828605651855  17.882429122924805  14.967459678649902
4286    13.300662994384766  17.866979598999023  14.911762237548828
4287    12.61000919342041  17.707143783569336  14.888312339782715
4288    12.272147178649902  17.402015686035156  14.508214950561523
4289    -0.35414189100265503  17.84617805480957  14.514485359191895
4290    -0.25770696997642517  17.090089797973633  13.49040699005127
4291    8.8350114822387695  25.796855926513672  15.218849182128906
4292    30.743276596069336  23.650297164916992  15.246054649353027
4293    14.513574600219727  25.532751083374023  14.500707626342773
4294    16.923429489135742  25.560615539550781  15.149107933044434
4295    15.875504493713379  25.467418670654297  14.577787399291992
4296    30.739898681640625  21.589584350585938  14.496625900268555
4297    30.809360504150391  21.400161743164062  15.144369125366211
4298    30.827571868896484  22.496702194213867  14.995758056640625
4299    30.529468536376953  20.428022384643555  15.291228294372559
4300    45.656265258789062  54.434112548828125  15.138253211975098
4301    57.799480438232422  54.698558807373047  15.059562683105469
4302    0.6465185284614563  55.69586181640625  18.248268127441406
4303    2.9013700485229492  55.878452301025391  15.647625923156738
4304    5.9797859191894531  56.340843200683594  14.572226524353027
4305    67.962020874023438  55.020671844482422  15.950439453125
4306    65.375343322753906  54.721672058105469  15.349279403686523
4307    8.2695522308349609  55.582630157470703  14.63221549987793
4308    31.965169906616211  55.836845397949219  13.821823120117188
4309    20.491743087768555  55.271324157714844  14.468186378479004
4310    16.253606796264648  55.939956665039062  13.916125297546387
4311    15.908309936523438  42.607898712158203  15.444135665893555
4312    15.26844596862793  42.741218566894531  14.153711318969727
4313    30.226663589477539  41.103061676025391  14.118441581726074
4314    30.405073165893555  41.129562377929688  14.956384658813477
4315    30.842924118041992  40.684673309326172  14.209897041320801
4316    31.127344131469727  40.676090240478516  15.149271011352539
4317    13.366205215454102  42.719741821289062  14.997749328613281
4318    14.388570785522461  42.691722869873047  15.379165649414062
4319    14.239700317382812  42.808967590332031  13.957094192504883
4320    13.472742080688477  42.648830413818359  14.236165046691895
4321    13.606795310974121  42.762134552001953  13.852510452270508
4322    13.01295280456543  42.675289154052734  14.432426452636719
4323    12.716279983520508  42.836322784423828  14.933280944824219
4324    12.168135643005371  43.20526123046875  15.213344573974609
4325    12.592955589294434  42.929248809814453  14.471883773803711
4326    12.229091644287109  43.384853363037109  14.402174949645996
4327    28.411102294921875  41.464653015136719  14.213048934936523
4328    27.275754928588867  41.527542114257812  13.945391654968262
4329    26.981033325195312  41.599514007568359  15.210309028625488
4330    71.389930725097656  39.361194610595703  16.085657119750977
4331    71.332633972167969  41.926040649414062  15.563819885253906
4332    63.325080871582031  39.346275329589844  17.604213714599609
4333    63.380088806152344  41.795932769775391  15.315205574035645
4334    23.163986206054688  41.983085632324219  14.788163185119629
4335    24.486232757568359  41.809318542480469  14.170230865478516
4336    23.728946685791016  41.85418701171875  15.578178405761719
4337    29.644603729248047  41.396152496337891  14.792548179626465
4338    29.472553253173828  41.324924468994141  14.041610717773438
4339    29.09423828125  41.496902465820312  14.604558944702148
4340    71.134811401367188  43.680290222167969  15.900761604309082
4341    11.85630989074707  43.884651184082031  14.150023460388184
4342    11.645513534545898  43.710109710693359  15.003130912780762
4343    21.689470291137695  42.273162841796875  14.145868301391602
4344    21.391651153564453  42.253326416015625  15.322346687316895
4345    22.339563369750977  42.137969970703125  14.422353744506836
4346    22.328479766845703  42.064823150634766  15.577116012573242
4347    20.865854263305664  42.391616821289062  14.236422538757324
4348    31.36041259765625  39.996551513671875  14.291904449462891
4349    31.760761260986328  39.746162414550781  14.765314102172852
4350    31.626136779785156  39.036582946777344  14.331683158874512
4351    31.841920852661133  39.9522705078125  15.289972305297852
4352    31.61823844909668  40.196849822998047  14.996234893798828
4353    31.949441909790039  39.391548156738281  15.201310157775879
4354    26.042819976806641  41.653434753417969  14.161469459533691
4355    25.161975860595703  41.716087341308594  15.440449714660645
4356    13.230298042297363  42.657306671142578  14.049722671508789
4357    12.932830810546875  42.762870788574219  14.102025032043457
4358    3.5098206996917725  55.199771881103516  15.566606521606445
4359    8.8086910247802734  54.990631103515625  14.92992115020752
4360    13.487650871276855  54.566108703613281  15.077481269836426
4361    28.192337036132812  54.632205963134766  14.974166870117188
4362    70.205223083496094  45.172626495361328  14.241117477416992
4363    70.050987243652344  45.247611999511719  15.338564872741699
4364    70.642967224121094  44.908546447753906  14.555280685424805
4365    69.17071533203125  45.406455993652344  14.647448539733887
4366    8.2931594848632812  44.948146820068359  14.580594062805176
4367    7.9314002990722656  45.057231903076172  13.782534599304199
4368    9.3355274200439453  44.69464111328125  14.44199275970459
4369    0.15150132775306702  44.506069183349609  15.243703842163086
4370    0.67366063594818115  45.038639068603516  14.333101272583008
4371    0.11371907591819763  44.507648468017578  13.839357376098633
4372    11.42486572265625  44.320098876953125  13.553043365478516
4373    11.139748573303223  44.129444122314453  14.721856117248535
4374    10.373578071594238  44.443862915039062  14.468993186950684
4375    7.7951107025146484  45.023761749267578  15.517070770263672
4376    7.1445713043212891  45.2353515625  14.70482349395752
4377    -0.22110237181186676  43.28106689453125  14.410744667053223
4378    63.876968383789062  44.573745727539062  15.187108993530273
4379    64.333869934082031  45.053424835205078  14.284777641296387
4380    63.813041687011719  44.580032348632812  13.787253379821777
4381    6.715275764465332  45.323188781738281  13.977303504943848
4382    5.8136401176452637  45.421627044677734  14.486886978149414
4383    63.510894775390625  43.590641021728516  14.208588600158691
4384    33.172725677490234  2.6502325534820557  12.672074317932129
4385    24.881654739379883  1.8246884346008301  12.853399276733398
4386    16.577140808105469  2.5909683704376221  12.881606101989746
4387    6.1062660217285156  2.1267921924591064  13.753274917602539
4388    6.4339661598205566  3.0950253009796143  13.303928375244141
4389    66.171333312988281  1.5458327531814575  14.464545249938965
4390    64.071121215820312  2.350841760635376  13.308643341064453
4391    13.841413497924805  3.5977382659912109  13.043573379516602
4392    5.9282426834106445  3.7491326332092285  13.301658630371094
4393    41.694976806640625  1.8026845455169678  12.894087791442871
4394    46.704036712646484  2.8020951747894287  12.683895111083984
4395    28.319147109985352  3.4526970386505127  12.859336853027344
4396    57.008060455322266  1.5366798639297485  13.212360382080078
4397    56.345268249511719  2.5485038757324219  12.838955879211426
4398    59.446189880371094  0.6717950701713562  14.239399909973145
4399    45.303310394287109  0.64464157819747925  14.11266040802002
4400    13.176337242126465  1.4589927196502686  13.304798126220703
4401    65.701278686523438  0.63747882843017578  15.626283645629883
4402    1.2968026399612427  15.639887809753418  12.545023918151855
4403    0.51138389110565186  15.90020751953125  12.644674301147461
4404    70.094253540039062  15.751567840576172  12.824146270751953
4405    64.836708068847656  15.631129264831543  12.57737922668457
4406    64.192214965820312  15.906743049621582  12.66752815246582
4407    6.3452310562133789  15.445810317993164  12.836255073547363
4408    54.576198577880859  3.5031125545501709  12.928563117980957
4409    63.945068359375  3.2323462963104248  13.244142532348633
4410    41.963115692138672  3.3489236831665039  12.764342308044434
4411    65.312431335449219  45.33465576171875  14.419658660888672
4412    68.066688537597656  45.462196350097656  14.236193656921387
4413    66.728706359863281  45.450721740722656  14.383162498474121
4414    13.66727352142334  43.668247222900391  12.827913284301758
4415    12.942221641540527  43.871623992919922  13.082382202148438
4416    12.248403549194336  44.027782440185547  13.443829536437988
4417    13.855528831481934  43.139900207519531  13.328092575073242
4418    1.6826021671295166  45.343666076660156  14.566770553588867
4419    2.7399301528930664  45.490005493164062  14.870585441589355
4420    4.1316542625427246  45.489894866943359  14.629025459289551
4421    25.117292404174805  35.974140167236328  13.392716407775879
4422    12.758786201477051  43.101001739501953  13.963021278381348
4423    13.249789237976074  42.895381927490234  13.77033805847168
4424    13.17474365234375  43.362400054931641  13.45163631439209
4425    12.525701522827148  43.602210998535156  13.744020462036133
4426    25.00602912902832  0.86793744564056396  13.945553779602051
4427    11.17479419708252  0.72305512428283691  14.41744327545166
4428    5.347846508026123  1.1651641130447388  14.799445152282715
4429    14.208606719970703  37.219196319580078  7.9522008895874023
4430    70.702598571777344  28.132608413696289  1.309795618057251
4431    70.721328735351562  37.407863616943359  1.3349952697753906
4432    71.114784240722656  35.697566986083984  2.4923315048217773
4433    7.6737666130065918  32.523597717285156  2.783822774887085
4434    7.4176063537597656  33.425243377685547  1.3566385507583618
4435    7.7907295227050781  36.154640197753906  1.9272686243057251
4436    14.965413093566895  39.448795318603516  1.7850126028060913
4437    14.338302612304688  39.796478271484375  1.2339063882827759
4438    15.858114242553711  39.899242401123047  1.0429596900939941
4439    16.584869384765625  39.559768676757812  1.4478899240493774
4440    8.4377355575561523  39.429798126220703  0.98851066827774048
4441    9.03717041015625  39.846660614013672  0.98915737867355347
4442    8.6481037139892578  39.159626007080078  1.4884084463119507
4443    13.340466499328613  39.516765594482422  1.8421882390975952
4444    12.979637145996094  39.885890960693359  1.2327642440795898
4445    11.861786842346191  39.482929229736328  2.0318048000335693
4446    11.553662300109863  39.827339172363281  1.3719484806060791
4447    7.5557751655578613  36.428955078125  1.1170008182525635
4448    7.5756955146789551  37.665912628173828  0.77001434564590454
4449    7.9982500076293945  38.246490478515625  1.2708516120910645
4450    10.601639747619629  39.985382080078125  1.1352314949035645
4451    10.294750213623047  39.383739471435547  2.0766026973724365
4452    9.4896068572998047  39.619495391845703  1.4354397058486938
4453    9.7737665176391602  40.085472106933594  0.91900759935379028
4454    8.0120887756347656  39.055244445800781  0.69950485229492188
4455    9.5229978561401367  40.316444396972656  0.65427720546722412
4456    8.7723302841186523  39.994785308837891  0.63459038734436035
4457    7.6323904991149902  28.810064315795898  2.5721096992492676
4458    7.443575382232666  28.807346343994141  1.6033285856246948
4459    71.142494201660156  27.009254455566406  2.7043273448944092
4460    0.32316985726356506  30.171905517578125  1.2874819040298462
4461    -0.12066919356584549  37.522129058837891  2.2561817169189453
4462    0.32612314820289612  36.275867462158203  1.2534539699554443
4463    63.893688201904297  30.734094619750977  1.317125678062439
4464    63.56475830078125  37.668277740478516  2.2841601371765137
4465    63.878749847412109  36.579113006591797  1.2687859535217285
4466    24.953634262084961  42.022655487060547  1.5136312246322632
4467    24.328943252563477  41.267131805419922  1.1965252161026001
4468    24.340658187866211  42.190765380859375  1.0251829624176025
4469    25.000980377197266  41.160125732421875  1.7468228340148926
4470    24.839391708374023  42.760063171386719  1.3418599367141724
4471    25.245294570922852  42.946308135986328  1.9687463045120239
4472    24.263172149658203  43.196846008300781  1.0471298694610596
4473    25.392375946044922  41.921848297119141  2.2518963813781738
4474    23.607173919677734  41.104625701904297  0.9057353138923645
4475    23.823745727539062  41.63677978515625  0.82404422760009766
4476    23.636405944824219  40.564125061035156  1.2794672250747681
4477    22.813289642333984  40.856227874755859  0.89746838808059692
4478    24.898027420043945  43.367656707763672  1.4925209283828735
4479    24.620822906494141  43.839870452880859  1.4250891208648682
4480    25.004196166992188  43.883102416992188  1.9888898134231567
4481    24.521602630615234  44.29437255859375  1.723023533821106
4482    23.918724060058594  44.763931274414062  1.9121980667114258
4483    23.931428909301758  44.166538238525391  1.1992402076721191
4484    23.377866744995117  44.746723175048828  1.2981061935424805
4485    14.692549705505371  46.410686492919922  0.97018676996231079
4486    14.142255783081055  47.194747924804688  1.1154006719589233
4487    14.921801567077637  46.940067291259766  1.8737138509750366
4488    19.819332122802734  39.607456207275391  1.5417835712432861
4489    18.058574676513672  39.52685546875  1.515339732170105
4490    18.954648971557617  39.925533294677734  1.0652168989181519
4491    25.037820816040039  40.304611206054688  2.5788934230804443
4492    24.982074737548828  40.552501678466797  1.9965475797653198
4493    25.335752487182617  41.000133514404297  2.4328603744506836
4494    24.467145919799805  40.535335540771484  1.6290081739425659
4495    24.623392105102539  40.152164459228516  2.0898702144622803
4496    23.789773941040039  39.941734313964844  1.9913221597671509
4497    20.168058395385742  40.261844635009766  0.93021565675735474
4498    21.119951248168945  39.948524475097656  1.3261425495147705
4499    17.582910537719727  39.941799163818359  0.98398739099502563
4500    22.472738265991211  40.058002471923828  1.4929958581924438
4501    21.55885124206543  40.619915008544922  0.88050901889801025
4502    -0.168789342045784  27.722654342651367  2.4376776218414307
4503    19.399757385253906  19.81501579284668  0.65024697780609131
4504    19.5247802734375  20.671176910400391  1.2692314386367798
4505    20.688283920288086  20.070196151733398  0.91753160953521729
4506    21.375766754150391  20.692270278930664  1.4720211029052734
4507    25.813869476318359  19.380048751831055  1.7474263906478882
4508    25.021894454956055  18.582513809204102  1.2366509437561035
4509    25.261613845825195  19.376749038696289  1.356866717338562
4510    25.812368392944336  18.247909545898438  1.6720287799835205
4511    18.617240905761719  20.404420852661133  0.87092870473861694
4512    18.271404266357422  20.001014709472656  0.59257972240447998
4513    17.787410736083984  20.400186538696289  0.77855110168457031
4514    8.8280086517333984  20.416952133178711  0.57299572229385376
4515    9.2128486633300781  20.59613037109375  0.83203566074371338
4516    9.4713821411132812  20.324932098388672  0.61557263135910034
4517    8.2290096282958984  20.855974197387695  0.60583752393722534
4518    8.6642475128173828  20.943489074707031  0.91947096586227417
4519    7.9721136093139648  22.052541732788086  0.98008972406387329
4520    22.792850494384766  20.437717437744141  1.3677088022232056
4521    21.980167388916016  19.836790084838867  0.93474239110946655
4522    26.270038604736328  18.888628005981445  2.2121613025665283
4523    26.257282257080078  19.523124694824219  2.2037861347198486
4524    24.600473403930664  19.428945541381836  1.1847567558288574
4525    23.760637283325195  18.582704544067383  0.88536149263381958
4526    23.439214706420898  19.698572158813477  1.0598819255828857
4527    26.101896286010742  19.903215408325195  2.2767412662506104
4528    25.644899368286133  20.192628860473633  2.093458890914917
4529    9.3554878234863281  21.007715225219727  1.3269245624542236
4530    8.5548858642578125  21.555583953857422  1.4190061092376709
4531    8.1229715347290039  22.908321380615234  1.9939439296722412
4532    7.5852599143981934  24.726963043212891  1.3234773874282837
4533    23.684272766113281  20.399631500244141  1.4445701837539673
4534    25.212249755859375  19.90355110168457  1.5656628608703613
4535    24.408716201782227  20.158964157104492  1.4561259746551514
4536    25.795999526977539  16.989353179931641  2.0494735240936279
4537    25.755283355712891  17.414323806762695  1.7191905975341797
4538    26.174768447875977  17.757108688354492  2.2953999042510986
4539    25.178144454956055  17.507585525512695  1.3691328763961792
4540    24.577651977539062  16.739595413208008  1.3938968181610107
4541    24.09251594543457  17.410102844238281  1.0088226795196533
4542    25.295768737792969  16.829381942749023  1.7056636810302734
4543    23.872177124023438  16.532869338989258  1.1949331760406494
4544    22.616382598876953  17.474357604980469  0.63597959280014038
4545    23.166875839233398  16.584644317626953  0.90730446577072144
4546    25.914361953735352  16.872116088867188  2.7357983589172363
4547    25.336284637451172  16.454120635986328  2.3008527755737305
4548    21.539167404174805  15.330927848815918  2.2597849369049072
4549    21.275545120239258  15.485954284667969  1.3632053136825562
4550    22.286792755126953  15.617727279663086  1.4296236038208008
4551    22.69416618347168  15.563161849975586  2.0567662715911865
4552    24.638950347900391  16.265031814575195  1.9389412403106689
4553    24.042808532714844  16.199516296386719  1.5900657176971436
4554    23.243803024291992  15.977503776550293  1.4284375905990601
4555    22.635705947875977  16.006490707397461  0.98946428298950195
4556    9.7841968536376953  20.570064544677734  0.89290416240692139
4557    7.7403402328491211  25.912714004516602  2.6203348636627197
4558    16.740169525146484  20.51750373840332  0.8560064435005188
4559    17.781423568725586  20.836923599243164  1.2255189418792725
4560    16.407489776611328  20.9501953125  1.2950122356414795
4561    15.317071914672852  20.665624618530273  1.0325477123260498
4562    20.096343994140625  21.251926422119141  2.0417888164520264
4563    13.43513011932373  21.271488189697266  2.1344802379608154
4564    14.026314735412598  20.867530822753906  1.3448481559753418
4565    12.405611038208008  20.836246490478516  1.4144237041473389
4566    15.266688346862793  21.21391487121582  1.8050389289855957
4567    12.236957550048828  21.239261627197266  2.1687519550323486
4568    11.203782081604004  21.208961486816406  2.0956296920776367
4569    10.64151668548584  20.768390655517578  1.2588542699813843
4570    63.541065216064453  27.963663101196289  2.5089497566223145
4571    23.349538803100586  20.782041549682617  1.7695461511611938
4572    22.518487930297852  20.997888565063477  1.9222724437713623
4573    24.945676803588867  20.492938995361328  1.9851794242858887
4574    24.101865768432617  20.707300186157227  1.9122514724731445
4575    12.667214393615723  16.086214065551758  0.1865830272436142
4576    9.2069854736328125  16.121677398681641  0.25274664163589478
4577    10.069716453552246  18.378297805786133  0.09712645411491394
4578    11.93441104888916  14.94312858581543  0.23873436450958252
4579    6.1709861755371094  23.656213760375977  0.13366562128067017
4580    2.6872572898864746  19.872467041015625  0.40894243121147156
4581    2.8526577949523926  27.16773796081543  0.31842035055160522
4582    5.2523884773254395  17.167600631713867  0.34185478091239929
4583    67.253341674804688  21.649459838867188  0.31677713990211487
4584    65.588752746582031  19.676908493041992  0.46093660593032837
4585    65.692771911621094  27.304176330566406  0.31515467166900635
4586    16.686849594116211  15.61408519744873  0.63536447286605835
4587    18.12083625793457  15.964874267578125  0.64858162403106689
4588    17.110721588134766  15.229640007019043  1.1744368076324463
4589    64.032508850097656  21.977611541748047  1.3175958395004272
4590    64.467781066894531  26.734746932983398  0.7155156135559082
4591    21.972307205200195  15.807523727416992  0.95127618312835693
4592    21.122011184692383  15.922101020812988  0.81047695875167847
4593    13.048813819885254  18.014007568359375  0.10605945438146591
4594    20.007322311401367  15.470803260803223  1.3192529678344727
4595    19.769433975219727  16.045589447021484  0.71023792028427124
4596    18.530885696411133  15.424624443054199  1.2696069478988647
4597    15.182126045227051  15.495553970336914  0.43652790784835815
4598    15.880858421325684  14.91646671295166  1.0122723579406738
4599    13.579736709594727  14.486617088317871  0.44261452555656433
4600    14.914702415466309  14.526978492736816  0.78345000743865967
4601    11.700536727905273  14.05844783782959  0.38877257704734802
4602    13.226399421691895  13.433327674865723  0.68125736713409424
4603    69.862380981445312  15.176033020019531  1.0637086629867554
4604    70.027961730957031  20.094682693481445  0.81370961666107178
4605    70.554519653320312  16.632793426513672  1.5641765594482422
4606    70.823593139648438  21.4539794921875  1.6297847032546997
4607    1.2038910388946533  24.881965637207031  0.64871728420257568
4608    0.38560295104980469  21.308849334716797  1.2908958196640015
4609    14.372563362121582  13.820717811584473  0.94527614116668701
4610    68.777961730957031  18.848554611206055  0.45177236199378967
4611    69.10736083984375  25.413908004760742  0.35933277010917664
4612    67.999290466308594  28.363368988037109  0.1612367182970047
4613    64.768341064453125  21.550203323364258  0.60530078411102295
4614    21.119241714477539  16.761699676513672  0.50072365999221802
4615    19.439226150512695  17.06682014465332  0.35650980472564697
4616    17.070232391357422  16.663368225097656  0.30609303712844849
4617    22.18028450012207  16.373037338256836  0.69526791572570801
4618    9.4082460403442383  19.78166389465332  0.080896027386188507
4619    7.3941912651062012  21.639238357543945  0.080162018537521362
4620    8.1241235733032227  20.796106338500977  0.16215260326862335
4621    6.7970218658447266  24.109672546386719  0.13287182152271271
4622    70.110595703125  25.875988006591797  0.6435697078704834
4623    67.019027709960938  28.373003005981445  0.13506568968296051
4624    14.935671806335449  16.742645263671875  0.18105340003967285
4625    1.1500052213668823  47.528526306152344  1.9825551509857178
4626    2.2919869422912598  47.561527252197266  1.3389530181884766
4627    0.92275512218475342  47.039749145507812  1.3008602857589722
4628    12.562128067016602  48.006828308105469  1.1392672061920166
4629    13.382534027099609  48.112613677978516  1.5909930467605591
4630    13.672451019287109  47.786346435546875  1.1971280574798584
4631    14.131913185119629  47.718917846679688  1.744368314743042
4632    11.994746208190918  48.332725524902344  1.8124303817749023
4633    10.927169799804688  48.186912536621094  1.2468886375427246
4634    9.0651063919067383  48.384391784667969  1.9119871854782104
4635    8.9420194625854492  47.968452453613281  1.0578262805938721
4636    5.5669264793395996  47.750102996826172  1.2781387567520142
4637    63.922992706298828  45.819374084472656  1.6298809051513672
4638    64.250297546386719  47.054172515869141  1.2652243375778198
4639    64.108757019042969  45.450061798095703  1.0632250308990479
4640    3.164146900177002  48.219062805175781  2.3240346908569336
4641    70.216033935546875  47.654842376708984  1.6508822441101074
4642    69.782844543457031  47.337234497070312  1.1593388319015503
4643    69.30157470703125  48.119400024414062  1.8734598159790039
4644    0.53961318731307983  16.032405853271484  1.6244409084320068
4645    1.2813829183578491  16.798622131347656  0.83739423751831055
4646    1.1121975183486938  19.719871520996094  0.66594070196151733
4647    5.4261746406555176  12.616697311401367  1.4397960901260376
4648    6.2533459663391113  13.951798439025879  0.72266501188278198
4649    8.9284782409667969  12.608612060546875  1.2787647247314453
4650    64.405242919921875  47.520725250244141  1.8946502208709717
4651    64.916397094726562  47.514743804931641  1.2634145021438599
4652    65.477851867675781  48.104583740234375  2.0426704883575439
4653    70.420143127441406  46.581306457519531  1.2643181085586548
4654    70.674026489257812  46.416667938232422  1.8960890769958496
4655    68.6339111328125  47.527915954589844  1.1698532104492188
4656    67.391815185546875  48.208961486816406  2.0927360057830811
4657    67.410316467285156  47.234901428222656  1.0548528432846069
4658    66.1463623046875  47.457107543945312  1.2216991186141968
4659    20.427623748779297  45.406620025634766  1.8094781637191772
4660    19.535755157470703  45.204692840576172  1.1976277828216553
4661    18.725248336791992  45.564857482910156  2.1415979862213135
4662    15.66816520690918  46.143669128417969  1.4162107706069946
4663    16.296335220336914  45.529872894287109  0.96832561492919922
4664    15.263154983520508  45.778282165527344  0.78184241056442261
4665    16.886323928833008  45.804237365722656  1.8188028335571289
4666    21.918643951416016  45.300914764404297  2.0126662254333496
4667    22.471935272216797  44.938735961914062  1.2120041847229004
4668    21.150848388671875  45.097923278808594  1.1928355693817139
4669    23.079113006591797  45.073661804199219  1.7301671504974365
4670    6.0164546966552734  48.435501098632812  2.328871488571167
4671    63.924545288085938  41.640060424804688  1.2939534187316895
4672    17.803590774536133  45.336578369140625  1.1578569412231445
4673    0.39689919352531433  41.491168975830078  1.2898261547088623
4674    0.36212414503097534  45.783988952636719  1.6529276371002197
4675    0.6720767617225647  45.397689819335938  1.0725390911102295
4676    70.623588562011719  43.684993743896484  1.2848923206329346
4677    70.991294860839844  43.039112091064453  2.3590402603149414
4678    63.676567077636719  43.612983703613281  2.1128928661346436
4679    1.5783007144927979  14.239426612854004  1.1683666706085205
4680    0.00920124351978302  43.559959411621094  2.1174044609069824
4681    9.6273593902587891  13.674034118652344  0.56875491142272949
4682    13.918756484985352  13.137829780578613  1.2237886190414429
4683    11.577817916870117  13.017882347106934  0.73497390747070312
4684    12.951685905456543  12.83030891418457  0.97585916519165039
4685    66.932449340820312  13.123143196105957  1.444951057434082
4686    67.866325378417969  15.641204833984375  0.70501905679702759
4687    68.816917419433594  13.50634765625  1.2805048227310181
4688    69.185958862304688  15.815587997436523  0.71652162075042725
4689    66.020057678222656  15.594849586486816  0.80327469110488892
4690    64.754814147949219  17.191621780395508  0.87472093105316162
4691    11.740795135498047  12.537538528442383  1.2154238224029541
4692    13.034870147705078  12.630945205688477  1.6060446500778198
4693    3.0836000442504883  15.18006420135498  0.67084944248199463
4694    3.2009763717651367  13.204360961914062  1.2613922357559204
4695    64.845787048339844  14.371109962463379  1.2591233253479004
4696    65.499221801757812  13.266619682312012  1.478018045425415
4697    64.128623962402344  16.206680297851562  1.6701480150222778
4698    70.014419555664062  13.721138954162598  1.7272399663925171
4699    26.505289077758789  18.621522903442383  2.9676415920257568
4700    26.399847030639648  17.591594696044922  3.3723430633544922
4701    25.315330505371094  16.271022796630859  3.132194995880127
4702    25.888408660888672  16.670120239257812  3.782869815826416
4703    26.346780776977539  19.681161880493164  2.8878917694091797
4704    9.9238929748535156  21.333354949951172  2.1003856658935547
4705    8.8852462768554688  21.728906631469727  2.0752971172332764
4706    8.4742584228515625  22.477785110473633  2.9021110534667969
4707    25.285181045532227  20.647920608520508  2.5786285400390625
4708    25.836828231811523  20.361600875854492  2.7969841957092285
4709    16.974775314331055  14.874313354492188  3.0327064990997314
4710    17.461641311645508  15.027027130126953  1.9213118553161621
4711    18.785444259643555  15.129999160766602  2.3676354885101318
4712    17.976268768310547  15.076290130615234  3.4459519386291504
4713    16.176740646362305  14.631453514099121  2.003659725189209
4714    15.067231178283691  13.841105461120605  2.5041275024414062
4715    15.20768928527832  14.188203811645508  1.4228010177612305
4716    14.641879081726074  13.562118530273438  1.5826046466827393
4717    14.138154983520508  13.070488929748535  2.0994517803192139
4718    70.696113586425781  14.921568870544434  2.4965107440948486
4719    71.036781311035156  19.443445205688477  2.6503124237060547
4720    71.02239990234375  16.829488754272461  3.6724183559417725
4721    63.840690612792969  15.461991310119629  2.6622669696807861
4722    63.5494384765625  17.192911148071289  3.9414985179901123
4723    63.627120971679688  20.036594390869141  2.6578660011291504
4724    64.040740966796875  13.797287940979004  3.5351924896240234
4725    63.363597869873047  26.133426666259766  4.9735965728759766
4726    24.577901840209961  15.996049880981445  2.7400574684143066
4727    23.664243698120117  15.807395935058594  2.2830257415771484
4728    12.548688888549805  21.427471160888672  2.7165360450744629
4729    11.655788421630859  21.452545166015625  2.8195860385894775
4730    22.48851203918457  15.47041130065918  3.0773911476135254
4731    -0.080117560923099518  19.866764068603516  2.5893239974975586
4732    -0.37028419971466064  25.998859405517578  4.7147231101989746
4733    20.144289016723633  15.182777404785156  2.878715991973877
4734    20.379810333251953  15.245479583740234  1.9740349054336548
4735    22.237396240234375  21.634315490722656  3.4034233093261719
4736    22.31097412109375  21.379779815673828  2.5321660041809082
4737    21.528724670410156  21.597131729125977  2.8242552280426025
4738    71.252799987792969  24.365610122680664  4.8982763290405273
4739    71.285316467285156  35.628158569335938  4.3534493446350098
4740    16.846290588378906  21.229730606079102  1.7504042387008667
4741    16.549037933349609  21.607666015625  2.6092562675476074
4742    21.496335983276367  21.295373916625977  2.2038314342498779
4743    20.591323852539062  21.589790344238281  2.6579873561859131
4744    18.895450592041016  21.708530426025391  2.8672463893890381
4745    18.297378540039062  21.269842147827148  1.9421526193618774
4746    -0.35499486327171326  33.965797424316406  3.5474286079406738
4747    7.7181763648986816  28.919424057006836  3.9178693294525146
4748    23.313899993896484  21.157476425170898  2.510683536529541
4749    14.433293342590332  21.605964660644531  2.8130550384521484
4750    63.372257232666016  34.077186584472656  3.6604282855987549
4751    13.304046630859375  21.596166610717773  3.141409158706665
4752    13.805691719055176  21.678064346313477  3.1335654258728027
4753    8.0323076248168945  23.769340515136719  3.1614086627960205
4754    24.473094940185547  20.932773590087891  2.6678752899169922
4755    24.050939559936523  44.871055603027344  2.9018833637237549
4756    23.199018478393555  45.148788452148438  3.4884481430053711
4757    24.015861511230469  44.866905212402344  3.8380210399627686
4758    21.962640762329102  45.335006713867188  3.1707489490509033
4759    23.12451171875  45.165927886962891  2.5153398513793945
4760    20.431854248046875  45.479366302490234  2.7529585361480713
4761    18.863773345947266  45.561141967773438  3.3982753753662109
4762    17.124164581298828  45.846961975097656  3.0730879306793213
4763    24.853208541870117  44.345169067382812  3.3368332386016846
4764    24.661031723022461  44.461620330810547  2.374380350112915
4765    15.880312919616699  46.273834228515625  3.371837854385376
4766    15.906427383422852  46.320953369140625  2.4179975986480713
4767    15.261457443237305  46.468006134033203  4.0410099029541016
4768    15.071170806884766  46.918666839599609  3.1163961887359619
4769    -0.25812637805938721  41.056613922119141  3.9019680023193359
4770    25.553491592407227  42.80267333984375  2.8956458568572998
4771    25.300472259521484  43.678306579589844  2.6938526630401611
4772    25.434810638427734  43.566722869873047  3.5619955062866211
4773    25.655107498168945  42.798095703125  3.7317314147949219
4774    70.963943481445312  45.747402191162109  3.5311605930328369
4775    70.748031616210938  46.782703399658203  2.8337788581848145
4776    70.693107604980469  47.390754699707031  3.6011598110198975
4777    63.444602966308594  41.108905792236328  3.9604158401489258
4778    14.293882369995117  47.627304077148438  2.6415042877197266
4779    14.259380340576172  47.565452575683594  3.5722115039825439
4780    14.686899185180664  47.056064605712891  3.9620540142059326
4781    -0.046463228762149811  43.928443908691406  3.094935417175293
4782    0.33855465054512024  46.370147705078125  2.5602872371673584
4783    63.328533172607422  37.408119201660156  5.5626745223999023
4784    12.398969650268555  39.15972900390625  3.4877257347106934
4785    12.54258918762207  39.324272155761719  2.5360231399536133
4786    13.603330612182617  39.242122650146484  2.6759939193725586
4787    25.373706817626953  40.718589782714844  3.1633329391479492
4788    25.449914932250977  40.852752685546875  4.1293854713439941
4789    24.918533325195312  40.069976806640625  3.6044130325317383
4790    13.291537284851074  39.133010864257812  3.7606437206268311
4791    71.17474365234375  42.087944030761719  3.7239909172058105
4792    24.044681549072266  39.481307983398438  3.6381123065948486
4793    24.431341171264648  39.829757690429688  2.711662769317627
4794    25.056533813476562  44.162975311279297  2.5730729103088379
4795    -0.39588385820388794  37.253376007080078  5.3214020729064941
4796    63.63714599609375  43.957172393798828  3.0964276790618896
4797    25.613679885864258  41.727279663085938  3.3773152828216553
4798    8.7697553634643555  12.130459785461426  2.7631494998931885
4799    8.855748176574707  12.172143936157227  2.0281968116760254
4800    10.995379447937012  12.294905662536621  2.0369744300842285
4801    11.159381866455078  12.298848152160645  3.1852600574493408
4802    0.20989185571670532  15.410558700561523  2.6181001663208008
4803    -0.163239985704422  17.151882171630859  3.874713659286499
4804    0.47284612059593201  13.795781135559082  3.5140893459320068
4805    1.2910215854644775  13.479570388793945  2.08595871925354
4806    66.844566345214844  12.201259613037109  3.0917527675628662
4807    65.735832214355469  12.472169876098633  2.3075704574584961
4808    66.831390380859375  12.298845291137695  2.1807773113250732
4809    68.809478759765625  12.332046508789062  3.075855016708374
4810    69.245559692382812  12.633098602294922  2.0875067710876465
4811    70.046829223632812  12.963665008544922  2.6717462539672852
4812    67.953750610351562  12.400568008422852  2.1242251396179199
4813    64.545463562011719  13.502677917480469  2.16806960105896
4814    12.986875534057617  12.564578056335449  2.6227700710296631
4815    7.885920524597168  48.507270812988281  3.0378224849700928
4816    4.8078136444091797  48.463283538818359  3.1974983215332031
4817    63.935264587402344  46.380851745605469  2.522186279296875
4818    67.253082275390625  48.40020751953125  3.4869964122772217
4819    68.952629089355469  48.326946258544922  3.0523755550384521
4820    70.148292541503906  47.847476959228516  2.4145083427429199
4821    70.189849853515625  47.961956024169922  3.3343627452850342
4822    11.162474632263184  48.387763977050781  2.9012022018432617
4823    13.26337718963623  48.143943786621094  2.3176116943359375
4824    13.241449356079102  48.055648803710938  3.2742493152618408
4825    65.862030029296875  48.293548583984375  3.0967581272125244
4826    1.3013144731521606  47.807918548583984  2.9678313732147217
4827    2.6189107894897461  48.29229736328125  3.322643518447876
4828    64.651451110839844  47.798801422119141  2.8513052463531494
4829    3.3099141120910645  12.478703498840332  2.1408858299255371
4830    6.3511648178100586  12.19462776184082  2.2641234397888184
4831    7.7732715606689453  32.744609832763672  5.2339053153991699
4832    7.9035935401916504  35.437110900878906  3.8803188800811768
4833    7.8636984825134277  35.860679626464844  2.7771351337432861
4834    16.206995010375977  38.819442749023438  3.165647029876709
4835    16.525016784667969  39.15960693359375  2.2416298389434814
4836    17.90492057800293  38.864681243896484  2.9366531372070312
4837    14.839505195617676  39.148746490478516  2.4982500076293945
4838    15.266988754272461  38.972206115722656  2.8788290023803711
4839    8.2616281509399414  38.074245452880859  2.1662883758544922
4840    7.9744052886962891  37.052165985107422  2.4683465957641602
4841    10.930820465087891  39.220561981201172  2.6724991798400879
4842    11.672281265258789  39.210304260253906  2.9210548400878906
4843    14.248571395874023  39.031383514404297  3.1959593296051025
4844    22.705263137817383  39.451942443847656  2.4421224594116211
4845    21.191442489624023  39.426734924316406  2.0610520839691162
4846    23.663984298706055  39.4964599609375  2.8093719482421875
4847    21.641452789306641  39.029781341552734  3.0588414669036865
4848    9.028843879699707  38.990036010742188  2.1519045829772949
4849    18.742856979370117  39.193359375  2.1436874866485596
4850    19.931564331054688  38.974403381347656  2.7972679138183594
4851    22.913656234741211  39.111469268798828  3.571908712387085
4852    20.002458572387695  39.257648468017578  2.0950908660888672
4853    7.2219147682189941  37.27764892578125  0.175111323595047
4854    6.2214245796203613  34.789836883544922  0.097138375043869019
4855    7.7930221557617188  39.851802825927734  0.089729256927967072
4856    7.0873126983642578  41.541507720947266  0.14049525558948517
4857    22.087072372436523  41.641387939453125  0.55001276731491089
4858    20.236240386962891  41.220043182373047  0.48453104496002197
4859    17.369853973388672  41.913051605224609  0.16098006069660187
4860    16.18177604675293  41.187660217285156  0.30319255590438843
4861    15.287067413330078  42.118228912353516  0.14726290106773376
4862    8.2553644180297852  39.559226989746094  0.36275157332420349
4863    8.9537153244018555  40.706890106201172  0.16221630573272705
4864    14.146289825439453  41.110202789306641  0.35518756508827209
4865    10.960643768310547  41.973392486572266  0.15702877938747406
4866    9.8199920654296875  40.793487548828125  0.3582271933555603
4867    12.337611198425293  41.484161376953125  0.29038122296333313
4868    16.96461296081543  40.485580444335938  0.58987885713577271
4869    14.686464309692383  40.372085571289062  0.69666677713394165
4870    12.353067398071289  40.444267272949219  0.73344063758850098
4871    10.640898704528809  40.541446685791016  0.61755287647247314
4872    7.4065752029418945  37.678688049316406  0.42885902523994446
4873    23.192869186401367  41.472797393798828  0.69532656669616699
4874    18.245485305786133  41.226825714111328  0.32986932992935181
4875    18.793725967407227  40.477352142333984  0.65930330753326416
4876    15.751866340637207  43.055873870849609  0.10772247612476349
4877    13.670511245727539  43.119640350341797  0.12595425546169281
4878    20.817567825317383  42.302562713623047  0.32770481705665588
4879    19.147527694702148  42.186702728271484  0.22552286088466644
4880    19.94148063659668  43.589385986328125  0.35087534785270691
4881    17.425745010375977  42.835475921630859  0.14098207652568817
4882    10.480347633361816  42.961734771728516  0.10874281078577042
4883    22.027050018310547  42.880424499511719  0.42966809868812561
4884    23.356935501098633  42.348186492919922  0.67260903120040894
4885    4.2998743057250977  34.190910339355469  0.21136933565139771
4886    7.1502971649169922  35.031745910644531  0.6344749927520752
4887    6.8320050239562988  34.927394866943359  0.28106090426445007
4888    6.7154507637023926  31.912471771240234  0.34742867946624756
4889    6.4462885856628418  30.662429809570312  0.15501320362091064
4890    7.0485119819641113  30.586034774780273  0.7376207709312439
4891    70.047882080078125  31.909929275512695  0.64521139860153198
4892    23.201333999633789  43.500385284423828  0.69352096319198608
4893    1.4127519130706787  46.402820587158203  0.92480039596557617
4894    5.1256728172302246  46.004280090332031  0.56173163652420044
4895    3.8664813041687012  42.044757843017578  0.38206106424331665
4896    3.0374681949615479  46.010318756103516  0.75810432434082031
4897    6.4041266441345215  44.915451049804688  0.30514377355575562
4898    1.5358421802520752  43.283409118652344  0.73163443803787231
4899    70.014945983886719  39.80926513671875  0.68959510326385498
4900    68.816551208496094  34.658180236816406  0.29166093468666077
4901    69.024932861328125  42.485916137695312  0.46524238586425781
4902    13.470529556274414  46.480918884277344  0.57677197456359863
4903    12.308818817138672  45.269851684570312  0.24779735505580902
4904    11.597290992736816  46.3524169921875  0.37323608994483948
4905    14.169252395629883  45.646183013916016  0.46524196863174438
4906    67.305152893066406  39.469028472900391  0.28119438886642456
4907    65.645744323730469  41.476467132568359  0.44989398121833801
4908    66.634658813476562  45.133934020996094  0.62478113174438477
4909    65.316070556640625  45.832260131835938  0.75598055124282837
4910    64.514007568359375  46.411502838134766  0.90618890523910522
4911    64.569740295410156  43.329303741455078  0.74068737030029297
4912    12.938357353210449  47.346920013427734  0.76129412651062012
4913    10.733506202697754  47.431118011474609  0.68955373764038086
4914    8.9741144180297852  45.661815643310547  0.29525554180145264
4915    7.6443977355957031  46.970630645751953  0.60071051120758057
4916    1.5578879117965698  35.053581237792969  0.65529161691665649
4917    66.660942077636719  32.932392120361328  0.14777100086212158
4918    65.907882690429688  35.697048187255859  0.27829766273498535
4919    22.904388427734375  44.355636596679688  0.8402782678604126
4920    21.60284423828125  44.498680114746094  0.70491749048233032
4921    67.579475402832031  32.960182189941406  0.12727214395999908
4922    64.626228332519531  35.570476531982422  0.67949175834655762
4923    10.12006950378418  44.657840728759766  0.16546118259429932
4924    13.020882606506348  12.46137523651123  80.647491455078125
4925    13.812444686889648  12.699467658996582  80.972633361816406
4926    13.154202461242676  12.643157958984375  81.221595764160156
4927    67.947761535644531  13.189509391784668  80.988021850585938
4928    66.494003295898438  13.179444313049316  81.052848815917969
4929    67.113990783691406  12.35333251953125  80.054977416992188
4930    65.595329284667969  12.656085014343262  80.443695068359375
4931    65.434593200683594  13.458740234375  81.185623168945312
4932    64.689453125  13.661491394042969  80.862068176269531
4933    64.671943664550781  13.101557731628418  79.908889770507812
4934    64.330848693847656  15.746991157531738  81.189682006835938
4935    64.075057983398438  15.192813873291016  80.448410034179688
4936    13.989691734313965  12.756270408630371  80.300590515136719
4937    68.935798645019531  12.506673812866211  80.127487182617188
4938    11.700535774230957  12.617371559143066  81.110626220703125
4939    11.064769744873047  12.263589859008789  80.206703186035156
4940    68.108253479003906  45.348358154296875  0.61830508708953857
4941    70.00396728515625  45.037647247314453  0.82107633352279663
4942    69.239608764648438  46.190650939941406  0.73895007371902466
4943    64.032829284667969  19.350442886352539  81.011100769042969
4944    63.675464630126953  18.817249298095703  79.861122131347656
4945    0.94118046760559082  15.645627021789551  81.145233154296875
4946    1.6671528816223145  13.572931289672852  80.74261474609375
4947    7.0677247047424316  12.78026008605957  81.061256408691406
4948    9.6788568496704102  12.525974273681641  80.945632934570312
4949    9.7088813781738281  13.662860870361328  81.602256774902344
4950    5.6336517333984375  14.368406295776367  81.624458312988281
4951    0.44373229146003723  19.163120269775391  80.985008239746094
4952    0.54283809661865234  15.091341018676758  80.393821716308594
4953    70.654800415039062  14.421783447265625  80.293739318847656
4954    70.974777221679688  17.922277450561523  79.960662841796875
4955    70.72454833984375  17.011472702026367  80.921417236328125
4956    70.534019470214844  14.118127822875977  80.976158142089844
4957    14.619086265563965  13.349119186401367  79.986984252929688
4958    14.261102676391602  13.141574859619141  80.893310546875
4959    -0.010527914389967918  18.44243049621582  79.846870422363281
4960    70.070960998535156  13.084865570068359  80.627655029296875
4961    70.136009216308594  13.662506103515625  81.221000671386719
4962    69.311668395996094  13.384480476379395  81.102890014648438
4963    20.255735397338867  44.695747375488281  0.71950697898864746
4964    22.068161010742188  43.820484161376953  0.50695371627807617
4965    13.474265098571777  44.479480743408203  0.20192539691925049
4966    16.564168930053711  43.983802795410156  0.25409102439880371
4967    14.762361526489258  44.212051391601562  0.19216513633728027
4968    15.35666561126709  44.993881225585938  0.42856034636497498
4969    16.904306411743164  44.954753875732422  0.61100119352340698
4970    18.539667129516602  44.689849853515625  0.62914139032363892
4971    11.599557876586914  20.226081848144531  0.71424698829650879
4972    10.240647315979004  20.260507583618164  0.64308840036392212
4973    7.6915335655212402  21.48602294921875  0.44712716341018677
4974    7.3224096298217773  23.818269729614258  0.60685825347900391
4975    7.249417781829834  22.688941955566406  0.25962260365486145
4976    6.8111004829406738  27.102190017700195  0.35000252723693848
4977    17.170942306518555  19.92048454284668  0.51920396089553833
4978    15.575133323669434  19.964447021484375  0.54976820945739746
4979    13.603683471679688  20.189748764038086  0.7267950177192688
4980    13.934988975524902  19.140554428100586  0.26176345348358154
4981    11.953405380249023  19.573495864868164  0.32850512862205505
4982    17.95429801940918  19.157194137573242  0.34757432341575623
4983    16.086441040039062  19.132976531982422  0.2771436870098114
4984    10.634531021118164  19.846677780151367  0.37754777073860168
4985    9.3285512924194336  20.077966690063477  0.3617328405380249
4986    8.2324104309082031  20.495803833007812  0.35001498460769653
4987    19.391801834106445  18.911050796508789  0.3538927435874939
4988    22.358949661254883  18.792593002319336  0.66541188955307007
4989    20.779733657836914  19.117864608764648  0.53718769550323486
4990    7.1749734878540039  26.792078018188477  0.80766332149505615
4991    11.69780158996582  19.011087417602539  0.136458620429039
4992    10.128637313842773  19.6041259765625  0.18425387144088745
4993    14.939513206481934  18.517534255981445  0.1495072990655899
4994    21.12376594543457  17.91215705871582  0.41463297605514526
4995    19.924045562744141  18.22850227355957  0.30526703596115112
4996    18.425731658935547  18.018363952636719  0.23896767199039459
4997    16.182931900024414  18.001321792602539  0.17213699221611023
4998    7.6947188377380371  20.992788314819336  0.24955081939697266
4999    21.766281127929688  22.124868392944336  5.3902087211608887
5000    22.550531387329102  22.04655647277832  6.1909427642822266
5001    22.789999008178711  21.790620803833008  5.364387035369873
5002    21.409547805786133  22.434261322021484  6.2285895347595215
5003    21.982128143310547  22.502527236938477  6.8409786224365234
5004    19.840232849121094  22.489353179931641  5.6020002365112305
5005    25.215192794799805  20.076623916625977  5.6182031631469727
5006    25.035640716552734  20.6337890625  5.1773238182067871
5007    24.580652236938477  20.425956726074219  5.7731013298034668
5008    24.248056411743164  21.012527465820312  5.2647199630737305
5009    12.748251914978027  21.495122909545898  5.5309514999389648
5010    13.050915718078613  21.952634811401367  6.1142096519470215
5011    13.579176902770996  22.038904190063477  5.283322811126709
5012    12.640314102172852  21.169397354125977  6.1873331069946289
5013    12.068584442138672  21.512731552124023  6.0825319290161133
5014    11.474526405334473  22.270334243774414  5.972527027130127
5015    12.017840385437012  22.275583267211914  6.4889125823974609
5016    12.307621955871582  21.632085800170898  6.4301323890686035
5017    12.269393920898438  21.262928009033203  5.6867785453796387
5018    12.344040870666504  20.524627685546875  6.2539558410644531
5019    12.480833053588867  20.523712158203125  6.1974301338195801
5020    12.365632057189941  20.621471405029297  6.4215178489685059
5021    13.626456260681152  22.693881988525391  6.6165561676025391
5022    13.947571754455566  22.410205841064453  5.9260764122009277
5023    17.23088264465332  22.868860244750977  6.3296313285827637
5024    15.138814926147461  22.766056060791016  6.232447624206543
5025    8.3364677429199219  24.142475128173828  7.1594715118408203
5026    8.7157354354858398  23.513355255126953  6.3844671249389648
5027    8.22186279296875  23.911111831665039  6.0288867950439453
5028    8.6631803512573242  23.242109298706055  5.620114803314209
5029    14.611289978027344  23.00633430480957  6.8541502952575684
5030    23.462806701660156  21.384088516235352  5.8260493278503418
5031    23.335615158081055  21.612066268920898  6.5476207733154297
5032    10.67948055267334  22.71049690246582  6.0337371826171875
5033    9.9071645736694336  22.971061706542969  6.1139163970947266
5034    11.33908748626709  22.81233024597168  6.6329379081726074
5035    9.3688602447509766  23.311733245849609  6.6035828590393066
5036    9.2461776733398438  23.040645599365234  5.8135952949523926
5037    12.581048011779785  18.337526321411133  6.6643128395080566
5038    12.53260612487793  18.609409332275391  6.6639189720153809
5039    12.442245483398438  19.511020660400391  6.5264105796813965
5040    25.821273803710938  19.648748397827148  5.3815388679504395
5041    25.252445220947266  19.29743766784668  5.8739128112792969
5042    25.871578216552734  18.645980834960938  5.5438885688781738
5043    24.753299713134766  19.783498764038086  6.023282527923584
5044    25.200456619262695  18.48663330078125  5.9591970443725586
5045    24.071670532226562  19.7191162109375  6.6579489707946777
5046    24.264867782592773  20.074056625366211  6.2391352653503418
5047    23.84901237487793  20.791097640991211  6.4794621467590332
5048    24.049127578735352  20.760316848754883  5.9561047554016113
5049    12.449273109436035  19.656518936157227  6.4675130844116211
5050    12.461176872253418  19.297191619873047  6.5743718147277832
5051    26.356927871704102  19.168981552124023  4.8933348655700684
5052    26.405477523803711  18.22242546081543  5.0372738838195801
5053    24.482767105102539  18.921047210693359  6.2861862182617188
5054    26.164649963378906  19.920063018798828  4.8682494163513184
5055    25.697826385498047  20.292686462402344  5.0408234596252441
5056    18.529331207275391  22.730648040771484  6.018834114074707
5057    18.928226470947266  22.901811599731445  6.6490564346313477
5058    7.8008999824523926  33.561367034912109  6.7694549560546875
5059    7.9393277168273926  35.031219482421875  6.220703125
5060    7.9226212501525879  24.876466751098633  6.022162914276123
5061    7.7520174980163574  29.112054824829102  6.5146450996398926
5062    12.479026794433594  15.708822250366211  6.4532279968261719
5063    11.163323402404785  14.77381420135498  6.2884182929992676
5064    12.589306831359863  14.746787071228027  5.9956398010253906
5065    67.028076171875  14.85983943939209  7.0376081466674805
5066    65.382484436035156  14.891270637512207  6.8220515251159668
5067    66.124656677246094  14.446575164794922  6.3546099662780762
5068    64.954185485839844  14.511634826660156  6.0706214904785156
5069    25.828584671020508  17.155145645141602  5.4651474952697754
5070    26.05925178527832  16.86895751953125  5.1596102714538574
5071    26.220176696777344  17.177644729614258  5.257596492767334
5072    24.819255828857422  16.530500411987305  5.1938347816467285
5073    25.590085983276367  16.707639694213867  5.1640186309814453
5074    25.145355224609375  17.090934753417969  5.6254234313964844
5075    64.414833068847656  15.153646469116211  6.5455574989318848
5076    63.824535369873047  16.379568099975586  6.9588279724121094
5077    63.993244171142578  15.21958065032959  5.6998944282531738
5078    14.603744506835938  15.332733154296875  5.8453841209411621
5079    14.350558280944824  14.603425025939941  5.4486494064331055
5080    15.158939361572266  14.811128616333008  5.041633129119873
5081    14.423089981079102  14.070148468017578  4.9338784217834473
5082    13.51421070098877  15.485774040222168  6.1837072372436523
5083    13.645279884338379  14.68354320526123  5.7543630599975586
5084    6.2331414222717285  14.828316688537598  7.0442943572998047
5085    4.5717720985412598  14.687321662902832  6.8038878440856934
5086    6.3211259841918945  14.414880752563477  6.4388504028320312
5087    3.7240376472473145  14.32533073425293  6.2863030433654785
5088    67.627357482910156  14.320599555969238  6.2324833869934082
5089    11.609391212463379  15.542137145996094  6.7484021186828613
5090    10.291110038757324  15.115954399108887  6.9341745376586914
5091    8.9855871200561523  14.473038673400879  6.3618836402893066
5092    8.2201728820800781  14.839035987854004  6.9462757110595703
5093    2.3074593544006348  14.33478832244873  6.1877408027648926
5094    2.3911998271942139  14.804170608520508  6.7694191932678223
5095    1.3493843078613281  14.480878829956055  6.032597541809082
5096    63.489856719970703  18.558395385742188  5.8406739234924316
5097    15.618931770324707  15.476542472839355  5.5837135314941406
5098    15.648812294006348  16.059774398803711  6.2297801971435547
5099    13.320362091064453  16.38311767578125  6.5846405029296875
5100    12.677891731262207  16.716756820678711  6.6327943801879883
5101    12.240683555603027  16.488143920898438  6.8331551551818848
5102    -0.24078705906867981  18.539806365966797  5.705113410949707
5103    -0.43656563758850098  23.590087890625  7.5843005180358887
5104    0.1383051872253418  16.373249053955078  6.8985390663146973
5105    69.949951171875  15.051939010620117  6.2830710411071777
5106    70.726768493652344  16.686012268066406  6.9213871955871582
5107    69.76104736328125  15.325222969055176  7.0645160675048828
5108    69.084091186523438  14.631842613220215  6.4006743431091309
5109    68.513931274414062  14.821798324584961  6.8488812446594238
5110    9.8041000366210938  13.968295097351074  5.8196229934692383
5111    11.560564041137695  14.125519752502441  5.7880330085754395
5112    66.028495788574219  13.832793235778809  5.6373510360717773
5113    67.511619567871094  13.845203399658203  5.7082962989807129
5114    7.2459673881530762  13.886933326721191  5.8538174629211426
5115    64.609962463378906  14.071481704711914  5.4097046852111816
5116    13.830257415771484  14.131813049316406  5.375157356262207
5117    12.751771926879883  13.913445472717285  5.4734983444213867
5118    0.86123967170715332  15.128444671630859  6.5116262435913086
5119    68.966484069824219  14.089906692504883  5.6905918121337891
5120    70.486686706542969  15.524106025695801  5.5745759010314941
5121    71.111473083496094  19.486049652099609  6.3121623992919922
5122    14.378537178039551  16.097263336181641  6.4565763473510742
5123    0.2923654317855835  15.209441184997559  5.6678571701049805
5124    12.77408504486084  17.553865432739258  6.8449139595031738
5125    12.852758407592773  17.270862579345703  6.7036375999450684
5126    12.531147003173828  17.810083389282227  6.6894998550415039
5127    26.114521026611328  17.71388053894043  5.4096393585205078
5128    26.420038223266602  17.482566833496094  4.9814372062683105
5129    26.304283142089844  17.017173767089844  4.9317789077758789
5130    25.523931503295898  17.783096313476562  5.7419180870056152
5131    24.750005722045898  17.793752670288086  6.0130882263183594
5132    23.889623641967773  17.742879867553711  6.3193349838256836
5133    24.241392135620117  16.993541717529297  5.7949481010437012
5134    23.018377304077148  16.860101699829102  6.0702729225158691
5135    23.124885559082031  17.609716415405273  6.7109246253967285
5136    15.195199012756348  16.657722473144531  7.0806665420532227
5137    14.045368194580078  16.54918098449707  6.8983345031738281
5138    21.934036254882812  17.196788787841797  6.9337902069091797
5139    20.144870758056641  16.885833740234375  6.936974048614502
5140    21.331081390380859  16.404390335083008  5.9784841537475586
5141    19.431936264038086  16.368558883666992  6.1772923469543457
5142    23.780637741088867  18.565732955932617  6.8350677490234375
5143    16.652860641479492  15.77318000793457  5.6306242942810059
5144    18.208391189575195  15.953618049621582  5.6449489593505859
5145    17.007026672363281  16.276594161987305  6.2397451400756836
5146    23.830730438232422  16.345388412475586  5.2527503967285156
5147    22.685832977294922  16.116588592529297  5.2853732109069824
5148    20.153425216674805  15.818527221679688  5.1758332252502441
5149    18.094804763793945  16.431516647338867  6.3585162162780762
5150    18.560409545898438  16.789772033691406  6.9025821685791016
5151    17.325761795043945  16.713224411010742  6.8188138008117676
5152    16.306974411010742  16.577621459960938  6.7337174415588379
5153    13.314003944396973  16.865104675292969  6.957404613494873
5154    71.344932556152344  25.952583312988281  8.9804191589355469
5155    71.204383850097656  19.757795333862305  7.878115177154541
5156    63.302024841308594  23.552204132080078  8.0817556381225586
5157    11.694659233093262  46.191181182861328  5.9902858734130859
5158    10.494924545288086  46.725551605224609  5.7082247734069824
5159    10.019440650939941  46.113731384277344  6.2925868034362793
5160    65.734970092773438  45.688877105712891  7.1113471984863281
5161    67.498649597167969  45.839820861816406  7.0492486953735352
5162    66.799278259277344  46.301559448242188  6.3544278144836426
5163    65.30999755859375  46.114063262939453  6.2713403701782227
5164    64.348587036132812  45.653663635253906  6.0556020736694336
5165    64.506752014160156  45.392654418945312  6.7718181610107422
5166    6.4075717926025391  45.762260437011719  7.1306066513061523
5167    8.7518682479858398  45.826786041259766  6.8356356620788574
5168    7.3423900604248047  46.218093872070312  6.398923397064209
5169    63.862167358398438  45.030082702636719  5.3057384490966797
5170    63.765045166015625  44.500186920166016  6.3655662536621094
5171    13.552001953125  45.866893768310547  5.7395157814025879
5172    14.152649879455566  44.974464416503906  5.9879565238952637
5173    14.440511703491211  45.906013488769531  5.3607516288757324
5174    15.171938896179199  45.295459747314453  5.5180091857910156
5175    12.68282413482666  45.892311096191406  5.9811263084411621
5176    13.088444709777832  45.170257568359375  6.1833925247192383
5177    8.4225349426269531  46.630546569824219  5.9139213562011719
5178    11.850030899047852  45.507316589355469  6.4111342430114746
5179    10.442156791687012  45.524635314941406  6.9020304679870605
5180    11.610628128051758  44.970016479492188  6.9983887672424316
5181    2.3492095470428467  45.675556182861328  7.0165748596191406
5182    3.992652416229248  45.712898254394531  7.2139115333557129
5183    4.2491216659545898  46.115524291992188  6.5119590759277344
5184    1.0314458608627319  45.619884490966797  6.098268985748291
5185    0.97389465570449829  45.358551025390625  6.7763643264770508
5186    2.0319185256958008  45.937473297119141  6.4110760688781738
5187    2.6200168132781982  46.44921875  5.7104964256286621
5188    0.42850637435913086  45.018718719482422  5.3026466369628906
5189    5.829139232635498  46.689151763916016  5.8710055351257324
5190    63.461948394775391  42.571250915527344  5.8897848129272461
5191    70.226615905761719  45.162483215332031  6.6166267395019531
5192    70.804458618164062  44.511219024658203  5.4873366355895996
5193    69.79656982421875  45.932918548583984  6.0332112312316895
5194    68.435920715332031  46.292575836181641  6.269310474395752
5195    69.072044372558594  45.740203857421875  6.8792209625244141
5196    -0.21819497644901276  43.4921875  7.009575366973877
5197    0.13699339330196381  44.466876983642578  6.3483428955078125
5198    -0.26301726698875427  43.061088562011719  6.4848041534423828
5199    24.698261260986328  44.104816436767578  5.0423750877380371
5200    23.787727355957031  44.431133270263672  5.1860723495483398
5201    24.256515502929688  43.899982452392578  5.6154165267944336
5202    23.282291412353516  43.872913360595703  6.020845890045166
5203    22.634260177612305  44.456233978271484  5.5196723937988281
5204    15.276460647583008  44.449935913085938  6.2346291542053223
5205    16.18696403503418  44.955226898193359  5.5877923965454102
5206    21.789714813232422  44.083652496337891  6.1644845008850098
5207    21.003704071044922  44.757625579833984  5.2344722747802734
5208    19.858238220214844  44.091068267822266  6.4086518287658691
5209    19.034526824951172  44.621871948242188  5.6936793327331543
5210    -0.21675962209701538  42.491275787353516  5.8098468780517578
5211    24.878900527954102  43.528644561767578  5.4714360237121582
5212    17.933710098266602  44.251346588134766  6.3175010681152344
5213    17.54376220703125  44.786525726318359  5.5997123718261719
5214    16.620254516601562  44.458652496337891  6.1300902366638184
5215    14.044219017028809  43.872138977050781  6.4819240570068359
5216    24.240030288696289  43.192607879638672  6.0996084213256836
5217    24.999946594238281  42.716419219970703  5.703834056854248
5218    13.345418930053711  44.111667633056641  6.3983259201049805
5219    12.54020881652832  44.512741088867188  6.6105351448059082
5220    63.447124481201172  43.149612426757812  6.5476603507995605
5221    63.496509552001953  43.566257476806641  7.0491690635681152
5222    70.929168701171875  43.459018707275391  6.5803990364074707
5223    71.227859497070312  41.023937225341797  6.5439114570617676
5224    71.207832336425781  40.899063110351562  5.7146511077880859
5225    71.157943725585938  41.591552734375  7.1264891624450684
5226    25.365877151489258  43.057552337646484  5.0830526351928711
5227    25.204071044921875  43.7039794921875  4.9167137145996094
5228    66.709564208984375  12.300107002258301  3.9248664379119873
5229    67.765068054199219  12.347840309143066  3.9426486492156982
5230    66.66778564453125  12.645599365234375  4.5138630867004395
5231    68.307792663574219  12.739130020141602  4.6447944641113281
5232    64.789756774902344  12.673604011535645  3.7633016109466553
5233    65.828773498535156  12.379205703735352  3.8898108005523682
5234    65.2467041015625  12.800838470458984  4.4664349555969238
5235    64.409072875976562  13.158116340637207  4.305086612701416
5236    13.06549072265625  12.714391708374023  4.3086528778076172
5237    13.808564186096191  12.878627777099609  4.0959148406982422
5238    13.59547233581543  13.032136917114258  4.5779924392700195
5239    11.494257926940918  12.537166595458984  4.1417732238769531
5240    12.341717720031738  13.064594268798828  4.8434238433837891
5241    8.4780473709106445  12.347433090209961  3.8732485771179199
5242    9.7689104080200195  12.838973999023438  4.7459044456481934
5243    8.2489328384399414  13.328893661499023  5.3180804252624512
5244    6.6048998832702637  12.764618873596191  4.7098383903503418
5245    69.585090637207031  12.87818431854248  4.6480979919433594
5246    70.065010070800781  12.687216758728027  4.2285470962524414
5247    70.313652038574219  13.155008316040039  4.5112838745117188
5248    69.193397521972656  12.479752540588379  4.0737447738647461
5249    2.5421428680419922  13.845452308654785  5.6610445976257324
5250    0.92748183012008667  14.070592880249023  5.4053964614868164
5251    1.2308856248855591  13.417713165283203  4.9744019508361816
5252    -0.11293352395296097  15.530139923095703  4.7367124557495117
5253    0.30567324161529541  14.024354934692383  4.6683564186096191
5254    2.5789875984191895  13.18498706817627  5.0783481597900391
5255    1.7962886095046997  12.850859642028809  4.546168327331543
5256    3.6972501277923584  12.763521194458008  4.6884860992431641
5257    0.79852950572967529  13.174263000488281  4.3239202499389648
5258    70.501502990722656  13.082260131835938  4.0603747367858887
5259    69.284034729003906  46.724838256835938  5.5801687240600586
5260    67.775604248046875  46.876426696777344  5.7251558303833008
5261    66.167671203613281  46.7857666015625  5.7438340187072754
5262    64.849472045898438  46.403163909912109  5.5990853309631348
5263    13.79544734954834  46.473526000976562  5.2876782417297363
5264    12.578438758850098  46.565555572509766  5.5575671195983887
5265    5.0324969291687012  12.375021934509277  4.0313658714294434
5266    2.8075964450836182  12.487736701965332  4.1142868995666504
5267    1.5492401123046875  12.700678825378418  3.8031907081604004
5268    70.278839111328125  46.179195404052734  5.3290643692016602
5269    23.309000015258789  39.049182891845703  5.9396395683288574
5270    23.647441864013672  39.441875457763672  6.3894853591918945
5271    23.190103530883789  39.109584808349609  6.8497328758239746
5272    16.294601440429688  37.802375793457031  6.562647819519043
5273    15.256708145141602  38.12542724609375  6.0589251518249512
5274    16.059370040893555  38.176021575927734  5.6385464668273926
5275    14.901705741882324  38.517795562744141  5.401209831237793
5276    22.01624870300293  38.420780181884766  6.378746509552002
5277    21.872486114501953  38.505233764648438  5.4461288452148438
5278    22.670881271362305  38.724849700927734  5.5910806655883789
5279    22.768329620361328  38.733005523681641  6.4189038276672363
5280    20.780488967895508  38.216323852539062  5.9710516929626465
5281    21.280872344970703  37.945575714111328  7.5677876472473145
5282    19.862588882446289  37.834457397460938  6.9154510498046875
5283    19.277887344360352  38.031959533691406  6.0341453552246094
5284    25.07194709777832  41.684894561767578  5.740511417388916
5285    25.226337432861328  40.942092895507812  5.4318556785583496
5286    25.493391036987305  41.447292327880859  4.9213724136352539
5287    25.348737716674805  40.700588226318359  4.9418778419494629
5288    23.961212158203125  39.501358032226562  5.601445198059082
5289    17.683670043945312  38.114032745361328  5.5840048789978027
5290    18.268342971801758  37.671928405761719  6.9622197151184082
5291    14.455742835998535  38.357948303222656  6.1234755516052246
5292    13.837236404418945  38.3570556640625  6.5607681274414062
5293    13.341419219970703  38.952175140380859  6.5119757652282715
5294    13.722119331359863  39.040660858154297  5.9742879867553711
5295    11.590103149414062  38.705028533935547  5.5731821060180664
5296    12.206982612609863  39.325088500976562  5.4107537269592285
5297    12.195413589477539  39.343021392822266  6.1152358055114746
5298    13.1695556640625  39.940727233886719  6.11749267578125
5299    13.23615837097168  39.534732818603516  5.5789093971252441
5300    24.051662445068359  41.853176116943359  6.7871203422546387
5301    24.538341522216797  42.26800537109375  6.2546510696411133
5302    23.928119659423828  42.5797119140625  6.6490573883056641
5303    25.071640014648438  40.443798065185547  5.3377351760864258
5304    24.613130569458008  40.032878875732422  5.4543027877807617
5305    24.742620468139648  40.754070281982422  5.9505443572998047
5306    24.091131210327148  40.095489501953125  6.3781619071960449
5307    11.923618316650391  38.598152160644531  6.3666658401489258
5308    12.734243392944336  39.653823852539062  5.4423403739929199
5309    12.860376358032227  40.502655029296875  6.1255240440368652
5310    12.542468070983887  40.247173309326172  6.1375417709350586
5311    8.1818666458129883  36.543285369873047  5.2280521392822266
5312    8.3237590789794922  36.434730529785156  6.3503146171569824
5313    8.9058914184570312  37.079463958740234  6.5098271369934082
5314    8.7271356582641602  37.269344329833984  5.6130361557006836
5315    9.4046087265014648  37.597129821777344  5.8907527923583984
5316    9.4483270645141602  37.365676879882812  6.531580924987793
5317    11.673372268676758  37.849411010742188  6.9098834991455078
5318    10.306582450866699  37.667633056640625  6.4127631187438965
5319    11.233500480651855  38.167617797851562  6.1545448303222656
5320    14.77072811126709  37.933441162109375  6.6476974487304688
5321    12.831031799316406  43.048152923583984  6.6448369026184082
5322    18.215482711791992  43.673389434814453  7.1880531311035156
5323    19.620620727539062  43.595119476318359  7.2238516807556152
5324    16.41099739074707  43.888450622558594  6.9342570304870605
5325    14.559202194213867  43.686141967773438  7.075678825378418
5326    13.335683822631836  42.977569580078125  6.5628690719604492
5327    12.64505672454834  43.187767028808594  6.9383807182312012
5328    12.25050163269043  44.135833740234375  7.1364598274230957
5329    -0.38394907116889954  40.6134033203125  7.2770562171936035
5330    -0.28892704844474792  43.017978668212891  7.6707568168640137
5331    63.346424102783203  40.884513854980469  7.4166421890258789
5332    63.440841674804688  43.151256561279297  7.6877589225769043
5333    25.406257629394531  42.277275085449219  5.2343869209289551
5334    71.313339233398438  36.481639862060547  7.378354549407959
5335    71.140335083007812  41.43011474609375  8.1090545654296875
5336    23.283672332763672  43.123847961425781  6.703331470489502
5337    22.399248123168945  43.555305480957031  6.6762447357177734
5338    21.01805305480957  43.535926818847656  7.091407299041748
5339    13.609628677368164  42.932510375976562  6.7392821311950684
5340    24.564830780029297  41.489612579345703  6.3220491409301758
5341    13.005160331726074  40.805885314941406  6.389101505279541
5342    13.032711029052734  41.899703979492188  6.5445098876953125
5343    12.863945007324219  41.616329193115234  6.4688773155212402
5344    24.164281845092773  41.003578186035156  6.704380989074707
5345    13.150314331054688  39.918685913085938  6.4242029190063477
5346    13.051480293273926  41.017837524414062  6.5397305488586426
5347    12.753613471984863  41.863494873046875  6.597104549407959
5348    13.173968315124512  41.906013488769531  6.6302962303161621
5349    4.8866071701049805  13.946846961975098  5.9077997207641602
5350    12.237442970275879  16.508514404296875  7.2328152656555176
5351    15.721802711486816  17.078203201293945  7.700314998626709
5352    13.989450454711914  16.682352066040039  7.6340575218200684
5353    12.844060897827148  16.777379989624023  7.3494100570678711
5354    12.526214599609375  17.531097412109375  6.873356819152832
5355    65.315582275390625  45.276298522949219  7.9360313415527344
5356    64.654739379882812  44.978912353515625  8.2326908111572266
5357    64.610946655273438  45.175968170166016  7.5630578994750977
5358    64.128593444824219  44.727413177490234  8.012110710144043
5359    63.874904632568359  44.592658996582031  7.3287053108215332
5360    70.7752685546875  43.657623291015625  7.7885375022888184
5361    70.434440612792969  44.707279205322266  7.2862339019775391
5362    70.038307189941406  44.821079254150391  8.0645780563354492
5363    69.652854919433594  45.280120849609375  7.4794130325317383
5364    69.235694885253906  45.160934448242188  8.1844005584716797
5365    68.286186218261719  45.413394927978516  7.8461675643920898
5366    66.542694091796875  45.40277099609375  7.923154354095459
5367    11.338921546936035  44.796821594238281  7.6418662071228027
5368    10.637590408325195  45.180976867675781  7.3983035087585449
5369    10.233830451965332  45.076080322265625  7.9344477653503418
5370    8.8344497680664062  45.407779693603516  7.5773148536682129
5371    7.4662466049194336  45.243721008300781  8.2444486618041992
5372    6.7174568176269531  45.435001373291016  7.7896809577941895
5373    1.5740232467651367  44.971847534179688  8.3412742614746094
5374    1.231747031211853  45.182159423828125  7.5379819869995117
5375    0.5855976939201355  44.699440002441406  8.044764518737793
5376    0.22648803889751434  44.565273284912109  7.3242835998535156
5377    24.160526275634766  19.57487678527832  7.1153926849365234
5378    23.861993789672852  18.715677261352539  7.4140000343322754
5379    12.551287651062012  21.361171722412109  6.4098339080810547
5380    12.480609893798828  20.365982055664062  6.4382486343383789
5381    24.5584716796875  19.455154418945312  7.5462989807128906
5382    24.714498519897461  20.640756607055664  7.4864773750305176
5383    24.105661392211914  20.440969467163086  6.9488868713378906
5384    12.482598304748535  19.111061096191406  6.5780348777770996
5385    24.280702590942383  18.785493850708008  7.8447961807250977
5386    23.891115188598633  21.432502746582031  7.1240510940551758
5387    24.559974670410156  21.825584411621094  7.7769804000854492
5388    22.974737167358398  22.241680145263672  7.1517324447631836
5389    23.790716171264648  22.232955932617188  7.7128710746765137
5390    12.618351936340332  22.197452545166016  6.5685977935791016
5391    22.896566390991211  38.804283142089844  8.1947650909423828
5392    23.191970825195312  39.399742126464844  7.8566074371337891
5393    22.415912628173828  38.259651184082031  8.2794113159179688
5394    22.317714691162109  42.475868225097656  8.2101001739501953
5395    21.513553619384766  42.805103302001953  8.2632350921630859
5396    19.671014785766602  43.226551055908203  7.9961395263671875
5397    18.493804931640625  43.326225280761719  7.8700990676879883
5398    23.335369110107422  41.135063171386719  8.1280632019042969
5399    22.977764129638672  41.881565093994141  8.1917018890380859
5400    17.290079116821289  43.340930938720703  7.9731674194335938
5401    16.138040542602539  43.372470855712891  8.2684726715087891
5402    16.425510406494141  43.521190643310547  7.6205224990844727
5403    23.42137336730957  40.311069488525391  8.0055885314941406
5404    9.4782686233520508  37.003425598144531  7.3124480247497559
5405    18.183826446533203  37.338226318359375  7.8465967178344727
5406    15.208477973937988  37.474342346191406  7.3904361724853516
5407    13.745445251464844  37.735328674316406  7.2113914489746094
5408    12.684612274169922  37.886730194091797  7.1402897834777832
5409    63.550422668457031  43.961277008056641  7.5116696357727051
5410    13.422686576843262  44.074119567871094  8.2887287139892578
5411    14.421724319458008  43.846622467041016  8.2164793014526367
5412    12.640226364135742  44.223506927490234  8.1496763229370117
5413    11.965707778930664  44.429946899414062  7.9055576324462891
5414    2.7648587226867676  45.382640838623047  7.7637639045715332
5415    5.8358888626098633  45.250980377197266  8.3226165771484375
5416    4.8180971145629883  45.454093933105469  7.8048286437988281
5417    17.043113708496094  43.572303771972656  7.4002656936645508
5418    15.270111083984375  43.573665618896484  8.6511201858520508
5419    21.014806747436523  43.090427398681641  7.8959264755249023
5420    19.039300918579102  43.443801879882812  7.5467143058776855
5421    -0.16680139303207397  43.907306671142578  7.5020761489868164
5422    23.613302230834961  41.457317352294922  7.3943924903869629
5423    13.127869606018066  41.979999542236328  6.7404065132141113
5424    12.772390365600586  41.148746490478516  6.583625316619873
5425    12.96512508392334  42.215167999267578  6.7978053092956543
5426    12.895471572875977  40.567699432373047  6.6030592918395996
5427    12.90478515625  42.993228912353516  7.024785041809082
5428    23.24456787109375  42.349617004394531  7.3214321136474609
5429    12.553313255310059  40.098567962646484  6.4426045417785645
5430    22.186759948730469  43.005702972412109  7.4231610298156738
5431    13.161449432373047  43.690723419189453  7.525242805480957
5432    12.608258247375488  43.814327239990234  7.4056539535522461
5433    13.442549705505371  43.056232452392578  7.0374293327331543
5434    13.824455261230469  43.710044860839844  7.566258430480957
5435    15.507768630981445  43.628791809082031  7.7342619895935059
5436    22.554309844970703  38.615394592285156  7.3558259010314941
5437    12.478440284729004  39.346775054931641  6.5352344512939453
5438    23.561943054199219  39.771163940429688  7.1316728591918945
5439    12.907846450805664  39.240131378173828  6.6494669914245605
5440    13.147502899169922  38.391654968261719  6.8327765464782715
5441    12.455917358398438  38.496189117431641  6.7701630592346191
5442    23.719537734985352  40.592987060546875  7.2899837493896484
5443    14.030398368835449  38.965980529785156  4.0832610130310059
5444    13.247092247009277  39.230884552001953  4.7341718673706055
5445    25.051401138305664  40.208213806152344  4.6941366195678711
5446    24.408060073852539  39.662223815917969  4.6196894645690918
5447    25.115434646606445  44.017589569091797  4.3137669563293457
5448    25.501798629760742  43.328292846679688  4.3791942596435547
5449    13.94987964630127  38.976169586181641  5.0184283256530762
5450    12.572026252746582  39.228630065917969  4.5564260482788086
5451    11.761285781860352  38.956085205078125  4.5252618789672852
5452    11.532815933227539  39.020721435546875  3.669947624206543
5453    19.545598983764648  38.361419677734375  4.8812532424926758
5454    17.926969528198242  38.412418365478516  4.5061321258544922
5455    18.886781692504883  38.627262115478516  3.7490081787109375
5456    0.21761369705200195  45.360954284667969  4.2589073181152344
5457    -0.093304261565208435  43.943840026855469  4.5534524917602539
5458    23.444507598876953  39.129138946533203  4.7837190628051758
5459    25.630043029785156  42.341285705566406  4.450312614440918
5460    25.651042938232422  41.563758850097656  4.230344295501709
5461    11.10035514831543  38.585765838623047  4.8960056304931641
5462    10.392895698547363  38.368400573730469  4.7906522750854492
5463    10.973142623901367  38.758998870849609  4.1833715438842773
5464    8.7940378189086914  37.937702178955078  4.2550930976867676
5465    8.6780023574829102  38.117465972900391  3.533306360244751
5466    9.3495244979858398  38.466480255126953  3.7865290641784668
5467    9.3858003616333008  38.013702392578125  4.8286442756652832
5468    8.2667856216430664  37.148021697998047  4.1987152099609375
5469    8.1645755767822266  37.316246032714844  3.1112983226776123
5470    10.160785675048828  38.617080688476562  4.0001120567321777
5471    8.0027294158935547  36.260326385498047  4.5345664024353027
5472    7.9052853584289551  35.324066162109375  4.9531469345092773
5473    17.150533676147461  38.609912872314453  3.784900426864624
5474    14.927691459655762  38.70587158203125  4.4107813835144043
5475    14.991556167602539  38.833152770996094  3.5581443309783936
5476    15.841898918151855  38.654209136962891  3.8842885494232178
5477    16.314615249633789  38.434337615966797  4.7110896110534668
5478    21.253536224365234  38.532855987548828  4.7498660087585449
5479    20.610847473144531  38.690982818603516  3.8210792541503906
5480    21.861349105834961  38.790786743164062  3.9300754070281982
5481    22.403202056884766  38.763278961181641  4.6503205299377441
5482    70.295234680175781  47.876049041748047  3.9774751663208008
5483    0.50153255462646484  46.788616180419922  3.5644857883453369
5484    3.6169850826263428  48.194606781005859  4.0206537246704102
5485    6.6295700073242188  48.308570861816406  3.9588873386383057
5486    1.6029342412948608  47.8701171875  3.8716228008270264
5487    70.577095031738281  47.146514892578125  4.2148780822753906
5488    70.829505920410156  45.598171234130859  4.5430383682250977
5489    64.080047607421875  46.790920257568359  3.5316731929779053
5490    63.801486968994141  45.36676025390625  4.2626581192016602
5491    13.987190246582031  47.411476135253906  4.325812816619873
5492    14.470029830932617  46.6727294921875  4.7012324333190918
5493    22.197967529296875  45.143550872802734  4.1919951438903809
5494    23.292703628540039  45.039722442626953  4.214228630065918
5495    71.105171203613281  43.993408203125  4.5816335678100586
5496    66.018119812011719  48.190265655517578  4.0720200538635254
5497    67.110366821289062  48.239753723144531  4.2834467887878418
5498    64.890861511230469  47.869949340820312  3.816835880279541
5499    13.422370910644531  47.875648498535156  3.9997627735137939
5500    11.76784610748291  48.133338928222656  4.0226202011108398
5501    18.908138275146484  45.416419982910156  4.1417622566223145
5502    17.753072738647461  45.526638031005859  4.138453483581543
5503    16.239309310913086  45.832839965820312  4.2225089073181152
5504    -0.21623615920543671  42.404628753662109  4.8827176094055176
5505    71.204399108886719  41.875862121582031  4.6954822540283203
5506    63.453029632568359  42.451885223388672  4.9532527923583984
5507    24.451763153076172  44.512416839599609  4.4137139320373535
5508    23.760980606079102  44.815143585205078  4.5379724502563477
5509    15.230776786804199  45.95660400390625  4.8305883407592773
5510    63.549472808837891  43.961326599121094  4.5802316665649414
5511    20.34593391418457  45.314155578613281  3.9981827735900879
5512    9.458409309387207  48.356922149658203  3.7633430957794189
5513    10.908759117126465  22.061687469482422  4.6555142402648926
5514    10.896173477172852  21.834617614746094  3.9024012088775635
5515    10.183035850524902  22.09068489074707  4.1518831253051758
5516    9.4641599655151367  22.405195236206055  4.4559197425842285
5517    9.4291477203369141  22.121410369873047  3.7213139533996582
5518    8.827723503112793  22.622491836547852  4.265873908996582
5519    17.96733283996582  22.32927131652832  4.6891450881958008
5520    17.184808731079102  22.009521484375  3.6588428020477295
5521    15.887885093688965  22.234952926635742  4.4970521926879883
5522    15.278468132019043  21.91270637512207  3.5745329856872559
5523    14.320175170898438  22.044782638549805  4.4153509140014648
5524    13.948084831237793  21.784439086914062  3.5450005531311035
5525    11.569291114807129  21.760679244995117  4.2435750961303711
5526    11.670868873596191  21.83721923828125  5.237189769744873
5527    8.7642145156860352  22.367881774902344  3.5358889102935791
5528    24.292911529541016  21.178695678710938  4.4089498519897461
5529    25.051252365112305  20.876052856445312  3.588198184967041
5530    23.688631057739258  21.337198257446289  3.6903338432312012
5531    24.851245880126953  20.936594009399414  4.6010069847106934
5532    8.4375791549682617  23.218647003173828  4.9678516387939453
5533    8.2715988159179688  23.273977279663086  4.0297675132751465
5534    22.574325561523438  21.768301010131836  4.5210328102111816
5535    7.8641886711120605  25.588039398193359  4.723200798034668
5536    8.0675992965698242  24.021125793457031  5.077538013458252
5537    23.519647598266602  21.454170227050781  4.8562121391296387
5538    21.174737930297852  22.041866302490234  4.4504899978637695
5539    20.507133483886719  21.867908477783203  3.4675545692443848
5540    13.140752792358398  21.752696990966797  4.3178448677062988
5541    19.720197677612305  22.182933807373047  4.3874425888061523
5542    18.872615814208984  22.052806854248047  3.7998814582824707
5543    26.611190795898438  17.887172698974609  4.1001248359680176
5544    26.64051628112793  18.495363235473633  3.7737140655517578
5545    26.614780426025391  18.462030410766602  4.4620299339294434
5546    26.581537246704102  19.312372207641602  3.6459605693817139
5547    26.611833572387695  19.085046768188477  4.2385382652282715
5548    26.574489593505859  17.827737808227539  4.6086573600769043
5549    25.402565002441406  16.405105590820312  4.5526871681213379
5550    25.204526901245117  16.20091438293457  3.9085428714752197
5551    26.013420104980469  16.726280212402344  4.6805529594421387
5552    26.40199089050293  17.242536544799805  4.3520841598510742
5553    12.243791580200195  21.600387573242188  3.6060500144958496
5554    12.270318031311035  21.620771408081055  4.7581477165222168
5555    25.959356307983398  20.383293151855469  3.6356551647186279
5556    26.106044769287109  20.254337310791016  4.3832206726074219
5557    26.381792068481445  19.955402374267578  3.7757885456085205
5558    26.452335357666016  19.708549499511719  4.3325743675231934
5559    25.505624771118164  20.649431228637695  4.4345641136169434
5560    8.6138753890991211  38.381103515625  2.7962627410888672
5561    10.882607460021973  38.981582641601562  3.3965015411376953
5562    9.2807178497314453  38.786766052246094  2.9234404563903809
5563    10.108722686767578  38.946083068847656  3.1277480125427246
5564    70.645606994628906  13.742507934570312  3.4420568943023682
5565    14.185978889465332  13.129249572753906  3.3471055030822754
5566    -0.041826542466878891  14.720005989074707  4.1414322853088379
5567    70.016815185546875  12.656042098999023  3.6020548343658447
5568    13.010483741760254  12.58185863494873  3.6421499252319336
5569    19.000200271606445  15.148270606994629  3.394200325012207
5570    23.645339965820312  15.705104827880859  3.3674752712249756
5571    21.167705535888672  15.299517631530762  3.30991530418396
5572    63.667068481445312  14.727596282958984  4.1648778915405273
5573    15.807818412780762  14.436685562133789  3.1513912677764893
5574    1.7296404838562012  12.681972503662109  2.9304177761077881
5575    3.5875375270843506  12.290579795837402  3.2339742183685303
5576    68.295761108398438  48.292652130126953  4.0680537223815918
5577    69.520072937011719  48.175655364990234  3.9707729816436768
5578    65.461219787597656  12.309216499328613  3.2210683822631836
5579    64.76129150390625  12.674041748046875  2.9743010997772217
5580    6.3224258422851562  12.157351493835449  3.2556231021881104
5581    10.455404281616211  21.669172286987305  3.1203451156616211
5582    11.356659889221191  21.647958755493164  3.5011694431304932
5583    9.2497997283935547  21.868656158447266  2.8902962207794189
5584    24.528961181640625  15.950685501098633  3.6681389808654785
5585    10.04500675201416  22.544004440307617  5.1883254051208496
5586    17.996517181396484  22.610984802246094  5.587099552154541
5587    16.431968688964844  22.556594848632812  5.4206643104553223
5588    14.775064468383789  22.377050399780273  5.2953672409057617
5589    10.980112075805664  22.300212860107422  5.3936843872070312
5590    9.0573558807373047  22.803565979003906  5.0325407981872559
5591    10.764023780822754  38.224834442138672  5.5275349617004395
5592    10.02122974395752  37.982181549072266  5.4699015617370605
5593    8.6036348342895508  37.480846405029297  4.836611270904541
5594    67.455154418945312  13.309543609619141  5.22552490234375
5595    65.919578552246094  13.140615463256836  5.011016845703125
5596    64.864204406738281  13.40027904510498  4.9510712623596191
5597    63.616489410400391  15.540853500366211  4.774909496307373
5598    64.010627746582031  14.02312183380127  4.6752724647521973
5599    14.232666969299316  13.394247055053711  4.3756799697875977
5600    15.008299827575684  14.053645133972168  3.9740400314331055
5601    13.650243759155273  13.542264938354492  4.9871354103088379
5602    10.876498222351074  13.47590160369873  5.3502907752990723
5603    18.325407028198242  15.255695343017578  4.1751251220703125
5604    19.887725830078125  15.342918395996094  4.0320210456848145
5605    18.789678573608398  15.543065071105957  4.8336405754089355
5606    17.095163345336914  15.117192268371582  4.1579532623291016
5607    17.494081497192383  15.481614112854004  4.944572925567627
5608    15.995517730712891  14.771364212036133  4.1079545021057129
5609    16.267765045166016  15.25847339630127  4.9650764465332031
5610    70.710281372070312  14.437065124511719  4.4183859825134277
5611    71.035865783691406  17.610591888427734  4.8497719764709473
5612    69.9669189453125  13.696308135986328  5.0074234008789062
5613    23.546302795410156  15.866811752319336  4.419619083404541
5614    24.58917236328125  16.136081695556641  4.5156149864196777
5615    68.939582824707031  13.249845504760742  5.0863919258117676
5616    4.9760212898254395  13.348356246948242  5.3364133834838867
5617    21.572200775146484  15.52330207824707  4.2301673889160156
5618    22.796991348266602  15.587812423706055  3.9851162433624268
5619    22.503299713134766  15.726076126098633  4.6502513885498047
5620    21.693826675415039  15.862454414367676  5.104790210723877
5621    65.162063598632812  47.666702270507812  4.5836291313171387
5622    64.348838806152344  47.154075622558594  4.3011350631713867
5623    12.785386085510254  47.721302032470703  4.561460018157959
5624    11.50177001953125  47.88348388671875  4.6313347816467285
5625    9.2190666198730469  47.951606750488281  4.578636646270752
5626    5.1997900009155273  47.779026031494141  4.7733860015869141
5627    69.80902099609375  47.750144958496094  4.5074496269226074
5628    68.912727355957031  48.021316528320312  4.5341958999633789
5629    68.742576599121094  47.470485687255859  5.0771965980529785
5630    70.048805236816406  46.989158630371094  4.9136261940002441
5631    67.765083312988281  47.9608154296875  4.7185077667236328
5632    66.380264282226562  47.877582550048828  4.7441620826721191
5633    11.31272029876709  47.380168914794922  5.0935392379760742
5634    13.331889152526855  47.105537414550781  4.957491397857666
5635    7.9266757965087891  47.243965148925781  5.3557167053222656
5636    4.7525548934936523  47.165248870849609  5.3893046379089355
5637    2.337681770324707  47.663307189941406  4.5808277130126953
5638    0.94259577989578247  47.157150268554688  4.3162245750427246
5639    67.050247192382812  47.426322937011719  5.23870849609375
5640    65.585678100585938  47.249446868896484  5.1855878829956055
5641    64.479225158691406  46.709449768066406  4.9225630760192871
5642    18.7763671875  45.127140045166016  4.854245662689209
5643    22.865020751953125  44.843471527099609  4.8503241539001465
5644    16.991790771484375  45.285999298095703  4.9344940185546875
5645    15.898491859436035  45.466911315917969  5.0391268730163574
5646    1.3386226892471313  46.723289489746094  4.9287829399108887
5647    2.9941282272338867  47.279205322265625  5.1229920387268066
5648    3.0504038333892822  17.930355072021484  20.332372665405273
5649    4.1454000473022461  18.995182037353516  21.46214485168457
5650    1.7571588754653931  18.743524551391602  20.841892242431641
5651    0.67772918939590454  19.088478088378906  20.803922653198242
5652    0.7461814284324646  18.545688629150391  20.328222274780273
5653    0.29907670617103577  19.80286979675293  21.27897834777832
5654    -0.22506490349769592  20.828739166259766  20.644126892089844
5655    0.13843271136283875  18.984880447387695  20.117984771728516
5656    64.316566467285156  18.519069671630859  20.322820663452148
5657    64.910713195800781  17.976696014404297  20.09063720703125
5658    64.949882507324219  18.721540451049805  20.791110992431641
5659    63.825889587402344  18.851499557495117  20.116106033325195
5660    64.140922546386719  18.077058792114258  19.802263259887695
5661    70.105377197265625  18.051992416381836  20.071313858032227
5662    70.665687561035156  18.315254211425781  19.947099685668945
5663    70.324729919433594  18.608865737915039  20.453174591064453
5664    69.4033203125  18.368724822998047  20.53587532043457
5665    11.530838966369629  18.580810546875  20.443841934204102
5666    12.70740795135498  18.25214958190918  19.529123306274414
5667    13.327104568481445  18.613906860351562  20.189802169799805
5668    9.6939191818237305  17.940670013427734  19.849580764770508
5669    11.267390251159668  18.035533905029297  19.595338821411133
5670    10.486577033996582  18.29509162902832  20.200475692749023
5671    66.368270874023438  18.287668228149414  20.623394012451172
5672    14.141427040100098  18.494588851928711  19.758462905883789
5673    14.793272018432617  18.574357986450195  19.648754119873047
5674    14.323339462280273  18.700305938720703  20.109912872314453
5675    9.2857093811035156  18.561965942382812  20.702169418334961
5676    6.8461661338806152  18.558313369750977  20.859346389770508
5677    7.8039689064025879  17.874998092651367  20.084844589233398
5678    14.096321105957031  19.029830932617188  20.738946914672852
5679    12.625349998474121  18.981412887573242  20.940139770507812
5680    13.725141525268555  18.347354888916016  19.477012634277344
5681    5.3630046844482422  17.948190689086914  20.367145538330078
5682    71.120590209960938  19.028158187866211  19.864688873291016
5683    70.761741638183594  19.284919738769531  20.880475997924805
5684    1.3332637548446655  17.896579742431641  20.035051345825195
5685    0.46234601736068726  18.086145401000977  19.776021957397461
5686    64.655693054199219  9.2787103652954102  20.749338150024414
5687    64.503044128417969  9.3338909149169922  19.859153747558594
5688    63.487678527832031  9.140650749206543  20.579622268676758
5689    63.232284545898438  9.0863237380981445  19.604339599609375
5690    69.553550720214844  9.1658706665039062  20.832815170288086
5691    70.197700500488281  9.0533647537231445  19.844987869262695
5692    68.961357116699219  9.3402385711669922  19.859689712524414
5693    70.4031982421875  8.9606761932373047  20.694747924804688
5694    67.989944458007812  9.2619762420654297  21.110275268554688
5695    67.188949584960938  9.4723386764526367  19.898696899414062
5696    68.092155456542969  18.51274299621582  20.846933364868164
5697    67.375213623046875  19.089349746704102  21.602386474609375
5698    66.07611083984375  9.29180908203125  21.073284149169922
5699    65.624549865722656  9.4272079467773438  20.155166625976562
5700    0.95216977596282959  9.1043558120727539  20.827095031738281
5701    1.8191522359848022  9.3476238250732422  20.220973968505859
5702    0.97023028135299683  9.1492414474487305  19.779104232788086
5703    1.968505859375  9.2031803131103516  21.298154830932617
5704    6.6376304626464844  9.1664218902587891  19.805004119873047
5705    6.9752163887023926  9.0853643417358398  20.548490524291992
5706    7.5810494422912598  8.8919038772583008  19.980007171630859
5707    7.7542972564697266  8.8746795654296875  20.868978500366211
5708    8.8046407699584961  17.635066986083984  19.655233383178711
5709    15.172879219055176  18.872543334960938  20.054964065551758
5710    70.836021423339844  8.6065187454223633  20.178688049316406
5711    70.697532653808594  8.6388339996337891  21.240747451782227
5712    23.689825057983398  21.08489990234375  21.343879699707031
5713    21.86436653137207  20.941095352172852  21.39532470703125
5714    23.107082366943359  20.299030303955078  20.121767044067383
5715    21.119646072387695  20.284387588500977  20.410940170288086
5716    20.285732269287109  20.75324821472168  21.35197639465332
5717    19.500566482543945  20.163692474365234  20.517890930175781
5718    26.695810317993164  20.645622253417969  20.227836608886719
5719    27.829717636108398  20.357257843017578  19.492313385009766
5720    28.047197341918945  20.992378234863281  20.521394729614258
5721    19.161800384521484  20.645837783813477  21.418994903564453
5722    18.485546112060547  20.54765510559082  21.484132766723633
5723    18.690597534179688  20.352283477783203  21.006940841674805
5724    18.109077453613281  20.303115844726562  21.218255996704102
5725    34.608928680419922  23.862207412719727  21.055896759033203
5726    33.475975036621094  23.151123046875  21.196300506591797
5727    33.345027923583984  23.951919555664062  20.884262084960938
5728    71.319656372070312  20.57078742980957  21.382431030273438
5729    71.147857666015625  20.036525726318359  21.329494476318359
5730    24.756692886352539  20.170770645141602  19.690742492675781
5731    25.106651306152344  20.676605224609375  20.484031677246094
5732    21.698776245117188  19.80335807800293  19.558809280395508
5733    29.185451507568359  20.771890640258789  19.747123718261719
5734    30.066207885742188  21.260988235473633  19.865947723388672
5735    29.385541915893555  21.203208923339844  20.322999954223633
5736    26.088489532470703  20.252532958984375  19.654375076293945
5737    30.222064971923828  21.853275299072266  20.526163101196289
5738    29.06812858581543  21.41145133972168  20.836851119995117
5739    31.234451293945312  22.852121353149414  20.618547439575195
5740    30.888671875  22.622480392456055  20.102540969848633
5741    30.688886642456055  22.266841888427734  21.267362594604492
5742    25.303276062011719  21.222576141357422  21.362529754638672
5743    30.562885284423828  21.861429214477539  19.889308929443359
5744    17.253543853759766  20.05772590637207  21.355655670166016
5745    17.186725616455078  19.597309112548828  20.43556022644043
5746    18.185434341430664  19.930145263671875  20.541839599609375
5747    28.273130416870117  21.327312469482422  21.049428939819336
5748    26.447177886962891  20.997173309326172  20.834011077880859
5749    70.112571716308594  19.031871795654297  20.98674201965332
5750    69.201347351074219  19.255893707275391  21.633869171142578
5751    15.245060920715332  19.26591682434082  20.798145294189453
5752    65.766517639160156  19.147127151489258  21.551403045654297
5753    63.958980560302734  19.600143432617188  21.173782348632812
5754    63.520004272460938  20.231481552124023  20.430255889892578
5755    64.238319396972656  19.013717651367188  20.774684906005859
5756    16.334571838378906  19.655727386474609  21.071775436401367
5757    16.185636520385742  19.240652084350586  20.279930114746094
5758    15.836634635925293  19.442291259765625  20.891941070556641
5759    20.407035827636719  19.628772735595703  19.524753570556641
5760    6.1490230560302734  9.2192955017089844  20.759983062744141
5761    5.3287296295166016  9.3650035858154297  19.877386093139648
5762    13.762302398681641  8.0641374588012695  19.763360977172852
5763    16.182815551757812  8.1555633544921875  20.608423233032227
5764    19.342264175415039  7.9471902847290039  19.793037414550781
5765    28.833263397216797  8.1936922073364258  21.259946823120117
5766    27.484169006347656  7.9856142997741699  20.245586395263672
5767    21.027423858642578  8.1816425323486328  21.077297210693359
5768    -0.27228432893753052  7.3597278594970703  23.475070953369141
5769    -0.33510592579841614  6.3019442558288574  23.507131576538086
5770    10.355630874633789  8.2696094512939453  19.592861175537109
5771    10.938697814941406  8.3401699066162109  20.482273101806641
5772    8.6981477737426758  8.5932455062866211  20.248781204223633
5773    71.319206237792969  6.7446861267089844  21.488555908203125
5774    71.219558715820312  7.622652530670166  21.343652725219727
5775    -0.27383258938789368  7.5331845283508301  21.45329475402832
5776    71.365943908691406  6.7743639945983887  24.23912239074707
5777    37.7010498046875  8.0628070831298828  20.689876556396484
5778    37.354331970214844  7.9273676872253418  20.015848159790039
5779    58.606575012207031  8.7368001937866211  22.2457275390625
5780    60.160850524902344  8.7137126922607422  20.548330307006836
5781    57.847389221191406  8.6257133483886719  21.069438934326172
5782    54.869003295898438  8.1846380233764648  19.756502151489258
5783    51.762947082519531  8.1248445510864258  20.238359451293945
5784    54.792854309082031  8.2942686080932617  20.552289962768555
5785    52.545482635498047  8.2477340698242188  20.909841537475586
5786    55.671867370605469  8.4852609634399414  21.069314956665039
5787    57.562976837158203  8.5091609954833984  20.34814453125
5788    56.528549194335938  8.3662128448486328  20.091587066650391
5789    16.19744873046875  8.3177785873413086  21.420200347900391
5790    12.128385543823242  8.4510526657104492  21.44622802734375
5791    58.810535430908203  8.5676164627075195  20.138904571533203
5792    9.2055244445800781  8.6330928802490234  21.183506011962891
5793    -0.098001845180988312  8.1941127777099609  20.457923889160156
5794    0.29313424229621887  8.7416267395019531  20.582426071166992
5795    0.23169924318790436  8.6209726333618164  19.468360900878906
5796    46.909351348876953  8.1842927932739258  20.987951278686523
5797    44.957294464111328  7.9685745239257812  19.935934066772461
5798    61.139423370361328  8.834956169128418  21.409425735473633
5799    62.129409790039062  8.9224681854248047  20.477033615112305
5800    62.693916320800781  8.9620275497436523  21.488491058349609
5801    4.7698016166687012  9.2845611572265625  21.062057495117188
5802    3.4108936786651611  9.4346504211425781  20.111000061035156
5803    3.3473551273345947  9.2537508010864258  21.419797897338867
5804    71.0660400390625  8.1893110275268555  20.846794128417969
5805    21.709516525268555  33.630290985107422  21.493156433105469
5806    21.268142700195312  33.862873077392578  20.15858268737793
5807    23.520809173583984  33.817169189453125  20.569255828857422
5808    34.483100891113281  34.556430816650391  21.000726699829102
5809    35.805458068847656  34.510990142822266  21.176559448242188
5810    34.711410522460938  34.127559661865234  21.394689559936523
5811    35.942100524902344  34.062103271484375  21.643028259277344
5812    32.156776428222656  34.462753295898438  20.58177375793457
5813    30.386859893798828  33.988529205322266  21.143320083618164
5814    30.975513458251953  34.432132720947266  20.057710647583008
5815    29.258399963378906  34.18017578125  20.07902717590332
5816    32.981716156005859  34.100479125976562  21.353946685791016
5817    33.401447296142578  34.635097503662109  20.759445190429688
5818    23.368680953979492  33.603233337402344  21.733730316162109
5819    25.529426574707031  33.697196960449219  21.367382049560547
5820    26.612348556518555  33.918819427490234  20.469457626342773
5821    27.911561965942383  33.881473541259766  20.897968292236328
5822    25.352029800415039  33.911247253417969  20.347000122070312
5823    17.307268142700195  33.799034118652344  21.161764144897461
5824    17.217399597167969  33.878749847412109  20.268365859985352
5825    18.071704864501953  33.797538757324219  20.460956573486328
5826    18.481884002685547  33.699459075927734  21.290439605712891
5827    8.4219341278076172  34.060260772705078  19.591150283813477
5828    8.4816684722900391  34.477069854736328  20.833057403564453
5829    8.1114730834960938  34.218341827392578  21.236600875854492
5830    12.575681686401367  34.234451293945312  20.889791488647461
5831    12.401248931884766  34.169044494628906  19.956703186035156
5832    13.525200843811035  34.100776672363281  19.919393539428711
5833    13.886240005493164  34.135772705078125  20.75103759765625
5834    11.421369552612305  34.346614837646484  20.860841751098633
5835    11.318222045898438  34.268646240234375  19.934488296508789
5836    37.637603759765625  34.201847076416016  21.843727111816406
5837    36.917510986328125  34.489032745361328  21.359247207641602
5838    37.980979919433594  34.979843139648438  21.358949661254883
5839    9.5997524261474609  34.578948974609375  20.807340621948242
5840    9.9051494598388672  34.394832611083984  19.732233047485352
5841    10.42863655090332  34.382442474365234  20.042648315429688
5842    10.575991630554199  34.432601928710938  20.691072463989258
5843    9.0610446929931641  34.399581909179688  19.923828125
5844    8.8732004165649414  34.625026702880859  20.894124984741211
5845    8.995081901550293  34.746967315673828  21.314168930053711
5846    24.724788665771484  34.076862335205078  19.657917022705078
5847    19.958038330078125  33.655475616455078  21.312767028808594
5848    19.284881591796875  33.809715270996094  20.28339958190918
5849    16.144428253173828  33.947719573974609  21.005775451660156
5850    16.537431716918945  33.958877563476562  20.03843879699707
5851    8.0343189239501953  33.205337524414062  19.14320182800293
5852    36.611377716064453  35.930160522460938  20.968154907226562
5853    35.402175903320312  35.932228088378906  20.764036178588867
5854    36.191249847412109  36.585395812988281  20.93067741394043
5855    35.197116851806641  36.697654724121094  20.785303115844727
5856    34.267814636230469  35.967277526855469  20.526355743408203
5857    34.178718566894531  36.754314422607422  20.548391342163086
5858    37.008487701416016  37.677364349365234  21.597194671630859
5859    36.100124359130859  37.257572174072266  21.142642974853516
5860    35.533641815185547  37.863948822021484  21.61297607421875
5861    32.905372619628906  37.020782470703125  19.713262557983398
5862    33.418834686279297  36.844253540039062  20.211753845214844
5863    32.819423675537109  36.159290313720703  19.645235061645508
5864    33.377666473388672  36.036846160888672  20.164730072021484
5865    8.6460199356079102  34.756706237792969  21.494848251342773
5866    37.853607177734375  35.900691986083984  21.190313339233398
5867    36.869838714599609  35.109970092773438  21.101593017578125
5868    35.624691009521484  35.166305541992188  20.903526306152344
5869    33.956935882568359  37.363491058349609  20.71232795715332
5870    38.808464050292969  36.834453582763672  21.457239151000977
5871    37.332290649414062  36.863243103027344  21.210739135742188
5872    38.104038238525391  37.464599609375  21.569873809814453
5873    34.863834381103516  37.386054992675781  20.996545791625977
5874    33.297275543212891  37.608798980712891  20.511396408081055
5875    34.374767303466797  35.199615478515625  20.684164047241211
5876    32.66107177734375  37.967109680175781  19.972003936767578
5877    27.703424453735352  34.069011688232422  20.070613861083984
5878    26.423458099365234  34.093730926513672  19.795969009399414
5879    33.147533416748047  35.170146942138672  20.338619232177734
5880    32.082881927490234  34.812854766845703  20.017217636108398
5881    32.525974273681641  35.385551452636719  19.770818710327148
5882    14.536148071289062  34.065013885498047  19.799478530883789
5883    15.407958030700684  34.042423248291016  20.219875335693359
5884    14.509366035461426  34.170551300048828  21.80169677734375
5885    15.596830368041992  34.033519744873047  21.875335693359375
5886    -0.31709709763526917  39.333541870117188  22.331153869628906
5887    -0.45711702108383179  37.606800079345703  22.278934478759766
5888    8.9933872222900391  25.752067565917969  21.299243927001953
5889    8.9347057342529297  25.912830352783203  19.986227035522461
5890    8.565220832824707  25.85423469543457  20.983863830566406
5891    35.675148010253906  24.614278793334961  21.138401031494141
5892    34.434829711914062  24.772693634033203  20.960193634033203
5893    35.344039916992188  25.635826110839844  21.225337982177734
5894    33.19317626953125  25.901845932006836  21.019704818725586
5895    32.173431396484375  25.195146560668945  20.608894348144531
5896    31.865837097167969  26.038311004638672  20.849517822265625
5897    33.248996734619141  24.929704666137695  20.802421569824219
5898    34.173336029052734  25.528785705566406  20.99504280090332
5899    32.116172790527344  23.994510650634766  20.599323272705078
5900    31.442892074584961  24.431413650512695  20.185161590576172
5901    31.203943252563477  25.530548095703125  20.326498031616211
5902    35.656898498535156  23.779470443725586  21.184526443481445
5903    9.8136482238769531  25.843288421630859  21.184535980224609
5904    8.2978382110595703  25.985260009765625  21.287479400634766
5905    8.3111038208007812  26.111404418945312  20.260763168334961
5906    31.331386566162109  23.474880218505859  20.256757736206055
5907    36.827327728271484  24.181428909301758  21.341793060302734
5908    9.89990234375  25.984786987304688  19.643222808837891
5909    15.011044502258301  26.438924789428711  22.037494659423828
5910    15.097766876220703  26.490859985351562  20.706014633178711
5911    13.931791305541992  26.33428955078125  21.603303909301758
5912    12.739087104797363  26.231897354125977  21.277090072631836
5913    13.757859230041504  26.358877182006836  20.547050476074219
5914    12.679618835449219  26.275068283081055  20.145288467407227
5915    11.647046089172363  26.141136169433594  20.955226898193359
5916    11.576754570007324  26.187215805053711  20.042430877685547
5917    10.709330558776855  26.050830841064453  20.536479949951172
5918    10.938898086547852  26.125360488891602  19.519399642944336
5919    36.862274169921875  25.461416244506836  21.458559036254883
5920    9.2359161376953125  25.937429428100586  19.092828750610352
5921    8.0468130111694336  26.551963806152344  19.091217041015625
5922    8.0556259155273438  26.415298461914062  20.920427322387695
5923    30.497280120849609  25.627197265625  19.913919448852539
5924    30.866939544677734  24.688144683837891  19.548969268798828
5925    34.647102355957031  22.677961349487305  21.717308044433594
5926    34.868705749511719  23.116489410400391  21.356340408325195
5927    35.715255737304688  22.812164306640625  21.774215698242188
5928    33.622932434082031  22.644737243652344  21.693607330322266
5929    32.165481567382812  23.091547012329102  20.985944747924805
5930    31.057126998901367  23.4898681640625  19.735540390014648
5931    32.146114349365234  22.556312561035156  21.565095901489258
5932    36.0606689453125  23.375341415405273  21.378400802612305
5933    27.17866325378418  26.829561233520508  21.252956390380859
5934    25.96754264831543  26.672565460205078  20.454240798950195
5935    25.166597366333008  26.9383544921875  21.362005233764648
5936    32.449859619140625  26.457431793212891  21.355113983154297
5937    30.929533004760742  26.522102355957031  21.225358963012695
5938    31.124185562133789  26.132770538330078  20.7071533203125
5939    30.434394836425781  26.128156661987305  20.472097396850586
5940    29.047267913818359  26.52604866027832  20.763378143310547
5941    27.481180191040039  26.567859649658203  20.40287971496582
5942    18.721126556396484  26.932233810424805  20.998628616333008
5943    19.366020202636719  26.810871124267578  20.099704742431641
5944    18.009466171264648  26.739797592163086  20.088071823120117
5945    19.791601181030273  27.003686904907227  21.147323608398438
5946    24.091888427734375  26.740280151367188  20.387510299682617
5947    23.340801239013672  27.008577346801758  21.478015899658203
5948    22.498477935791016  26.890953063964844  20.677562713623047
5949    22.236392974853516  27.044488906860352  21.4814453125
5950    7.8486270904541016  27.252388000488281  18.332414627075195
5951    7.8825702667236328  27.044008255004883  20.170591354370117
5952    21.222026824951172  27.011110305786133  21.185392379760742
5953    21.526874542236328  26.76957893371582  20.015111923217773
5954    20.437541961669922  26.876989364624023  20.329860687255859
5955    35.162876129150391  26.403011322021484  21.638553619384766
5956    34.401016235351562  26.082365036010742  21.237031936645508
5957    33.748653411865234  26.51616096496582  21.598995208740234
5958    7.8008613586425781  28.031843185424805  19.99159049987793
5959    36.201213836669922  26.167251586914062  21.600189208984375
5960    28.37346076965332  26.283962249755859  19.827093124389648
5961    23.986200332641602  26.49091911315918  19.508895874023438
5962    25.263765335083008  26.46607780456543  19.654985427856445
5963    29.662717819213867  26.033807754516602  19.899459838867188
5964    26.852846145629883  26.396995544433594  19.724514007568359
5965    16.073635101318359  26.61845588684082  20.685451507568359
5966    15.91441822052002  26.607385635375977  21.5360107421875
5967    17.699533462524414  26.855236053466797  21.481094360351562
5968    17.21766471862793  26.753007888793945  20.534215927124023
5969    16.689643859863281  26.713523864746094  21.024843215942383
5970    0.018748611211776733  52.502124786376953  22.292957305908203
5971    -0.11583922058343887  52.572181701660156  20.955041885375977
5972    0.31915226578712463  52.010021209716797  21.19084358215332
5973    69.288589477539062  51.375495910644531  20.646318435668945
5974    69.981887817382812  51.587013244628906  20.951326370239258
5975    69.091476440429688  51.602043151855469  21.577129364013672
5976    6.7332725524902344  51.619621276855469  22.01475715637207
5977    4.8417301177978516  51.525527954101562  22.007568359375
5978    5.8454828262329102  51.424766540527344  21.130161285400391
5979    4.4621591567993164  51.301666259765625  20.905105590820312
5980    3.3244991302490234  51.359683990478516  21.208538055419922
5981    2.5770993232727051  51.622890472412109  22.206798553466797
5982    1.135454535484314  51.864963531494141  22.512382507324219
5983    1.0889642238616943  51.695636749267578  21.554141998291016
5984    0.48272517323493958  52.020160675048828  22.108375549316406
5985    70.589492797851562  51.910648345947266  20.791118621826172
5986    70.219902038574219  51.862411499023438  21.567647933959961
5987    67.79705810546875  51.302639007568359  20.649158477783203
5988    67.091804504394531  51.579269409179688  21.958467483520508
5989    14.206313133239746  52.329093933105469  21.23259162902832
5990    11.055459976196289  52.112045288085938  21.586616516113281
5991    10.945680618286133  52.286502838134766  20.625068664550781
5992    14.884650230407715  52.148326873779297  22.016105651855469
5993    20.302803039550781  52.324054718017578  21.632574081420898
5994    11.855369567871094  52.036911010742188  22.148323059082031
5995    10.012111663818359  51.931461334228516  22.060638427734375
5996    8.7573623657226562  51.931007385253906  21.194965362548828
5997    7.8843364715576172  51.746189117431641  21.796632766723633
5998    7.4422721862792969  51.679008483886719  21.207895278930664
5999    7.6010408401489258  51.723873138427734  20.504621505737305
6000    6.8109626770019531  51.573738098144531  21.446817398071289
6001    64.859458923339844  41.081806182861328  21.614009857177734
6002    64.36932373046875  41.244735717773438  21.081670761108398
6003    64.113731384277344  40.814201354980469  21.4842529296875
6004    69.428520202636719  42.040050506591797  20.587419509887695
6005    68.061027526855469  41.759098052978516  21.111377716064453
6006    69.524391174316406  41.237751007080078  21.34466552734375
6007    66.539192199707031  42.182628631591797  20.678581237792969
6008    66.344879150390625  41.341915130615234  21.620567321777344
6009    12.208121299743652  41.954219818115234  20.491243362426758
6010    9.6919832229614258  42.048088073730469  20.691892623901367
6011    10.804117202758789  41.383037567138672  21.586654663085938
6012    65.1895751953125  41.673812866210938  20.951848983764648
6013    63.789413452148438  40.879009246826172  20.818666458129883
6014    15.57518196105957  41.219284057617188  20.964868545532227
6015    14.671046257019043  41.574527740478516  20.648134231567383
6016    14.591828346252441  41.3001708984375  21.203659057617188
6017    13.349727630615234  41.406394958496094  21.275007247924805
6018    64.684059143066406  51.397167205810547  20.495931625366211
6019    65.889076232910156  51.396823883056641  21.034564971923828
6020    64.628509521484375  51.501415252685547  21.299074172973633
6021    63.812881469726562  51.550811767578125  21.068820953369141
6022    70.739700317382812  40.755596160888672  20.693567276000977
6023    70.281112670898438  41.592060089111328  20.549346923828125
6024    6.8095211982727051  51.531330108642578  20.947298049926758
6025    2.0607674121856689  51.387123107910156  20.894891738891602
6026    0.97394800186157227  51.553268432617188  20.446512222290039
6027    37.183696746826172  52.312095642089844  21.850095748901367
6028    37.427219390869141  52.509986877441406  20.970335006713867
6029    44.513168334960938  52.294124603271484  21.774293899536133
6030    54.109180450439453  52.297149658203125  21.083890914916992
6031    51.450607299804688  52.171512603759766  21.909934997558594
6032    51.271812438964844  52.339908599853516  21.289285659790039
6033    69.920082092285156  52.035507202148438  22.628154754638672
6034    68.583694458007812  51.781131744384766  22.605613708496094
6035    61.635723114013672  51.83245849609375  22.288871765136719
6036    58.867443084716797  51.950798034667969  21.963449478149414
6037    61.304981231689453  51.838706970214844  21.194910049438477
6038    54.963859558105469  52.038204193115234  22.188087463378906
6039    57.420570373535156  52.051952362060547  21.373470306396484
6040    65.325424194335938  51.570659637451172  21.835617065429688
6041    63.923381805419922  51.666732788085938  21.92169189453125
6042    62.73773193359375  51.707817077636719  21.287824630737305
6043    62.840030670166016  51.763572692871094  22.102104187011719
6044    55.976058959960938  52.178352355957031  21.034795761108398
6045    29.652645111083984  52.315250396728516  21.8319091796875
6046    63.440174102783203  39.570785522460938  21.681755065917969
6047    63.709590911865234  40.243568420410156  21.741226196289062
6048    63.513729095458984  40.191452026367188  21.183015823364258
6049    63.554157257080078  39.748386383056641  22.247701644897461
6050    43.564373016357422  37.462150573730469  22.56028938293457
6051    42.889335632324219  36.954910278320312  22.177633285522461
6052    42.523601531982422  37.678787231445312  22.582107543945312
6053    41.761539459228516  37.124027252197266  22.047616958618164
6054    40.772727966308594  37.126197814941406  21.871971130371094
6055    39.831729888916016  37.38739013671875  21.876834869384766
6056    40.846481323242188  37.771343231201172  22.49620246887207
6057    39.151317596435547  37.964565277099609  22.434324264526367
6058    38.873672485351562  37.602027893066406  21.818115234375
6059    37.940921783447266  37.942279815673828  22.065900802612305
6060    36.373195648193359  38.147720336914062  22.306304931640625
6061    34.370735168457031  38.275943756103516  22.523969650268555
6062    33.962841033935547  37.947177886962891  21.373214721679688
6063    25.031055450439453  39.298248291015625  21.669755935668945
6064    26.655542373657227  39.094463348388672  22.01890754699707
6065    26.183418273925781  39.514663696289062  21.185628890991211
6066    32.592388153076172  38.434268951416016  22.308708190917969
6067    32.750659942626953  38.265369415283203  21.08289909362793
6068    24.288240432739258  39.736434936523438  20.961469650268555
6069    12.240306854248047  40.746913909912109  22.653678894042969
6070    14.480131149291992  40.979686737060547  21.836553573608398
6071    23.549234390258789  39.302738189697266  21.811428070068359
6072    22.644866943359375  39.627933502197266  21.321969985961914
6073    21.929330825805664  39.28350830078125  22.108970642089844
6074    21.050678253173828  39.798244476318359  21.270378112792969
6075    31.579521179199219  38.712261199951172  21.624528884887695
6076    20.090097427368164  39.489025115966797  22.002370834350586
6077    19.730781555175781  39.831356048583984  21.455192565917969
6078    20.895196914672852  39.399692535400391  21.999805450439453
6079    18.971868515014648  39.676319122314453  22.029714584350586
6080    18.997337341308594  40.0311279296875  21.344581604003906
6081    17.937374114990234  39.750862121582031  22.509340286254883
6082    18.178123474121094  40.11383056640625  21.642663955688477
6083    63.320510864257812  37.928783416748047  21.586057662963867
6084    42.056617736816406  36.300128936767578  21.855093002319336
6085    42.960773468017578  36.055202484130859  22.016899108886719
6086    41.050640106201172  36.410446166992188  21.706130981445312
6087    40.008319854736328  36.553661346435547  21.578948974609375
6088    43.565719604492188  35.648166656494141  22.172113418579102
6089    44.067462921142578  36.6597900390625  22.3914794921875
6090    32.056957244873047  38.681617736816406  20.619783401489258
6091    30.980361938476562  39.172496795654297  20.816747665405273
6092    29.817270278930664  39.214771270751953  21.300460815429688
6093    30.077236175537109  38.940406799316406  21.872438430786133
6094    23.110088348388672  39.027999877929688  22.533941268920898
6095    24.635833740234375  39.018291473388672  22.373785018920898
6096    28.661550521850586  39.112873077392578  21.748645782470703
6097    27.660247802734375  39.358745574951172  21.348993301391602
6098    28.893447875976562  39.438594818115234  21.058797836303711
6099    0.014133654534816742  40.155773162841797  21.931020736694336
6100    -0.21612086892127991  40.043220520019531  21.409467697143555
6101    -0.16934438049793243  39.673137664794922  22.620780944824219
6102    65.336250305175781  40.772468566894531  22.366609573364258
6103    70.05352783203125  40.583808898925781  21.985998153686523
6104    70.857978820800781  39.759937286376953  21.782114028930664
6105    69.277328491210938  40.861774444580078  22.109687805175781
6106    68.076416015625  41.032451629638672  22.105152130126953
6107    17.452917098999023  40.678401947021484  21.013483047485352
6108    16.057147979736328  40.683189392089844  21.840782165527344
6109    17.197017669677734  40.228996276855469  22.119874954223633
6110    16.499958038330078  40.969203948974609  20.998430252075195
6111    66.561500549316406  40.851322174072266  22.489801406860352
6112    71.193428039550781  39.382503509521484  20.242282867431641
6113    64.314834594726562  40.537220001220703  22.156633377075195
6114    7.4391818046569824  41.367599487304688  21.73515510559082
6115    6.7235965728759766  42.203807830810547  20.690374374389648
6116    3.8167853355407715  41.597694396972656  21.337711334228516
6117    2.7826099395751953  42.102462768554688  20.692411422729492
6118    1.7710686922073364  41.710186004638672  20.901823043823242
6119    1.503277063369751  41.125778198242188  21.559213638305664
6120    0.78721320629119873  41.239459991455078  21.07636833190918
6121    71.135093688964844  38.770355224609375  22.505393981933594
6122    71.213249206542969  38.666305541992188  21.012504577636719
6123    2.293581485748291  40.825496673583984  22.318986892700195
6124    4.6327295303344727  40.915966033935547  22.457347869873047
6125    0.78793585300445557  40.529895782470703  22.200029373168945
6126    0.10185708850622177  40.815769195556641  20.876527786254883
6127    0.49857401847839355  40.790061950683594  21.515586853027344
6128    31.757423400878906  39.025444030761719  20.290735244750977
6129    29.934959411621094  39.487556457519531  20.72913932800293
6130    6.9185552597045898  40.723236083984375  22.819683074951172
6131    9.3940258026123047  40.826980590820312  22.585205078125
6132    53.077175140380859  52.420654296875  20.744470596313477
6133    48.376876831054688  52.482830047607422  20.808494567871094
6134    26.310550689697266  52.479682922363281  21.154743194580078
6135    19.468601226806641  52.520217895507812  20.817220687866211
6136    14.639946937561035  52.509685516357422  20.47593879699707
6137    -0.26371163129806519  52.947151184082031  21.858896255493164
6138    71.020011901855469  52.502285003662109  20.630496978759766
6139    70.803413391113281  52.381057739257812  21.909975051879883
6140    -0.35100466012954712  53.376209259033203  21.573993682861328
6141    71.152450561523438  52.859840393066406  21.645877838134766
6142    27.608596801757812  39.796401977539062  20.562950134277344
6143    29.159477233886719  39.766117095947266  20.389684677124023
6144    19.871065139770508  19.095729827880859  18.80894660949707
6145    20.894968032836914  19.179471969604492  18.708887100219727
6146    18.731077194213867  19.383529663085938  19.498805999755859
6147    17.833759307861328  19.516973495483398  19.972951889038086
6148    16.122955322265625  18.7252197265625  19.224634170532227
6149    17.280754089355469  19.138298034667969  19.549606323242188
6150    63.507709503173828  18.791412353515625  19.160015106201172
6151    -0.22576647996902466  18.961883544921875  18.99920654296875
6152    21.227537155151367  19.47816276550293  19.147998809814453
6153    21.465566635131836  19.319931030273438  18.842939376831055
6154    21.802215576171875  19.476882934570312  19.021465301513672
6155    67.966949462890625  17.575761795043945  20.05565071105957
6156    15.330287933349609  18.648414611816406  19.524250030517578
6157    24.268341064453125  19.730062484741211  18.957454681396484
6158    25.467672348022461  19.905963897705078  19.132471084594727
6159    30.050769805908203  20.832561492919922  19.201618194580078
6160    30.550949096679688  21.474416732788086  19.349868774414062
6161    26.806304931640625  19.824228286743164  18.71562385559082
6162    28.424661636352539  19.906644821166992  18.44097900390625
6163    15.258872985839844  18.501934051513672  19.170148849487305
6164    22.708383560180664  19.620180130004883  19.050914764404297
6165    30.841941833496094  22.393627166748047  19.453378677368164
6166    8.1215000152587891  17.184040069580078  19.289161682128906
6167    6.2440896034240723  17.063949584960938  19.639524459838867
6168    4.1898341178894043  17.070049285888672  19.759836196899414
6169    12.444047927856445  17.886161804199219  18.60260009765625
6170    13.968691825866699  18.139320373535156  18.479263305664062
6171    11.38657283782959  17.697006225585938  18.912160873413086
6172    11.715329170227051  17.558408737182617  18.23365592956543
6173    10.504302024841309  17.616514205932617  19.131189346313477
6174    9.4167718887329102  17.43958854675293  19.186017990112305
6175    14.55638599395752  18.367643356323242  19.163904190063477
6176    70.158744812011719  17.455539703369141  19.579153060913086
6177    70.217277526855469  16.654298782348633  19.039039611816406
6178    70.841499328613281  17.556682586669922  18.99650764465332
6179    70.717979431152344  16.460111618041992  18.361230850219727
6180    2.0542199611663818  16.834182739257812  19.457614898681641
6181    29.280208587646484  20.343172073364258  18.913627624511719
6182    69.420761108398438  17.616029739379883  19.932338714599609
6183    65.859642028808594  17.030324935913086  19.581626892089844
6184    64.425697326660156  17.341459274291992  19.371614456176758
6185    63.751773834228516  17.845882415771484  19.016538619995117
6186    14.315727233886719  26.36439323425293  19.185901641845703
6187    12.213735580444336  26.232648849487305  18.88836669921875
6188    30.587913513183594  24.652755737304688  18.562335968017578
6189    30.169992446899414  25.442972183227539  19.255729675292969
6190    10.673839569091797  26.076269149780273  18.238855361938477
6191    9.5879859924316406  25.977602005004883  18.496181488037109
6192    8.8926811218261719  25.964910507202148  18.017910003662109
6193    8.4135713577270508  26.121971130371094  19.008197784423828
6194    30.930782318115234  23.259868621826172  18.69691276550293
6195    24.772256851196289  26.279237747192383  18.92095947265625
6196    23.404460906982422  26.353408813476562  18.909765243530273
6197    22.839778900146484  26.625753402709961  19.728025436401367
6198    20.502927780151367  26.619745254516602  19.351978302001953
6199    21.9884033203125  26.458564758300781  18.990917205810547
6200    18.983169555664062  26.485458374023438  18.856184005737305
6201    16.514543533325195  26.562480926513672  19.710039138793945
6202    17.736232757568359  26.549808502197266  19.19390869140625
6203    30.817693710327148  21.839973449707031  18.735265731811523
6204    71.303085327148438  19.270734786987305  18.362035751342773
6205    30.536611557006836  21.076648712158203  18.775722503662109
6206    -0.36078113317489624  19.247888565063477  17.113704681396484
6207    63.374992370605469  19.060100555419922  17.762603759765625
6208    63.2943115234375  19.869836807250977  16.51091194152832
6209    65.939125061035156  9.4855356216430664  19.153219223022461
6210    64.386672973632812  9.2858991622924805  18.873405456542969
6211    69.857902526855469  9.1232833862304688  18.587137222290039
6212    68.331687927246094  9.4718618392944336  18.919021606445312
6213    67.231956481933594  9.5509662628173828  19.019800186157227
6214    4.5698895454406738  9.4726152420043945  18.960142135620117
6215    3.4550333023071289  9.5336112976074219  19.060735702514648
6216    63.15447998046875  8.9151859283447266  18.512395858764648
6217    2.2616536617279053  9.434147834777832  19.115816116333008
6218    0.99299013614654541  9.107234001159668  18.514438629150391
6219    6.2385954856872559  9.2042293548583984  18.629573822021484
6220    7.4655704498291016  8.8991413116455078  19.036876678466797
6221    66.627983093261719  16.085636138916016  18.986993789672852
6222    67.410980224609375  15.606076240539551  18.437881469726562
6223    68.16705322265625  16.034978866577148  18.980995178222656
6224    66.140525817871094  15.577169418334961  18.193628311157227
6225    64.941085815429688  15.6767578125  17.892480850219727
6226    65.27392578125  16.107770919799805  18.770418167114258
6227    64.425712585449219  16.162483215332031  18.400209426879883
6228    70.767967224121094  8.5923967361450195  19.027360916137695
6229    6.3018498420715332  15.943619728088379  18.899375915527344
6230    6.5700054168701172  15.681233406066895  18.522598266601562
6231    6.9611926078796387  15.950590133666992  18.680204391479492
6232    4.4097166061401367  15.570818901062012  18.39973258972168
6233    5.7609829902648926  15.584210395812988  18.420578002929688
6234    5.2002873420715332  15.959112167358398  18.997396469116211
6235    3.1073353290557861  15.62517261505127  18.526767730712891
6236    3.6918292045593262  16.164981842041016  19.135278701782227
6237    67.5013427734375  16.642744064331055  19.456092834472656
6238    2.0913224220275879  15.555251121520996  18.230524063110352
6239    2.3232631683349609  15.975147247314453  18.907482147216797
6240    1.0933102369308472  15.659978866577148  17.901605606079102
6241    1.3363316059112549  16.045803070068359  18.74067497253418
6242    0.61278396844863892  16.137571334838867  18.37968635559082
6243    51.109809875488281  7.9834866523742676  19.257955551147461
6244    57.999080657958984  8.3858280181884766  19.510149002075195
6245    56.551624298095703  8.2494287490844727  19.414308547973633
6246    55.049446105957031  8.1002473831176758  19.072940826416016
6247    8.6366510391235352  8.5621452331542969  19.317747116088867
6248    71.165878295898438  7.8082151412963867  19.757307052612305
6249    45.795814514160156  7.8752727508544922  19.190464019775391
6250    37.232646942138672  7.8405613899230957  19.220325469970703
6251    61.724067687988281  8.7291660308837891  19.325153350830078
6252    0.1918855607509613  8.4140729904174805  18.154863357543945
6253    -0.19223800301551819  7.6513047218322754  19.740118026733398
6254    59.843486785888672  8.5035085678100586  19.400812149047852
6255    7.0925822257995605  16.457769393920898  18.99969482421875
6256    5.9954195022583008  16.355663299560547  19.257699966430664
6257    10.986115455627441  17.452756881713867  18.576807022094727
6258    10.157781600952148  17.151332855224609  18.224313735961914
6259    9.0184698104858398  17.025934219360352  18.603078842163086
6260    8.2088460922241211  16.64756965637207  18.483148574829102
6261    0.69012963771820068  17.296457290649414  19.323816299438477
6262    0.83109217882156372  16.55925178527832  18.95848274230957
6263    7.5620541572570801  16.130886077880859  18.262773513793945
6264    5.0467758178710938  16.496580123901367  19.413726806640625
6265    69.521080017089844  16.042503356933594  18.876686096191406
6266    69.053909301757812  16.799465179443359  19.453866958618164
6267    0.020596183836460114  17.882415771484375  18.927682876586914
6268    64.019775390625  16.805294036865234  18.512989044189453
6269    64.639183044433594  16.6177978515625  18.999309539794922
6270    68.858642578125  15.538431167602539  18.189022064208984
6271    69.947738647460938  15.703400611877441  18.413402557373047
6272    0.25845927000045776  16.79334831237793  18.459556579589844
6273    7.0308895111083984  15.755090713500977  18.276954650878906
6274    70.307861328125  16.049415588378906  18.663215637207031
6275    70.457427978515625  15.850394248962402  18.179903030395508
6276    20.405824661254883  41.106544494628906  19.352394104003906
6277    20.039535522460938  41.521800994873047  18.759147644042969
6278    19.012186050415039  41.322574615478516  19.305932998657227
6279    70.523422241210938  42.503650665283203  19.625770568847656
6280    70.971153259277344  42.501235961914062  18.772083282470703
6281    70.288162231445312  43.224834442138672  19.256044387817383
6282    68.889739990234375  43.770694732666016  19.445257186889648
6283    69.689552307128906  42.758319854736328  19.92930793762207
6284    0.93571311235427856  43.069480895996094  19.500089645385742
6285    0.16569095849990845  42.712764739990234  18.804628372192383
6286    0.28949534893035889  41.747463226318359  19.80889892578125
6287    1.856475830078125  42.488689422607422  20.17327880859375
6288    71.236518859863281  41.082862854003906  19.129116058349609
6289    71.173263549804688  41.740718841552734  18.882268905639648
6290    70.882827758789062  41.709716796875  19.752614974975586
6291    71.101036071777344  41.044567108154297  19.861921310424805
6292    63.487163543701172  40.822906494140625  19.753225326538086
6293    63.958171844482422  41.746349334716797  19.82612419128418
6294    63.512996673583984  41.208156585693359  18.81126594543457
6295    63.578834533691406  40.911411285400391  20.212249755859375
6296    -0.23977114260196686  40.735244750976562  19.718257904052734
6297    -0.22058486938476562  41.247886657714844  18.73405647277832
6298    -0.13634178042411804  40.834434509277344  20.236564636230469
6299    21.692102432250977  41.028896331787109  19.20366096496582
6300    21.033424377441406  41.44940185546875  18.617364883422852
6301    1.8913977146148682  43.422206878662109  19.684125900268555
6302    17.6634521484375  41.5208740234375  19.358978271484375
6303    18.087993621826172  41.176525115966797  19.780162811279297
6304    31.353710174560547  39.734062194824219  19.204801559448242
6305    30.955402374267578  40.118808746337891  18.745113372802734
6306    30.380580902099609  39.816417694091797  19.82432746887207
6307    29.982137680053711  40.333362579345703  18.944196701049805
6308    17.554523468017578  41.246341705322266  19.860877990722656
6309    16.825736999511719  41.271305084228516  20.194784164428711
6310    15.611856460571289  41.698329925537109  19.967723846435547
6311    16.572303771972656  41.781665802001953  19.294736862182617
6312    15.790309906005859  41.994781494140625  19.194107055664062
6313    14.739595413208008  41.883075714111328  20.023181915283203
6314    15.086869239807129  42.058929443359375  19.403364181518555
6315    5.1919255256652832  43.629005432128906  19.641862869262695
6316    6.5242037773132324  43.019886016845703  19.956069946289062
6317    6.550959587097168  43.552867889404297  19.561525344848633
6318    4.233189582824707  42.6243896484375  20.342256546020508
6319    11.480478286743164  42.9949951171875  18.809091567993164
6320    10.792049407958984  43.078830718994141  19.043735504150391
6321    11.27988338470459  42.722221374511719  19.447139739990234
6322    10.060486793518066  43.237274169921875  19.008638381958008
6323    10.074324607849121  42.920661926269531  19.517175674438477
6324    9.1440343856811523  43.286552429199219  19.184898376464844
6325    7.7053565979003906  43.504280090332031  19.341716766357422
6326    8.6355915069580078  42.757236480712891  19.964303970336914
6327    3.2097780704498291  43.410427093505859  19.807533264160156
6328    22.089204788208008  41.379474639892578  18.43513298034668
6329    17.691839218139648  41.025165557861328  20.199739456176758
6330    71.336601257324219  39.778507232666016  18.708835601806641
6331    71.198013305664062  40.459445953369141  19.735332489013672
6332    23.257270812988281  41.060611724853516  18.787256240844727
6333    22.560327529907227  40.635215759277344  19.702056884765625
6334    24.448369979858398  40.45123291015625  19.752424240112305
6335    21.066818237304688  40.524402618408203  20.120309829711914
6336    19.724956512451172  40.791667938232422  19.962051391601562
6337    31.509307861328125  39.341381072998047  19.830829620361328
6338    18.584274291992188  40.791278839111328  20.267984390258789
6339    -0.31150436401367188  39.883079528808594  20.797346115112305
6340    63.354042053222656  39.940544128417969  19.583402633666992
6341    63.427833557128906  40.060184478759766  20.624092102050781
6342    32.183025360107422  38.731048583984375  19.669488906860352
6343    32.359123229980469  38.487739562988281  18.727619171142578
6344    31.977254867553711  39.237903594970703  18.857021331787109
6345    32.612396240234375  37.225315093994141  18.968389511108398
6346    32.514129638671875  38.024936676025391  19.086385726928711
6347    28.663192749023438  40.236934661865234  19.569366455078125
6348    29.136074066162109  40.685810089111328  18.485713958740234
6349    27.533927917480469  40.725528717041016  18.815105438232422
6350    26.650947570800781  40.334110260009766  19.721656799316406
6351    31.624685287475586  39.800327301025391  18.532970428466797
6352    13.508835792541504  42.222568511962891  19.609230041503906
6353    13.401386260986328  42.532279968261719  18.612817764282227
6354    12.387035369873047  42.431510925292969  19.539358139038086
6355    25.968734741210938  40.749679565429688  19.004196166992188
6356    24.892778396606445  40.972320556640625  18.678066253662109
6357    1.8536471128463745  44.601047515869141  18.804691314697266
6358    0.75039851665496826  44.426483154296875  18.404603958129883
6359    0.75630193948745728  43.812782287597656  18.921421051025391
6360    1.477067232131958  43.862033843994141  19.337818145751953
6361    6.4138040542602539  44.688220977783203  18.705423355102539
6362    5.9211893081665039  45.034690856933594  18.223283767700195
6363    5.1974411010742188  44.533721923828125  18.988018035888672
6364    4.4915800094604492  45.098369598388672  18.271240234375
6365    70.210845947265625  43.946952819824219  18.919694900512695
6366    70.823410034179688  43.543521881103516  18.428760528564453
6367    9.6666631698608398  43.558990478515625  18.442110061645508
6368    8.5699348449707031  43.847232818603516  18.472009658813477
6369    2.5679199695587158  44.065292358398438  19.403594970703125
6370    67.724029541015625  43.370697021484375  19.832958221435547
6371    67.252639770507812  43.751560211181641  19.588354110717773
6372    66.535018920898438  43.0875244140625  19.974681854248047
6373    65.841156005859375  43.769008636474609  19.43025016784668
6374    65.441535949707031  43.122264862060547  19.798175811767578
6375    3.9246454238891602  44.102638244628906  19.420272827148438
6376    63.944187164306641  43.667587280273438  18.045717239379883
6377    63.922882080078125  42.688480377197266  18.823722839355469
6378    64.62579345703125  43.792415618896484  18.925949096679688
6379    64.693687438964844  42.991889953613281  19.533357620239258
6380    11.140436172485352  43.205986022949219  18.526147842407227
6381    10.521211624145508  43.363826751708984  18.499635696411133
6382    0.17206114530563354  43.657428741455078  18.060207366943359
6383    3.5010502338409424  44.657585144042969  18.975517272949219
6384    65.663558959960938  44.632991790771484  18.7322998046875
6385    64.541793823242188  44.436801910400391  18.383274078369141
6386    64.195785522460938  44.557704925537109  17.504707336425781
6387    0.42557016015052795  44.535266876220703  17.532220840454102
6388    6.6104536056518555  44.096908569335938  19.137655258178711
6389    65.146087646484375  42.394870758056641  20.187686920166016
6390    68.163810729980469  42.726997375488281  20.241191864013672
6391    12.299131393432617  42.794384002685547  18.581596374511719
6392    14.572504997253418  42.324623107910156  18.724308013916016
6393    14.370687484741211  42.099830627441406  19.653572082519531
6394    7.6319994926452637  44.076446533203125  18.776098251342773
6395    7.1766901016235352  44.531829833984375  18.537054061889648
6396    7.8045263290405273  30.694250106811523  18.142440795898438
6397    7.8720898628234863  33.553966522216797  21.896583557128906
6398    18.144496917724609  33.960300445556641  19.573591232299805
6399    23.005340576171875  34.068458557128906  19.491449356079102
6400    17.158117294311523  33.949386596679688  19.722562789916992
6401    8.4329004287719727  33.823749542236328  17.606857299804688
6402    16.819175720214844  34.059097290039062  19.250766754150391
6403    15.48119068145752  34.082069396972656  19.118766784667969
6404    29.159246444702148  25.886695861816406  19.118938446044922
6405    27.805570602416992  26.112537384033203  19.042228698730469
6406    26.279983520507812  26.215934753417969  18.978300094604492
6407    24.207723617553711  34.308616638183594  18.748174667358398
6408    26.017154693603516  34.273422241210938  19.101894378662109
6409    30.126502990722656  34.557910919189453  19.263427734375
6410    31.543256759643555  34.899147033691406  19.446887969970703
6411    28.006536483764648  34.334957122802734  19.231439590454102
6412    21.77801513671875  34.146812438964844  19.052448272705078
6413    20.005828857421875  34.058055877685547  19.210355758666992
6414    -0.40625369548797607  39.68212890625  19.434371948242188
6415    32.490562438964844  36.307174682617188  18.946460723876953
6416    32.109840393066406  35.517818450927734  19.09419059753418
6417    9.78643798828125  34.316211700439453  18.821466445922852
6418    10.972321510314941  34.263263702392578  18.908346176147461
6419    14.427315711975098  34.075931549072266  19.052179336547852
6420    13.391112327575684  34.094871520996094  19.023529052734375
6421    12.274855613708496  34.153175354003906  18.985584259033203
6422    8.9787254333496094  34.201709747314453  18.534927368164062
6423    22.861717224121094  34.219459533691406  18.918756484985352
6424    20.116531372070312  52.684246063232422  19.881937026977539
6425    14.031046867370605  52.581630706787109  19.666872024536133
6426    8.8209352493286133  52.060375213623047  20.334568023681641
6427    10.170914649963379  52.340167999267578  19.631294250488281
6428    8.2170829772949219  51.972541809082031  19.545206069946289
6429    70.631393432617188  51.902671813964844  19.647758483886719
6430    60.611137390136719  51.9521484375  20.361753463745117
6431    62.238723754882812  51.763057708740234  20.21537971496582
6432    58.547779083251953  52.113380432128906  20.437961578369141
6433    70.022895812988281  51.496189117431641  20.146007537841797
6434    57.001155853271484  52.302600860595703  19.966489791870117
6435    63.508193969726562  51.549976348876953  20.256715774536133
6436    27.760255813598633  52.653659820556641  20.338720321655273
6437    64.648979187011719  51.379554748535156  19.393020629882812
6438    66.235260009765625  51.214389801025391  19.817195892333984
6439    1.1423032283782959  51.425441741943359  19.206575393676758
6440    1.879254937171936  51.259983062744141  19.927036285400391
6441    7.2120423316955566  51.600669860839844  19.78386116027832
6442    6.5401201248168945  51.436847686767578  20.340959548950195
6443    5.2988276481628418  51.254352569580078  20.148614883422852
6444    3.4575049877166748  51.177806854248047  20.012689590454102
6445    0.29866749048233032  51.946678161621094  19.963096618652344
6446    70.269401550292969  42.139385223388672  20.137737274169922
6447    55.171302795410156  52.372165679931641  20.406536102294922
6448    69.008956909179688  51.226608276367188  19.852466583251953
6449    67.8360595703125  51.097881317138672  19.546476364135742
6450    52.420669555664062  52.538299560546875  20.085664749145508
6451    71.241683959960938  53.366168975830078  21.260538101196289
6452    45.922817230224609  52.677860260009766  19.866067886352539
6453    36.679542541503906  52.728687286376953  19.89958381652832
6454    19.651102066040039  40.281318664550781  20.754980087280273
6455    18.557634353637695  40.36102294921875  20.979515075683594
6456    22.627910614013672  40.117870330810547  20.525911331176758
6457    0.81486272811889648  41.632320404052734  20.560380935668945
6458    25.815940856933594  39.96160888671875  20.454582214355469
6459    10.26180362701416  42.531467437744141  20.010868072509766
6460    64.384651184082031  41.628238677978516  20.563520431518555
6461    13.862044334411621  41.873516082763672  20.320062637329102
6462    11.252762794494629  42.324874877929688  20.100120544433594
6463    25.753847122192383  7.8503880500793457  19.324735641479492
6464    18.799905776977539  7.8874382972717285  19.066354751586914
6465    13.335834503173828  8.0250740051269531  19.045515060424805
6466    11.046122550964355  8.2085943222045898  18.690095901489258
6467    4.352297306060791  9.0987443923950195  22.26896858215332
6468    2.6661267280578613  9.0410985946655273  22.447994232177734
6469    45.201633453369141  -0.39893803000450134  36.093776702880859
6470    -0.43288144469261169  5.7408590316772461  29.349237442016602
6471    29.643272399902344  8.3786125183105469  22.007709503173828
6472    68.949661254882812  9.0046072006225586  22.037246704101562
6473    67.794807434082031  9.1005897521972656  22.069843292236328
6474    0.46263086795806885  8.5931520462036133  22.322177886962891
6475    -0.013404117897152901  8.1998491287231445  21.722478866577148
6476    8.3222761154174805  8.8569831848144531  21.896835327148438
6477    6.4142618179321289  9.0638256072998047  21.962001800537109
6478    1.3215817213058472  8.8775653839111328  22.488201141357422
6479    70.89398193359375  8.1367664337158203  22.26795768737793
6480    10.534014701843262  8.6680698394775391  22.061702728271484
6481    21.745357513427734  8.3522701263427734  21.790542602539062
6482    16.000205993652344  8.4936561584472656  22.108684539794922
6483    12.491311073303223  8.5799436569213867  22.169313430786133
6484    45.132011413574219  24.758541107177734  23.069679260253906
6485    44.208000183105469  25.470331192016602  22.828529357910156
6486    44.989891052246094  25.899591445922852  23.222158432006836
6487    15.783933639526367  26.515628814697266  22.538026809692383
6488    16.704200744628906  26.673128128051758  22.44151496887207
6489    14.0474853515625  26.217216491699219  22.802083969116211
6490    12.85672664642334  26.129495620727539  22.427614212036133
6491    46.128921508789062  25.739301681518555  23.545948028564453
6492    45.53057861328125  26.352645874023438  23.666658401489258
6493    44.020191192626953  26.185050964355469  23.013608932495117
6494    42.53533935546875  26.326456069946289  22.707565307617188
6495    43.232814788818359  26.398473739624023  22.913751602172852
6496    43.150680541992188  25.735319137573242  22.596149444580078
6497    15.113006591796875  26.281930923461914  23.183574676513672
6498    28.596122741699219  27.237653732299805  23.763492584228516
6499    29.088943481445312  26.9835205078125  22.307544708251953
6500    27.253286361694336  27.201114654541016  23.249340057373047
6501    26.352996826171875  27.087472915649414  22.338552474975586
6502    24.248867034912109  27.133367538452148  22.446674346923828
6503    23.565319061279297  27.206731796264648  23.358135223388672
6504    22.00117301940918  27.132509231567383  22.750936508178711
6505    11.812440872192383  25.862360000610352  23.151514053344727
6506    20.323760986328125  27.098573684692383  22.129281997680664
6507    18.941045761108398  27.018327713012695  22.270030975341797
6508    44.136402130126953  23.832120895385742  22.816635131835938
6509    43.189476013183594  23.272930145263672  22.774408340454102
6510    43.315757751464844  23.829999923706055  22.569072723388672
6511    8.8319692611694336  25.292890548706055  23.036754608154297
6512    9.3392086029052734  25.606903076171875  22.235109329223633
6513    8.6492719650268555  25.716064453125  21.873554229736328
6514    9.6138296127319336  25.390039443969727  23.087404251098633
6515    8.1582622528076172  25.596309661865234  23.355466842651367
6516    8.2565679550170898  25.968376159667969  22.156063079833984
6517    45.06817626953125  23.717390060424805  23.122081756591797
6518    46.155139923095703  23.916101455688477  23.482139587402344
6519    46.452796936035156  24.884664535522461  23.503730773925781
6520    10.482452392578125  25.701841354370117  22.640552520751953
6521    44.280441284179688  23.080034255981445  23.16523551940918
6522    43.530265808105469  24.617746353149414  22.576427459716797
6523    42.264621734619141  24.966318130493164  22.254827499389648
6524    42.221240997314453  23.798427581787109  22.363250732421875
6525    11.682722091674805  26.028434753417969  22.027790069580078
6526    10.807607650756836  25.964511871337891  21.523345947265625
6527    44.559421539306641  26.599693298339844  23.607780456542969
6528    16.542570114135742  34.024761199951172  23.088418960571289
6529    16.40705680847168  33.924533843994141  21.999372482299805
6530    17.532575607299805  33.769458770751953  22.223098754882812
6531    20.425493240356445  33.55084228515625  22.361410140991211
6532    22.074932098388672  33.507785797119141  23.107507705688477
6533    44.269599914550781  34.707103729248047  22.740350723266602
6534    44.029407501220703  34.016181945800781  23.642271041870117
6535    42.993080139160156  34.238002777099609  22.8233642578125
6536    43.449394226074219  34.90313720703125  22.33746337890625
6537    18.877292633056641  33.631206512451172  22.532888412475586
6538    33.515953063964844  27.139028549194336  23.562341690063477
6539    34.559379577636719  26.846900939941406  22.389886856079102
6540    32.230747222900391  26.878852844238281  22.284204483032227
6541    40.403244018554688  26.890029907226562  23.248453140258789
6542    40.343982696533203  26.456344604492188  22.484746932983398
6543    39.134403228759766  26.592552185058594  22.58259391784668
6544    38.512470245361328  27.031888961791992  23.665655136108398
6545    37.560203552246094  26.691619873046875  22.540695190429688
6546    36.016586303710938  27.040973663330078  23.433664321899414
6547    36.171413421630859  26.654857635498047  22.175022125244141
6548    41.514595031738281  26.524246215820312  22.734111785888672
6549    41.540348052978516  26.888729095458984  23.341711044311523
6550    45.334968566894531  23.234663009643555  23.397491455078125
6551    43.634773254394531  26.643878936767578  23.292118072509766
6552    42.545097351074219  26.757064819335938  23.266714096069336
6553    8.5265426635742188  19.830699920654297  22.7669677734375
6554    10.603759765625  19.824365615844727  22.657197952270508
6555    0.74558871984481812  19.954261779785156  22.139059066772461
6556    1.9969456195831299  19.662975311279297  22.282846450805664
6557    5.6920075416564941  19.689565658569336  22.801898956298828
6558    18.549160003662109  20.788637161254883  22.056159973144531
6559    17.877279281616211  20.48716926574707  21.843698501586914
6560    3.5487711429595947  19.675779342651367  22.728235244750977
6561    66.917610168457031  9.1433448791503906  21.919279098510742
6562    65.549156188964844  9.0724668502807617  22.111345291137695
6563    0.10539241135120392  20.665441513061523  22.653646469116211
6564    70.166168212890625  8.676295280456543  22.254766464233398
6565    25.549604415893555  21.85992431640625  23.048458099365234
6566    25.240583419799805  21.602334976196289  22.187189102172852
6567    26.783525466918945  21.763004302978516  22.349269866943359
6568    27.230743408203125  21.952611923217773  23.089622497558594
6569    64.288055419921875  19.831926345825195  22.040470123291016
6570    65.110420227050781  19.707752227783203  22.415679931640625
6571    63.848285675048828  20.244106292724609  22.15833854675293
6572    16.990140914916992  20.375595092773438  22.400190353393555
6573    14.228469848632812  19.741653442382812  22.16224479675293
6574    15.904999732971191  19.97551155090332  22.101581573486328
6575    12.281452178955078  19.72224235534668  22.397207260131836
6576    51.160076141357422  8.4978628158569336  21.999467849731445
6577    45.563190460205078  8.3939266204833984  21.909091949462891
6578    37.97674560546875  8.2796974182128906  21.59613037109375
6579    63.871734619140625  8.9908561706542969  22.074211120605469
6580    62.754833221435547  8.8975248336791992  22.240499496459961
6581    38.933391571044922  22.785486221313477  22.460514068603516
6582    40.1793212890625  22.720016479492188  22.730438232421875
6583    40.789173126220703  22.436395645141602  23.393558502197266
6584    29.146629333496094  22.033157348632812  22.794134140014648
6585    28.750949859619141  21.857185363769531  21.947977066040039
6586    30.605304718017578  22.166336059570312  22.133890151977539
6587    30.502574920654297  22.136421203613281  22.988069534301758
6588    35.35162353515625  22.359439849853516  23.082984924316406
6589    35.671062469482422  22.520420074462891  22.293195724487305
6590    37.243358612060547  22.780946731567383  22.238855361938477
6591    34.199855804443359  22.438255310058594  22.341331481933594
6592    32.196887969970703  22.311992645263672  22.38714599609375
6593    22.668310165405273  21.346485137939453  22.005674362182617
6594    22.567630767822266  21.630258560180664  22.756536483764648
6595    21.712663650512695  21.395462036132812  22.327596664428711
6596    71.232749938964844  20.770559310913086  22.592477798461914
6597    44.764583587646484  22.696855545043945  23.709682464599609
6598    43.969223022460938  22.639049530029297  23.446626663208008
6599    43.033992767333984  22.654790878295898  23.253684997558594
6600    41.978168487548828  22.497737884521484  23.271751403808594
6601    41.833610534667969  22.857143402099609  22.823440551757812
6602    66.563682556152344  19.609119415283203  22.650844573974609
6603    68.254348754882812  19.625778198242188  22.638814926147461
6604    69.299736022949219  19.738327026367188  22.592281341552734
6605    19.455657958984375  21.068229675292969  22.223764419555664
6606    20.676094055175781  21.236612319946289  22.224096298217773
6607    19.910013198852539  21.417577743530273  22.830780029296875
6608    63.554706573486328  20.882637023925781  22.35997200012207
6609    -0.25862377882003784  21.565437316894531  22.974140167236328
6610    70.876617431640625  20.215610504150391  22.290094375610352
6611    70.110664367675781  19.975042343139648  22.68486213684082
6612    24.008342742919922  21.786520004272461  23.068174362182617
6613    23.714687347412109  21.513362884521484  22.196060180664062
6614    20.957136154174805  21.669116973876953  23.275938034057617
6615    19.4395751953125  21.632549285888672  23.510805130004883
6616    46.230945587158203  26.408849716186523  23.969644546508789
6617    48.059879302978516  25.671531677246094  24.310262680053711
6618    47.065887451171875  26.130147933959961  24.078359603881836
6619    48.870475769042969  34.317928314208984  24.280454635620117
6620    9.8486471176147461  35.149623870849609  23.320655822753906
6621    10.589451789855957  34.763626098632812  22.668676376342773
6622    45.753620147705078  34.102214813232422  23.852399826049805
6623    42.006965637207031  33.767234802246094  23.750024795532227
6624    11.691489219665527  34.602710723876953  22.804958343505859
6625    47.173587799072266  34.281650543212891  23.887554168701172
6626    48.248516082763672  34.513866424560547  23.904121398925781
6627    47.695838928222656  35.105747222900391  23.453052520751953
6628    36.386264801025391  33.534221649169922  23.402376174926758
6629    38.158218383789062  33.644519805908203  23.327713012695312
6630    48.991931915283203  34.860431671142578  23.991207122802734
6631    48.480594635009766  35.004230499267578  23.712881088256836
6632    15.275008201599121  34.202720642089844  22.827220916748047
6633    13.989750862121582  34.388339996337891  23.062498092651367
6634    12.948390007019043  34.464218139648438  22.880575180053711
6635    48.845035552978516  35.755893707275391  23.809690475463867
6636    49.282844543457031  36.720939636230469  24.055849075317383
6637    24.826848983764648  33.439422607421875  23.724437713623047
6638    31.530206680297852  33.600772857666016  22.831636428833008
6639    26.919334411621094  33.391197204589844  23.962949752807617
6640    28.858707427978516  33.395477294921875  24.017501831054688
6641    34.317466735839844  33.533988952636719  23.135404586791992
6642    46.016029357910156  23.059326171875  23.80516242980957
6643    46.689144134521484  22.864459991455078  24.210865020751953
6644    8.4244098663330078  23.379327774047852  24.311916351318359
6645    63.400241851806641  21.462272644042969  21.438150405883789
6646    47.498069763183594  22.99095344543457  24.410213470458984
6647    47.112117767333984  23.447061538696289  23.989412307739258
6648    47.093414306640625  25.428485870361328  23.808042526245117
6649    47.503826141357422  24.530420303344727  23.960031509399414
6650    8.5397214889526367  24.524368286132812  23.81428337097168
6651    8.6444597244262695  35.356208801269531  23.025657653808594
6652    8.4970712661743164  36.21954345703125  23.958879470825195
6653    34.867561340332031  52.152000427246094  22.600004196166992
6654    9.4029645919799805  51.809032440185547  22.62898063659668
6655    14.555216789245605  51.982624053955078  22.740547180175781
6656    7.4053821563720703  51.719532012939453  22.884078979492188
6657    69.0057373046875  40.566127777099609  22.834794998168945
6658    0.58413153886795044  52.182716369628906  23.09153938293457
6659    70.187370300292969  40.164321899414062  22.867137908935547
6660    70.7532958984375  39.670444488525391  22.988359451293945
6661    16.867170333862305  39.674171447753906  23.377761840820312
6662    16.258449554443359  40.132835388183594  22.942895889282227
6663    16.199441909790039  39.720340728759766  23.685171127319336
6664    14.617518424987793  40.441902160644531  22.962980270385742
6665    22.663631439208984  52.140083312988281  22.449356079101562
6666    70.179756164550781  52.284107208251953  23.828832626342773
6667    65.388328552246094  51.741718292236328  22.840358734130859
6668    67.390937805175781  51.791786193847656  23.084623336791992
6669    70.692726135253906  52.482959747314453  23.185134887695312
6670    19.917224884033203  61.051872253417969  47.624198913574219
6671    28.365165710449219  61.122051239013672  37.548763275146484
6672    16.012569427490234  60.97491455078125  36.058887481689453
6673    63.104450225830078  51.804313659667969  22.904809951782227
6674    67.369667053222656  40.620964050292969  23.048130035400391
6675    44.412933349609375  52.111518859863281  22.676967620849609
6676    49.021797180175781  37.381240844726562  24.185880661010742
6677    25.981605529785156  38.812259674072266  23.050037384033203
6678    23.866996765136719  38.817134857177734  23.2166748046875
6679    8.3259096145629883  38.146015167236328  24.486612319946289
6680    8.2224454879760742  38.980930328369141  24.385492324829102
6681    21.99699592590332  38.8804931640625  23.288103103637695
6682    20.598417282104492  38.802444458007812  23.695274353027344
6683    19.6107177734375  38.891136169433594  23.473464965820312
6684    18.703523635864258  39.033149719238281  23.357803344726562
6685    17.991392135620117  39.301521301269531  23.214544296264648
6686    17.344213485717773  39.210311889648438  23.679622650146484
6687    16.601543426513672  39.211505889892578  24.01194953918457
6688    8.3917350769042969  37.208953857421875  24.395360946655273
6689    30.458040237426758  38.680805206298828  22.834846496582031
6690    37.456748962402344  38.27142333984375  23.005098342895508
6691    35.319591522216797  38.390937805175781  23.313999176025391
6692    28.318159103393555  38.847316741943359  22.623180389404297
6693    48.329578399658203  36.838699340820312  23.703241348266602
6694    47.861438751220703  36.017410278320312  23.395923614501953
6695    9.2532291412353516  35.186840057373047  22.955814361572266
6696    8.2167549133300781  34.923542022705078  22.466833114624023
6697    48.241592407226562  37.590309143066406  24.027349472045898
6698    47.608444213867188  37.417083740234375  23.684907913208008
6699    6.6136355400085449  40.387493133544922  23.486101150512695
6700    10.261815071105957  40.423587799072266  23.295276641845703
6701    2.8026652336120605  40.473224639892578  23.299131393432617
6702    8.4055929183959961  40.266757965087891  23.495956420898438
6703    8.1466484069824219  39.674766540527344  24.088161468505859
6704    63.861148834228516  39.975044250488281  22.637557983398438
6705    5.013979434967041  40.52490234375  23.311887741088867
6706    1.1336202621459961  40.294651031494141  23.061206817626953
6707    17.470098495483398  39.593276977539062  23.112037658691406
6708    17.17034912109375  39.908008575439453  22.810613632202148
6709    65.809730529785156  40.483840942382812  23.232357025146484
6710    64.594917297363281  40.290843963623047  23.00433349609375
6711    43.696216583251953  37.988025665283203  23.145927429199219
6712    46.720367431640625  37.61053466796875  23.53607177734375
6713    45.684043884277344  37.802345275878906  23.341293334960938
6714    44.79522705078125  37.867946624755859  23.13160514831543
6715    41.926002502441406  38.165695190429688  23.379114151000977
6716    0.19811500608921051  39.960685729980469  22.843296051025391
6717    1.1182245016098022  19.42072868347168  21.454011917114258
6718    7.5577878952026367  19.187122344970703  21.679168701171875
6719    2.1192448139190674  19.231731414794922  21.489994049072266
6720    64.750831604003906  9.1627559661865234  21.47144889831543
6721    70.085472106933594  8.9490604400634766  21.412618637084961
6722    10.748618125915527  19.27519416809082  21.638290405273438
6723    13.149328231811523  19.370504379272461  21.550092697143555
6724    64.6219482421875  19.355093002319336  21.445400238037109
6725    15.402664184570312  19.586383819580078  21.404853820800781
6726    14.493247032165527  19.406343460083008  21.347742080688477
6727    63.849906921386719  9.1182928085327148  21.280054092407227
6728    0.91932922601699829  8.9656152725219727  21.660312652587891
6729    6.98101806640625  9.0530014038085938  21.230722427368164
6730    0.41566812992095947  8.7763452529907227  21.405105590820312
6731    70.3226318359375  19.582958221435547  21.641706466674805
6732    28.607416152954102  21.541366577148438  21.308372497558594
6733    27.187223434448242  21.422027587890625  21.45880126953125
6734    24.430320739746094  21.394109725952148  21.781415939331055
6735    53.82330322265625  8.3710851669311523  21.214365005493164
6736    51.029624938964844  8.3338279724121094  21.438121795654297
6737    29.51823616027832  21.755683898925781  21.185129165649414
6738    39.485454559326172  34.144805908203125  22.383331298828125
6739    37.577312469482422  33.776363372802734  22.603282928466797
6740    27.707868576049805  33.583591461181641  22.48564338684082
6741    25.570722579956055  33.530380249023438  22.427791595458984
6742    24.244773864746094  33.523082733154297  22.407535552978516
6743    38.139625549316406  26.058858871459961  21.937585830688477
6744    37.056262969970703  26.287609100341797  21.865829467773438
6745    40.838645935058594  25.904853820800781  22.175613403320312
6746    39.531276702880859  25.899332046508789  22.029449462890625
6747    34.264499664306641  33.795196533203125  22.071357727050781
6748    42.128665924072266  35.535270690917969  21.868417739868164
6749    41.439994812011719  34.762409210205078  22.048774719238281
6750    41.231216430664062  35.551322937011719  21.736021041870117
6751    9.1566352844238281  34.898399353027344  22.012704849243164
6752    8.5262088775634766  34.936450958251953  22.152957916259766
6753    8.31671142578125  34.676784515380859  21.665321350097656
6754    40.172012329101562  35.630298614501953  21.575464248657227
6755    39.052513122558594  35.759193420410156  21.402179718017578
6756    42.462047576904297  34.537418365478516  22.314033508300781
6757    42.722164154052734  35.179599761962891  22.050378799438477
6758    11.529237747192383  34.464988708496094  21.830764770507812
6759    12.830560684204102  34.325794219970703  21.854835510253906
6760    40.325584411621094  34.902042388916016  21.804386138916016
6761    39.150463104248047  34.850517272949219  21.655708312988281
6762    36.049263000488281  33.746559143066406  22.390132904052734
6763    41.425083160400391  34.090202331542969  22.739789962768555
6764    10.325770378112793  34.622768402099609  21.662931442260742
6765    9.7736349105834961  34.910938262939453  22.553445816040039
6766    40.071132659912109  23.169374465942383  22.167537689208984
6767    38.904308319091797  23.27410888671875  21.951498031616211
6768    40.0545654296875  23.878129959106445  21.878452301025391
6769    40.974338531494141  23.632875442504883  22.07984733581543
6770    41.107929229736328  23.161922454833984  22.361122131347656
6771    38.905368804931641  24.039569854736328  21.681171417236328
6772    37.853008270263672  23.944557189941406  21.519863128662109
6773    36.991844177246094  23.343633651733398  21.593467712402344
6774    38.010665893554688  23.407554626464844  21.726350784301758
6775    41.184978485107422  24.411230087280273  22.005729675292969
6776    40.063411712646484  24.941957473754883  21.843620300292969
6777    38.35565185546875  24.957901000976562  21.612297058105469
6778    41.977424621582031  25.853548049926758  22.350130081176758
6779    41.303230285644531  25.264749526977539  22.05303955078125
6780    44.304359436035156  37.55352783203125  22.769197463989258
6781    20.606758117675781  39.119228363037109  22.721723556518555
6782    19.403448104858398  39.245647430419922  22.695497512817383
6783    18.584079742431641  39.389930725097656  22.741113662719727
6784    46.075592041015625  37.113590240478516  23.032350540161133
6785    45.099544525146484  37.309913635253906  22.841957092285156
6786    45.3726806640625  34.675800323486328  23.09233283996582
6787    45.158596038818359  35.335391998291016  22.688215255737305
6788    46.565155029296875  34.759548187255859  23.295633316040039
6789    44.356781005859375  35.567478179931641  22.423511505126953
6790    46.957038879394531  35.244728088378906  23.125444412231445
6791    46.267543792724609  35.624420166015625  22.936775207519531
6792    45.359783172607422  36.328121185302734  22.674659729003906
6793    47.077648162841797  36.651393890380859  23.226219177246094
6794    47.198410034179688  35.710460662841797  23.150489807128906
6795    46.228404998779297  36.475448608398438  22.897117614746094
6796    67.364669799804688  44.476760864257812  19.068817138671875
6797    66.944755554199219  60.496814727783203  38.275951385498047
6798    33.663322448730469  -0.3756144642829895  29.961030960083008
6799    0.35863491892814636  4.1884541511535645  19.994829177856445
6800    0.14527368545532227  5.3395929336547852  20.625446319580078
6801    2.1369600296020508  4.9905214309692383  16.432430267333984
6802    9.4297313690185547  5.9456019401550293  15.106433868408203
6803    12.960153579711914  6.5611810684204102  15.383383750915527
6804    16.935791015625  5.9414896965026855  14.945533752441406
6805    6.4557738304138184  6.4881138801574707  15.441767692565918
6806    3.9260642528533936  5.7488770484924316  15.591577529907227
6807    3.1862819194793701  6.5248422622680664  15.789327621459961
6808    0.95136398077011108  6.2115530967712402  16.99681282043457
6809    70.813697814941406  4.2957515716552734  16.444538116455078
6810    70.193450927734375  5.2293605804443359  15.90221118927002
6811    71.146156311035156  5.3148689270019531  19.959856033325195
6812    27.966394424438477  6.8199124336242676  15.602558135986328
6813    27.5948486328125  6.0230436325073242  14.966855049133301
6814    70.876083374023438  56.284351348876953  21.854869842529297
6815    70.929359436035156  55.429763793945312  21.616968154907227
6816    66.207229614257812  52.275009155273438  16.444364547729492
6817    65.413993835449219  52.314960479736328  16.437749862670898
6818    64.910186767578125  52.730766296386719  16.187749862670898
6819    64.444053649902344  52.37298583984375  16.546411514282227
6820    63.312858581542969  52.409591674804688  16.810270309448242
6821    62.145923614501953  52.853462219238281  16.353681564331055
6822    61.4835205078125  52.609855651855469  17.030586242675781
6823    58.185432434082031  53.044647216796875  16.472295761108398
6824    70.167922973632812  53.10223388671875  16.639257431030273
6825    70.762588500976562  52.960788726806641  17.542551040649414
6826    69.840606689453125  52.389137268066406  16.893953323364258
6827    68.788169860839844  52.968929290771484  16.224239349365234
6828    68.592033386230469  52.290035247802734  16.560905456542969
6829    67.164222717285156  52.571800231933594  16.274562835693359
6830    57.959495544433594  52.825626373291016  17.125270843505859
6831    53.479999542236328  52.872238159179688  17.426036834716797
6832    51.808757781982422  53.127326965332031  16.640764236450195
6833    -0.21626056730747223  53.764789581298828  19.292098999023438
6834    -0.20116989314556122  54.263046264648438  19.172422409057617
6835    0.23614461719989777  53.68505859375  17.431802749633789
6836    63.068454742431641  52.183601379394531  17.370719909667969
6837    -0.2208600640296936  55.241710662841797  22.218059539794922
6838    -0.22719022631645203  56.166275024414062  24.45147705078125
6839    70.341278076171875  54.795581817626953  17.750789642333984
6840    71.108024597167969  54.787349700927734  20.309417724609375
6841    71.117393493652344  54.075122833251953  19.317205429077148
6842    70.544364929199219  53.766445159912109  17.085433959960938
6843    71.042716979980469  53.558132171630859  17.906641006469727
6844    0.19965346157550812  54.669597625732422  18.011585235595703
6845    -0.26509597897529602  54.68731689453125  20.116697311401367
6846    17.933673858642578  7.2889580726623535  15.972670555114746
6847    11.438409805297852  7.3954930305480957  15.916050910949707
6848    12.373029708862305  7.6099920272827148  16.236642837524414
6849    8.6996545791625977  7.9787406921386719  16.413684844970703
6850    69.905410766601562  6.8260464668273926  16.010124206542969
6851    68.207450866699219  6.3488016128540039  15.440032958984375
6852    68.034347534179688  7.225745677947998  15.873810768127441
6853    69.87261962890625  6.0702676773071289  15.711200714111328
6854    6.1295928955078125  8.2178487777709961  16.402229309082031
6855    4.9966235160827637  7.7401790618896484  16.06353759765625
6856    7.5782346725463867  7.1589584350585938  15.727519035339355
6857    4.7602300643920898  7.0444707870483398  15.744380950927734
6858    17.763525009155273  7.5400075912475586  16.397584915161133
6859    2.3072302341461182  7.7403287887573242  16.182332992553711
6860    1.848736047744751  7.2247414588928223  16.038248062133789
6861    0.95679044723510742  7.6864237785339355  16.417823791503906
6862    0.81197303533554077  7.1220927238464355  16.461027145385742
6863    70.787094116210938  6.4179401397705078  16.898378372192383
6864    70.617317199707031  7.3901834487915039  16.595781326293945
6865    64.304862976074219  6.5319514274597168  15.37261962890625
6866    64.217079162597656  7.2499780654907227  15.78156852722168
6867    27.908876419067383  7.4988718032836914  16.621204376220703
6868    25.4722900390625  7.2494368553161621  16.072063446044922
6869    57.274093627929688  6.6650052070617676  15.430480003356934
6870    59.684837341308594  7.3797464370727539  15.944914817810059
6871    47.799461364746094  6.9137654304504395  15.686660766601562
6872    53.937431335449219  7.4323573112487793  16.233367919921875
6873    39.714817047119141  7.2678546905517578  16.199066162109375
6874    52.297576904296875  7.6211004257202148  16.804218292236328
6875    41.332695007324219  7.6031494140625  17.051074981689453
6876    0.77749085426330566  15.553188323974609  15.891740798950195
6877    0.50884366035461426  15.617606163024902  14.849305152893066
6878    64.466606140136719  7.7895960807800293  16.096647262573242
6879    63.392250061035156  7.9720425605773926  16.299772262573242
6880    69.867729187011719  7.5142183303833008  16.225465774536133
6881    67.013313293457031  8.0546398162841797  16.287864685058594
6882    69.34521484375  15.206780433654785  16.055231094360352
6883    61.077690124511719  7.9158487319946289  16.557851791381836
6884    58.234855651855469  7.7555618286132812  16.736900329589844
6885    67.952903747558594  5.6160674095153809  15.093287467956543
6886    57.214061737060547  5.9743332862854004  14.951340675354004
6887    64.957901000976562  5.9226880073547363  15.020898818969727
6888    44.23846435546875  6.2508926391601562  15.140066146850586
6889    27.434057235717773  25.701152801513672  17.37067985534668
6890    25.895824432373047  25.553922653198242  16.358959197998047
6891    24.93928337097168  25.905370712280273  17.515314102172852
6892    23.176481246948242  25.786336898803711  16.803739547729492
6893    15.499832153320312  26.138357162475586  17.075942993164062
6894    15.859330177307129  25.959524154663086  16.351251602172852
6895    15.027180671691895  26.025766372680664  16.388660430908203
6896    20.974006652832031  25.815120697021484  16.655548095703125
6897    19.808876037597656  25.620649337768555  15.848708152770996
6898    12.115940093994141  26.143032073974609  17.209072113037109
6899    12.762399673461914  26.021663665771484  16.102592468261719
6900    11.835260391235352  26.016754150390625  16.193277359008789
6901    18.985607147216797  26.031581878662109  17.205642700195312
6902    17.945356369018555  25.735061645507812  15.991279602050781
6903    16.895320892333984  26.042366027832031  16.970504760742188
6904    16.562994003295898  25.80671501159668  15.964988708496094
6905    27.937612533569336  25.335445404052734  16.136030197143555
6906    14.381973266601562  26.168428421020508  16.986810684204102
6907    14.052075386047363  26.017623901367188  16.156776428222656
6908    29.359987258911133  25.38319206237793  17.480079650878906
6909    28.988906860351562  25.31671142578125  16.662830352783203
6910    30.110626220703125  24.867790222167969  16.574310302734375
6911    29.410379409790039  24.953493118286133  15.746234893798828
6912    27.024465560913086  25.266546249389648  15.591010093688965
6913    24.417802810668945  25.395401000976562  15.579571723937988
6914    25.950790405273438  25.304769515991211  15.474130630493164
6915    30.284320831298828  24.649311065673828  15.761650085449219
6916    30.919553756713867  23.370876312255859  15.970260620117188
6917    30.667795181274414  24.236591339111328  15.95134162902832
6918    30.763324737548828  24.131492614746094  16.790393829345703
6919    31.010793685913086  23.151355743408203  16.859920501708984
6920    9.7181358337402344  25.954626083374023  17.245986938476562
6921    9.8033084869384766  25.864313125610352  16.042037963867188
6922    9.1192197799682617  25.842971801757812  16.177522659301758
6923    13.350757598876953  26.157148361206055  16.832489013671875
6924    10.826481819152832  25.969232559204102  16.443801879882812
6925    19.558574676513672  34.791591644287109  16.398788452148438
6926    22.381114959716797  34.898124694824219  16.380905151367188
6927    20.7039794921875  34.583278656005859  17.317647933959961
6928    19.033123016357422  34.543853759765625  17.228668212890625
6929    17.555948257446289  34.782588958740234  16.053869247436523
6930    17.447259902954102  34.495929718017578  17.097627639770508
6931    9.6482229232788086  34.364753723144531  16.89445686340332
6932    9.3475351333618164  34.380889892578125  16.390523910522461
6933    10.069722175598145  34.490573883056641  16.099700927734375
6934    10.374642372131348  34.381916046142578  16.92469596862793
6935    15.551608085632324  34.574764251708984  16.271915435791016
6936    16.643154144287109  34.955387115478516  15.267243385314941
6937    14.387605667114258  34.270717620849609  17.239913940429688
6938    14.143238067626953  34.393398284912109  16.505743026733398
6939    15.578755378723145  34.289073944091797  17.521585464477539
6940    12.332768440246582  34.288139343261719  16.999971389770508
6941    12.275918006896973  34.481662750244141  16.065206527709961
6942    13.270000457763672  34.415512084960938  16.284162521362305
6943    13.302324295043945  34.248920440673828  17.142488479614258
6944    11.353533744812012  34.346961975097656  16.925098419189453
6945    11.145483016967773  34.524112701416016  15.989470481872559
6946    25.41400146484375  35.045864105224609  16.180271148681641
6947    23.708074569702148  34.610443115234375  17.559104919433594
6948    30.686374664306641  35.203357696533203  17.680887222290039
6949    30.530086517333984  35.368721008300781  16.7135009765625
6950    31.683490753173828  35.874176025390625  17.193328857421875
6951    29.421777725219727  35.220851898193359  16.328313827514648
6952    28.833347320556641  34.952396392822266  17.208122253417969
6953    27.831907272338867  35.083820343017578  16.343721389770508
6954    26.544746398925781  34.827415466308594  17.078836441040039
6955    8.3424034118652344  33.851970672607422  16.003877639770508
6956    9.0650186538696289  34.227123260498047  17.269290924072266
6957    8.8066196441650391  34.205123901367188  16.312213897705078
6958    -0.12995539605617523  17.309513092041016  17.385503768920898
6959    -0.27205872535705566  17.367021560668945  15.775026321411133
6960    71.053756713867188  17.180717468261719  17.624473571777344
6961    70.640357971191406  16.011318206787109  17.393815994262695
6962    69.098808288574219  15.26509952545166  16.967531204223633
6963    10.949990272521973  16.608642578125  15.88444709777832
6964    11.45026969909668  16.85784912109375  15.687661170959473
6965    11.143520355224609  16.833854675292969  16.330472946166992
6966    10.540861129760742  16.433879852294922  15.70332145690918
6967    10.558443069458008  16.632434844970703  16.405817031860352
6968    9.7078466415405273  16.361175537109375  16.112545013427734
6969    8.7360019683837891  16.020721435546875  15.785944938659668
6970    8.80242919921875  16.271791458129883  16.692525863647461
6971    8.1944503784179688  16.022455215454102  16.668275833129883
6972    7.7935032844543457  15.692465782165527  15.841008186340332
6973    0.39054006338119507  16.062370300292969  17.313613891601562
6974    7.6056385040283203  15.779400825500488  16.88316535949707
6975    6.8109893798828125  15.470026969909668  16.698968887329102
6976    68.423980712890625  15.142556190490723  15.983927726745605
6977    63.611835479736328  17.290117263793945  17.575435638427734
6978    63.463127136230469  17.415605545043945  16.076204299926758
6979    10.086418151855469  16.745449066162109  17.124216079711914
6980    9.0768747329711914  16.620820999145508  17.575351715087891
6981    12.471870422363281  17.557100296020508  16.652311325073242
6982    11.78582763671875  17.214656829833984  16.367563247680664
6983    12.63218879699707  17.604709625244141  15.732847213745117
6984    12.063084602355957  17.282819747924805  15.356494903564453
6985    64.147232055664062  16.069526672363281  17.349227905273438
6986    10.953036308288574  17.021665573120117  17.160673141479492
6987    24.389400482177734  18.960588455200195  17.183494567871094
6988    22.867694854736328  18.861330032348633  17.393844604492188
6989    23.840797424316406  18.684186935424805  16.49864387512207
6990    8.4276084899902344  16.289745330810547  17.270990371704102
6991    67.588844299316406  9.1756448745727539  17.330560684204102
6992    66.819160461425781  8.7973318099975586  16.839693069458008
6993    66.271286010742188  9.2171659469604492  17.4315185546875
6994    64.954818725585938  9.1727161407470703  17.464056015014648
6995    64.459609985351562  8.9280319213867188  17.101621627807617
6996    64.170280456542969  9.041111946105957  17.436647415161133
6997    63.855628967285156  8.7894554138183594  17.174545288085938
6998    70.322952270507812  8.7700567245483398  17.628644943237305
6999    69.950904846191406  8.5268573760986328  17.00227165222168
7000    69.514328002929688  9.0569438934326172  17.578981399536133
7001    68.550086975097656  8.7696247100830078  16.93971061706543
7002    68.50433349609375  9.2508010864257812  17.568592071533203
7003    2.0232508182525635  15.28602123260498  17.180788040161133
7004    1.8753898143768311  15.225712776184082  15.893759727478027
7005    3.2340011596679688  15.113502502441406  16.145221710205078
7006    65.358497619628906  8.8791084289550781  16.950475692749023
7007    1.445304274559021  9.1510982513427734  17.594486236572266
7008    0.99040806293487549  8.8491115570068359  17.183355331420898
7009    0.66619652509689331  8.9151630401611328  17.678934097290039
7010    0.49053254723548889  8.5608549118041992  17.288541793823242
7011    6.9601554870605469  8.9151020050048828  17.750642776489258
7012    6.8651766777038574  8.7045183181762695  17.141643524169922
7013    5.9677081108093262  9.0913248062133789  17.602073669433594
7014    5.6511383056640625  8.7859859466552734  16.948938369750977
7015    4.6754050254821777  9.1989164352416992  17.453092575073242
7016    3.8598315715789795  8.8256654739379883  16.874151229858398
7017    13.593845367431641  17.826818466186523  16.084600448608398
7018    65.852188110351562  15.294211387634277  17.098945617675781
7019    65.489006042480469  15.237127304077148  15.834023475646973
7020    66.914833068847656  15.137833595275879  15.919394493103027
7021    64.457191467285156  15.559036254882812  15.898362159729004
7022    5.3590693473815918  15.312229156494141  17.334522247314453
7023    4.5034933090209961  15.123183250427246  16.391593933105469
7024    5.8609204292297363  15.209851264953613  15.698017120361328
7025    3.4772610664367676  15.279603004455566  17.524559020996094
7026    30.849023818969727  21.226362228393555  16.13572883605957
7027    30.791481018066406  21.123172760009766  17.139997482299805
7028    30.484304428100586  20.360759735107422  16.369344711303711
7029    30.270528793334961  20.314609527587891  17.430747985839844
7030    27.24589729309082  19.17828369140625  16.915483474731445
7031    26.673210144042969  18.915046691894531  16.166385650634766
7032    28.050846099853516  19.037176132202148  15.830721855163574
7033    29.929782867431641  19.786228179931641  16.642505645751953
7034    30.005834579467773  19.727788925170898  15.648994445800781
7035    30.981908798217773  22.282400131225586  16.001567840576172
7036    31.012369155883789  22.100418090820312  16.951915740966797
7037    24.263286590576172  18.498994827270508  15.47962474822998
7038    25.308628082275391  18.742668151855469  16.078052520751953
7039    22.483661651611328  18.501415252685547  16.275787353515625
7040    20.524698257446289  18.376312255859375  16.564901351928711
7041    18.591894149780273  18.30213737487793  16.948848724365234
7042    19.92432975769043  18.166263580322266  15.332568168640137
7043    17.846012115478516  18.092195510864258  15.632501602172852
7044    16.887748718261719  18.214130401611328  17.112899780273438
7045    15.390114784240723  18.032745361328125  16.501399993896484
7046    29.26087760925293  19.380380630493164  16.154960632324219
7047    29.344577789306641  19.534114837646484  16.926189422607422
7048    28.501394271850586  19.338165283203125  16.871055603027344
7049    25.846372604370117  19.058652877807617  17.017780303955078
7050    70.471565246582031  52.131534576416016  17.771259307861328
7051    68.880088806152344  51.814464569091797  17.041852951049805
7052    69.825889587402344  51.802410125732422  17.338766098022461
7053    67.251571655273438  51.930683135986328  16.825885772705078
7054    65.497306823730469  51.984325408935547  16.81968879699707
7055    3.1306202411651611  51.983062744140625  16.811050415039062
7056    1.5646700859069824  51.947887420654297  16.998092651367188
7057    1.7938755750656128  52.587001800537109  16.551977157592773
7058    63.797012329101562  51.814716339111328  17.700458526611328
7059    64.189208984375  52.047080993652344  17.044784545898438
7060    6.0577406883239746  51.726947784423828  17.220449447631836
7061    6.4366650581359863  52.161270141601562  16.783809661865234
7062    7.0086946487426758  51.930431365966797  17.372745513916016
7063    7.770052433013916  52.337112426757812  17.019746780395508
7064    4.9453802108764648  51.824375152587891  16.934364318847656
7065    5.5056986808776855  52.174823760986328  16.567493438720703
7066    69.167655944824219  51.481689453125  17.57240104675293
7067    69.921875  51.569271087646484  18.00532341003418
7068    67.738388061523438  51.407421112060547  17.670989990234375
7069    19.770366668701172  52.944252014160156  17.614322662353516
7070    13.076611518859863  52.798389434814453  17.547578811645508
7071    17.310722351074219  53.120719909667969  16.703407287597656
7072    10.203055381774902  52.691745758056641  17.062471389770508
7073    11.640910148620605  53.088790893554688  16.362791061401367
7074    8.0914955139160156  52.699142456054688  16.519535064697266
7075    0.61671960353851318  52.897510528564453  16.960166931152344
7076    0.073408424854278564  52.953292846679688  18.121023178100586
7077    1.0663266181945801  53.268409729003906  16.480127334594727
7078    6.1012177467346191  52.5555419921875  16.348455429077148
7079    4.6968092918395996  52.235980987548828  16.49847412109375
7080    4.3040456771850586  52.781158447265625  16.199785232543945
7081    2.6172482967376709  53.392448425292969  16.02772331237793
7082    66.007179260253906  45.375186920166016  17.07206916809082
7083    67.442665100097656  45.506580352783203  15.712221145629883
7084    65.708534240722656  45.418540954589844  15.737241744995117
7085    64.750419616699219  51.725517272949219  17.396308898925781
7086    65.965179443359375  51.565422058105469  17.513307571411133
7087    6.340430736541748  51.531745910644531  17.785165786743164
7088    5.2035279273986816  51.418201446533203  17.591224670410156
7089    69.922004699707031  45.268291473388672  16.498788833618164
7090    68.953712463378906  45.447761535644531  16.222797393798828
7091    3.50669264793396  51.399551391601562  17.600591659545898
7092    1.91452956199646  51.56146240234375  17.464410781860352
7093    0.74654108285903931  52.291378021240234  17.21082878112793
7094    0.96901541948318481  51.786338806152344  17.465946197509766
7095    0.37463828921318054  52.092231750488281  18.070510864257812
7096    70.661361694335938  44.783229827880859  15.868961334228516
7097    42.718299865722656  53.076877593994141  17.073614120483398
7098    48.451427459716797  52.902645111083984  17.690204620361328
7099    30.998374938964844  52.980876922607422  17.742950439453125
7100    29.132841110229492  53.187850952148438  16.809436798095703
7101    41.565872192382812  52.949287414550781  17.764642715454102
7102    67.5360107421875  45.385292053222656  17.430505752563477
7103    30.669672012329102  40.816497802734375  17.023849487304688
7104    31.38835334777832  40.366641998291016  16.798450469970703
7105    31.017581939697266  40.797946929931641  16.204790115356445
7106    31.570440292358398  40.365070343017578  15.71280574798584
7107    32.120429992675781  39.111961364746094  16.002689361572266
7108    31.889062881469727  39.855091094970703  15.965768814086914
7109    31.941555023193359  39.675769805908203  16.900043487548828
7110    32.247615814208984  38.876190185546875  16.939773559570312
7111    32.218307495117188  38.214527130126953  16.023761749267578
7112    32.378704071044922  37.960186004638672  16.96502685546875
7113    28.796876907348633  41.424560546875  16.309671401977539
7114    29.644514083862305  41.369380950927734  15.675108909606934
7115    28.620868682861328  41.517318725585938  15.361902236938477
7116    29.606838226318359  41.259944915771484  16.566144943237305
7117    27.530279159545898  41.4576416015625  16.48564338684082
7118    25.784706115722656  41.522632598876953  16.628992080688477
7119    32.17919921875  37.300617218017578  16.104694366455078
7120    22.732244491577148  41.86248779296875  16.525344848632812
7121    22.949928283691406  41.959194183349609  15.655719757080078
7122    24.114931106567383  41.661964416503906  16.658214569091797
7123    21.578302383422852  42.064704895019531  16.526041030883789
7124    28.909303665161133  35.383049011230469  15.668111801147461
7125    27.359775543212891  35.292736053466797  15.613275527954102
7126    21.295984268188477  35.121604919433594  15.476746559143066
7127    18.867164611816406  35.0833740234375  15.269457817077637
7128    32.337764739990234  37.151943206787109  16.910055160522461
7129    31.30694580078125  35.792514801025391  16.291576385498047
7130    30.390098571777344  35.585830688476562  15.798659324645996
7131    31.943403244018555  36.442466735839844  16.356515884399414
7132    32.252494812011719  36.657028198242188  17.275302886962891
7133    30.355300903320312  41.05853271484375  16.649570465087891
7134    30.440908432006836  41.113620758056641  15.87993049621582
7135    9.9141941070556641  44.160816192626953  16.377593994140625
7136    10.245471000671387  43.89434814453125  16.989301681518555
7137    10.694622993469238  43.940319061279297  16.258369445800781
7138    11.47608757019043  43.583419799804688  16.026348114013672
7139    11.087403297424316  43.955677032470703  15.518513679504395
7140    10.474908828735352  44.217098236083984  15.50300407409668
7141    10.93215274810791  43.6463623046875  17.011323928833008
7142    9.6316671371459961  44.451892852783203  15.502968788146973
7143    9.0933847427368164  44.371574401855469  16.445404052734375
7144    8.6325807571411133  44.716182708740234  15.639495849609375
7145    8.443760871887207  44.578514099121094  16.570531845092773
7146    8.0250101089477539  44.600990295410156  17.276943206787109
7147    7.8802738189697266  44.871326446533203  16.402385711669922
7148    7.4142923355102539  44.964298248291016  17.096097946166992
7149    3.5882430076599121  45.397121429443359  17.354089736938477
7150    4.7306265830993652  45.507282257080078  15.890457153320312
7151    3.1379976272583008  45.530311584472656  15.992919921875
7152    5.5336370468139648  45.337638854980469  17.096992492675781
7153    6.076866626739502  45.407428741455078  15.698574066162109
7154    2.0731844902038574  45.376777648925781  17.136442184448242
7155    1.8082380294799805  45.428455352783203  15.899736404418945
7156    19.669960021972656  42.360214233398438  16.341955184936523
7157    19.894861221313477  42.465244293212891  15.136651039123535
7158    18.803091049194336  42.470611572265625  15.560930252075195
7159    11.742037773132324  43.287380218505859  17.035085678100586
7160    12.424868583679199  43.027828216552734  16.551122665405273
7161    12.078974723815918  43.202983856201172  16.102100372314453
7162    12.643087387084961  42.935600280761719  15.695107460021973
7163    71.294876098632812  41.413528442382812  17.758457183837891
7164    6.9661893844604492  45.195549011230469  16.305599212646484
7165    20.628009796142578  42.243618011474609  16.474569320678711
7166    20.470521926879883  42.384056091308594  15.574165344238281
7167    9.362849235534668  43.999374389648438  17.431419372558594
7168    8.6672506332397461  44.341499328613281  17.090635299682617
7169    71.180366516113281  42.914569854736328  17.349609375
7170    13.245646476745605  42.794281005859375  16.436756134033203
7171    17.198068618774414  54.032989501953125  15.44339656829834
7172    68.802589416503906  54.249706268310547  16.031867980957031
7173    68.146492004394531  53.658775329589844  15.850177764892578
7174    64.976112365722656  54.142189025878906  15.494890213012695
7175    69.679389953613281  53.541728973388672  16.215248107910156
7176    8.8519983291625977  53.98095703125  15.487468719482422
7177    4.7594170570373535  54.31103515625  15.545332908630371
7178    65.431365966796875  53.364044189453125  15.833271026611328
7179    60.718730926513672  53.368915557861328  15.855888366699219
7180    58.503402709960938  54.002525329589844  15.444952011108398
7181    1.5266170501708984  54.778995513916016  16.353195190429688
7182    32.061634063720703  53.943012237548828  15.57451343536377
7183    50.502765655517578  53.743694305419922  15.687256813049316
7184    43.7601318359375  5.4505910873413086  14.4693603515625
7185    21.979072570800781  5.412778377532959  14.492060661315918
7186    8.6400947570800781  5.1513409614562988  14.682377815246582
7187    61.446643829345703  5.2801165580749512  14.494439125061035
7188    67.8555908203125  4.9541964530944824  14.668180465698242
7189    4.5628805160522461  15.092404365539551  15.186378479003906
7190    64.178871154785156  15.624449729919434  14.873232841491699
7191    15.275921821594238  25.776145935058594  15.518073081970215
7192    7.9888076782226562  26.699935913085938  17.148996353149414
7193    8.2922592163085938  26.219480514526367  17.543542861938477
7194    7.8534908294677734  27.172496795654297  16.880043029785156
7195    -0.47090175747871399  38.326492309570312  18.483783721923828
7196    8.5959768295288086  25.963869094848633  16.471963882446289
7197    1.3325237035751343  54.003944396972656  16.370670318603516
7198    5.1811580657958984  53.558204650878906  15.761366844177246
7199    57.800685882568359  53.314002990722656  16.020915985107422
7200    9.1045112609863281  53.298599243164062  15.942825317382812
7201    40.993400573730469  53.445713043212891  16.191970825195312
7202    52.750576019287109  53.370307922363281  16.113128662109375
7203    17.962055206298828  53.524887084960938  15.951749801635742
7204    26.714553833007812  53.471294403076172  16.149744033813477
7205    -0.073258735239505768  43.573627471923828  16.49969482421875
7206    63.672889709472656  43.703380584716797  16.404596328735352
7207    17.28520393371582  42.452796936035156  16.365444183349609
7208    14.350007057189941  42.590244293212891  17.171205520629883
7209    0.81294733285903931  45.1361083984375  15.633782386779785
7210    64.556694030761719  45.144786834716797  15.57172679901123
7211    3.6953492164611816  9.2527065277099609  17.424768447875977
7212    26.703210830688477  34.560749053955078  18.157808303833008
7213    15.269730567932129  34.139286041259766  18.380239486694336
7214    16.515901565551758  34.214942932128906  18.219404220581055
7215    22.694507598876953  34.331859588623047  18.481571197509766
7216    21.202116012573242  34.339729309082031  18.269063949584961
7217    11.487508773803711  34.248279571533203  17.738368988037109
7218    12.282844543457031  34.188327789306641  17.967952728271484
7219    18.680028915405273  34.281440734863281  18.224027633666992
7220    32.314537048339844  36.502300262451172  18.081361770629883
7221    32.463523864746094  37.57794189453125  17.987337112426758
7222    14.398952484130859  34.138786315917969  18.182815551757812
7223    29.345113754272461  34.730258941650391  18.328945159912109
7224    31.05463981628418  35.03399658203125  18.639791488647461
7225    9.6671066284179688  34.304386138916016  17.746683120727539
7226    13.343450546264648  34.144821166992188  18.069648742675781
7227    10.566588401794434  34.298336029052734  17.864435195922852
7228    15.490133285522461  42.204330444335938  18.716701507568359
7229    20.457630157470703  41.815692901611328  18.048364639282227
7230    19.353006362915039  41.827919006347656  18.295236587524414
7231    18.348598480224609  41.796714782714844  18.602983474731445
7232    17.363681793212891  41.976692199707031  18.514211654663086
7233    30.531147003173828  40.546180725097656  17.921897888183594
7234    16.309022903442383  42.127376556396484  18.531534194946289
7235    26.586021423339844  41.160987854003906  17.872325897216797
7236    31.484489440917969  40.065517425537109  17.816503524780273
7237    32.009403228759766  39.450027465820312  17.849082946777344
7238    11.71756649017334  43.119949340820312  18.093652725219727
7239    -0.21386563777923584  42.169105529785156  17.552030563354492
7240    21.655128479003906  41.75738525390625  17.642871856689453
7241    28.274505615234375  41.005977630615234  18.00465202331543
7242    28.42420768737793  41.262031555175781  17.171621322631836
7243    12.441461563110352  42.962001800537109  17.435092926025391
7244    24.549037933349609  41.341732025146484  17.770526885986328
7245    11.074287414550781  43.395927429199219  17.863288879394531
7246    23.017515182495117  41.530178070068359  17.688369750976562
7247    31.833911895751953  35.670604705810547  18.240676879882812
7248    32.316234588623047  38.641170501708984  17.903127670288086
7249    27.767444610595703  19.51165771484375  17.745220184326172
7250    25.572132110595703  19.614459991455078  18.529659271240234
7251    30.673439025878906  21.084566116333008  18.075620651245117
7252    30.152027130126953  20.536340713500977  18.418159484863281
7253    29.544719696044922  20.026748657226562  18.034605026245117
7254    26.389013290405273  19.391473770141602  17.823272705078125
7255    14.753453254699707  26.265975952148438  17.809535980224609
7256    13.515988349914551  26.253761291503906  17.802862167358398
7257    30.949808120727539  22.026357650756836  17.893674850463867
7258    31.026725769042969  22.909568786621094  17.650161743164062
7259    28.949827194213867  19.637245178222656  17.577753067016602
7260    19.95515251159668  18.787240982055664  18.229888916015625
7261    20.409793853759766  18.92059326171875  18.382772445678711
7262    19.045475006103516  18.825029373168945  18.490959167480469
7263    17.930547714233398  18.823833465576172  18.745096206665039
7264    17.10162353515625  18.763755798339844  18.893346786499023
7265    17.201435089111328  18.48863410949707  18.162384033203125
7266    15.592768669128418  18.32386589050293  18.268442153930664
7267    71.171836853027344  18.198085784912109  18.643091201782227
7268    63.475326538085938  18.178483963012695  18.390819549560547
7269    12.585180282592773  17.690378189086914  17.467350006103516
7270    11.774773597717285  17.386533737182617  17.374456405639648
7271    19.568912506103516  18.549299240112305  17.680086135864258
7272    18.432647705078125  18.548553466796875  18.004352569580078
7273    23.523323059082031  19.258813858032227  18.162328720092773
7274    22.025707244873047  19.190513610839844  18.42768669128418
7275    21.061162948608398  18.757137298583984  17.731069564819336
7276    24.990329742431641  19.313880920410156  17.947147369384766
7277    23.074192047119141  26.141990661621094  18.073583602905273
7278    21.040849685668945  26.19683837890625  17.976085662841797
7279    28.585264205932617  25.787055969238281  18.285579681396484
7280    27.242765426635742  25.989040374755859  18.36479377746582
7281    17.499124526977539  26.336954116821289  18.304277420043945
7282    25.820285797119141  26.043882369995117  18.227998733520508
7283    24.328714370727539  26.142019271850586  18.315067291259766
7284    29.825302124023438  25.39549446105957  18.391582489013672
7285    30.373565673828125  24.806451797485352  17.601446151733398
7286    30.868179321289062  23.887277603149414  17.720941543579102
7287    15.932075500488281  26.297807693481445  18.136810302734375
7288    61.322761535644531  52.222923278808594  18.427276611328125
7289    59.576381683349609  52.406227111816406  18.490074157714844
7290    60.463802337646484  52.522911071777344  17.732452392578125
7291    58.057357788085938  52.656856536865234  17.826118469238281
7292    56.272838592529297  52.707786560058594  17.944919586181641
7293    57.3505859375  52.544857025146484  18.516700744628906
7294    53.601295471191406  52.737812042236328  18.230085372924805
7295    -0.30870753526687622  53.514286041259766  20.216165542602539
7296    -0.41469132900238037  53.801601409912109  21.39024543762207
7297    70.962249755859375  52.565670013427734  19.030050277709961
7298    71.146980285644531  53.338016510009766  18.765268325805664
7299    62.764007568359375  51.961738586425781  18.222040176391602
7300    62.046207427978516  52.311172485351562  17.719322204589844
7301    41.148563385009766  52.820499420166016  19.114448547363281
7302    36.647258758544922  52.902400970458984  18.385639190673828
7303    46.680759429931641  52.840717315673828  18.421712875366211
7304    47.436130523681641  52.781459808349609  19.098678588867188
7305    55.567268371582031  52.57537841796875  18.899299621582031
7306    51.867095947265625  52.678680419921875  19.135753631591797
7307    55.326595306396484  52.484333038330078  19.591909408569336
7308    29.945247650146484  52.817104339599609  19.229133605957031
7309    7.3743977546691895  44.796619415283203  17.849142074584961
7310    6.7880229949951172  44.909435272216797  18.242656707763672
7311    66.130966186523438  45.195144653320312  18.058803558349609
7312    66.932769775390625  45.058490753173828  18.447628021240234
7313    65.068527221679688  44.998046875  17.928134918212891
7314    64.790489196777344  45.143764495849609  16.851222991943359
7315    1.2562853097915649  44.985149383544922  17.95909309387207
7316    0.98074769973754883  45.137664794921875  16.900068283081055
7317    2.2759687900543213  45.189407348632812  18.063945770263672
7318    6.7158427238464355  45.117008209228516  17.52564811706543
7319    7.8996286392211914  44.358310699462891  18.139102935791016
7320    3.0936808586120605  45.084262847900391  18.410011291503906
7321    2.4569032192230225  51.140727996826172  19.09562873840332
7322    2.0748622417449951  51.275775909423828  18.26106071472168
7323    3.1588771343231201  51.127933502197266  18.379293441772461
7324    6.3976454734802246  51.406429290771484  18.569791793823242
7325    7.2844662666320801  51.669292449951172  18.999584197998047
7326    6.3639850616455078  51.367958068847656  19.473508834838867
7327    70.191276550292969  45.056888580322266  17.326892852783203
7328    70.33001708984375  44.790435791015625  18.082029342651367
7329    70.783828735351562  44.518268585205078  17.244573593139648
7330    70.627426147460938  44.298011779785156  18.262922286987305
7331    5.0669894218444824  51.174301147460938  19.051271438598633
7332    4.3870816230773926  51.165969848632812  18.237283706665039
7333    5.5686297416687012  51.267578125  18.192405700683594
7334    3.674065113067627  51.079200744628906  18.925434112548828
7335    68.261489868164062  45.089729309082031  18.359592437744141
7336    0.99226599931716919  51.563545227050781  18.139665603637695
7337    0.39759314060211182  51.847412109375  18.876579284667969
7338    58.459506988525391  52.313716888427734  19.292591094970703
7339    69.545501708984375  45.014259338378906  18.251195907592773
7340    69.151412963867188  45.316612243652344  17.442867279052734
7341    18.442781448364258  42.199367523193359  17.413848876953125
7342    15.820528984069824  42.391300201416016  17.578655242919922
7343    63.531963348388672  42.185482025146484  17.517374038696289
7344    64.078620910644531  44.734149932861328  16.438961029052734
7345    17.01154899597168  42.263069152832031  17.73406982421875
7346    13.157327651977539  42.738540649414062  17.695676803588867
7347    0.32448101043701172  44.703346252441406  16.477201461791992
7348    71.017951965332031  43.885578155517578  17.513940811157227
7349    8.4985342025756836  44.219593048095703  17.700626373291016
7350    7.2455973625183105  51.774261474609375  18.120180130004883
7351    19.88831901550293  42.122623443603516  17.378005981445312
7352    10.305839538574219  43.652065277099609  17.744686126708984
7353    9.4400167465209961  52.327320098876953  18.874813079833984
7354    9.8066787719726562  52.479354858398438  18.023000717163086
7355    13.05122184753418  52.643722534179688  18.571836471557617
7356    63.276638031005859  51.655738830566406  19.090547561645508
7357    63.564731597900391  51.69757080078125  18.266941070556641
7358    61.815670013427734  51.943305969238281  19.244043350219727
7359    21.389904022216797  52.820079803466797  18.706827163696289
7360    29.083854675292969  52.900047302246094  18.457656860351562
7361    68.044822692871094  51.055492401123047  18.851524353027344
7362    67.5799560546875  51.126522064208984  18.430952072143555
7363    68.807945251464844  51.228107452392578  18.314548492431641
7364    57.017871856689453  52.433380126953125  19.218540191650391
7365    -0.063903182744979858  52.602359771728516  19.494838714599609
7366    70.515495300292969  51.850223541259766  18.601058959960938
7367    69.805023193359375  51.406692504882812  19.043909072875977
7368    68.775672912597656  51.125175476074219  19.095466613769531
7369    67.131614685058594  51.077884674072266  19.019119262695312
7370    66.196006774902344  51.254463195800781  18.542478561401367
7371    64.530906677246094  51.523048400878906  18.225406646728516
7372    8.1865749359130859  52.074867248535156  18.533376693725586
7373    8.1633081436157227  52.213233947753906  17.65321159362793
7374    60.193180084228516  52.153209686279297  19.340358734130859
7375    69.857376098632812  44.509437561035156  18.744894027709961
7376    68.853965759277344  44.665077209472656  18.87261962890625
7377    60.804695129394531  8.3420400619506836  18.436552047729492
7378    62.135913848876953  8.5598287582397461  18.387672424316406
7379    61.754829406738281  8.307225227355957  17.899190902709961
7380    58.815357208251953  8.2345571517944336  18.628433227539062
7381    56.7520751953125  8.1530981063842773  18.784442901611328
7382    8.7655324935913086  8.5263252258300781  18.38331413269043
7383    7.4656906127929688  8.8435249328613281  18.212574005126953
7384    56.665836334228516  7.987480640411377  18.014165878295898
7385    52.90765380859375  7.9324593544006348  18.336894989013672
7386    45.458728790283203  7.8223791122436523  18.501096725463867
7387    71.197097778320312  6.8990297317504883  18.611541748046875
7388    71.053871154785156  7.9362282752990723  18.189905166625977
7389    62.625839233398438  8.5302209854125977  17.7939453125
7390    60.730674743652344  8.1074972152709961  17.701799392700195
7391    59.178295135498047  8.0448284149169922  17.854377746582031
7392    64.23968505859375  9.1683444976806641  17.991844177246094
7393    63.5294189453125  8.8503913879394531  17.652067184448242
7394    3.5781412124633789  9.4449939727783203  18.165512084960938
7395    2.1096506118774414  9.371058464050293  18.122453689575195
7396    6.5193367004394531  15.520946502685547  17.882022857666016
7397    70.697959899902344  8.5883445739746094  18.060476303100586
7398    -0.1028570681810379  7.5986104011535645  18.036909103393555
7399    38.213951110839844  7.7708549499511719  18.423643112182617
7400    29.015787124633789  7.7822513580322266  18.438783645629883
7401    69.965187072753906  15.538007736206055  17.647659301757812
7402    67.499717712402344  15.26988410949707  17.334041595458984
7403    -0.26309898495674133  18.255395889282227  18.134057998657227
7404    11.124860763549805  17.302658081054688  17.984201431274414
7405    13.571992874145508  17.912153244018555  17.477285385131836
7406    7.2742471694946289  15.750432014465332  17.630006790161133
7407    7.8915252685546875  16.060701370239258  17.462915420532227
7408    8.2401018142700195  16.369312286376953  17.851110458374023
7409    68.84747314453125  9.3644561767578125  18.117633819580078
7410    67.330245971679688  9.4475116729736328  18.172527313232422
7411    65.485679626464844  9.3738126754760742  18.15162467956543
7412    5.0888915061950684  9.3623676300048828  18.107631683349609
7413    64.831954956054688  15.460747718811035  16.896684646606445
7414    1.0862325429916382  15.45421028137207  16.917293548583984
7415    11.805488586425781  8.1284875869750977  17.736371994018555
7416    17.751863479614258  7.8981590270996094  18.177646636962891
7417    -0.1115080863237381  6.6984105110168457  18.966182708740234
7418    20.834514617919922  42.035884857177734  17.277807235717773
7419    28.434822082519531  7.6944394111633301  17.454627990722656
7420    38.775226593017578  7.7240095138549805  17.83814811706543
7421    62.944534301757812  8.4511051177978516  17.155656814575195
7422    61.304370880126953  8.1088476181030273  17.252964019775391
7423    63.976730346679688  8.487945556640625  16.7559814453125
7424    11.336377143859863  7.9653611183166504  16.82573127746582
7425    18.200967788696289  7.7682414054870605  17.130241394042969
7426    8.0240678787231445  8.3190393447875977  16.837614059448242
7427    8.4007835388183594  8.4990415573120117  17.494636535644531
7428    6.8156061172485352  8.4168224334716797  16.673555374145508
7429    4.1422119140625  8.3017873764038086  16.391422271728516
7430    2.8044226169586182  8.3335781097412109  16.473907470703125
7431    1.1783590316772461  8.3279180526733398  16.729789733886719
7432    0.11051607131958008  7.1254439353942871  17.283992767333984
7433    0.30273008346557617  7.885066032409668  17.083864212036133
7434    2.010758638381958  8.8573732376098633  16.983465194702148
7435    70.265693664550781  7.9672284126281738  16.61937141418457
7436    69.202507019042969  8.0503635406494141  16.425970077514648
7437    70.720901489257812  8.1322221755981445  17.248409271240234
7438    71.0166015625  7.3676843643188477  17.325004577636719
7439    2.7095887660980225  9.2337064743041992  17.463998794555664
7440    65.409675598144531  8.3502578735351562  16.475141525268555
7441    52.026878356933594  7.7765498161315918  17.46226692199707
7442    56.538700103759766  7.8403434753417969  17.395797729492188
7443    47.061420440673828  7.7604575157165527  17.738277435302734
7444    58.704689025878906  7.8814549446105957  17.22728157043457
7445    29.628498077392578  41.000007629394531  17.442716598510742
7446    29.690465927124023  19.797866821289062  17.331445693969727
7447    8.1345939636230469  15.885245323181152  64.815666198730469
7448    7.9593963623046875  15.494894027709961  65.7774658203125
7449    7.405092716217041  15.159111976623535  65.107650756835938
7450    63.595081329345703  16.236583709716797  65.529983520507812
7451    63.375888824462891  18.711212158203125  66.201461791992188
7452    63.583946228027344  16.994907379150391  64.4581298828125
7453    7.2314310073852539  14.921060562133789  66.084312438964844
7454    10.015127182006836  16.290412902832031  66.865982055664062
7455    10.676830291748047  16.676166534423828  66.099861145019531
7456    10.881067276000977  16.569711685180664  67.068527221679688
7457    9.1051492691040039  16.236804962158203  65.727005004882812
7458    9.8740777969360352  16.456857681274414  65.907882690429688
7459    9.2008419036865234  16.062322616577148  66.587928771972656
7460    8.5130386352539062  15.976016998291016  65.530487060546875
7461    8.512516975402832  15.793843269348145  66.278556823730469
7462    19.868837356567383  18.076196670532227  67.739234924316406
7463    18.993759155273438  18.158319473266602  66.310768127441406
7464    20.259849548339844  18.267475128173828  66.089393615722656
7465    21.021711349487305  18.192672729492188  66.873268127441406
7466    -0.14072407782077789  16.317413330078125  65.421821594238281
7467    -0.36197012662887573  19.02918815612793  65.768096923828125
7468    -0.14503677189350128  17.058515548706055  64.349510192871094
7469    65.96722412109375  14.25565242767334  65.967666625976562
7470    66.00701904296875  14.283371925354004  64.824378967285156
7471    67.032508850097656  14.119620323181152  65.340476989746094
7472    67.365318298339844  14.17093563079834  66.169471740722656
7473    11.504729270935059  17.026247024536133  66.27020263671875
7474    12.851725578308105  17.722377777099609  65.902420043945312
7475    12.456417083740234  17.647729873657227  64.751701354980469
7476    13.70734977722168  17.962308883666992  64.839950561523438
7477    13.782284736633301  17.947301864624023  66.114814758300781
7478    63.306037902832031  20.926448822021484  64.258262634277344
7479    63.420589447021484  18.695375442504883  64.186180114746094
7480    -0.30217236280441284  18.754304885864258  63.939556121826172
7481    11.161787033081055  17.005538940429688  65.441993713378906
7482    10.514560699462891  16.845373153686523  65.195297241210938
7483    9.6863527297973633  16.64317512512207  65.061637878417969
7484    8.9078369140625  16.37708854675293  64.936851501464844
7485    3.6291489601135254  14.177553176879883  66.33697509765625
7486    2.2279765605926514  14.259607315063477  66.000808715820312
7487    3.3403372764587402  14.129087448120117  65.385406494140625
7488    4.6845440864562988  14.180715560913086  65.368522644042969
7489    5.2070865631103516  14.262666702270508  66.2705078125
7490    2.365023136138916  14.289280891418457  64.806137084960938
7491    1.2392508983612061  14.483957290649414  65.601409912109375
7492    0.94090026617050171  14.703485488891602  64.674728393554688
7493    0.35934245586395264  15.169519424438477  65.929389953613281
7494    7.4972519874572754  8.6154651641845703  64.878379821777344
7495    6.6456184387207031  8.9488658905029297  64.663619995117188
7496    6.3965401649475098  8.6848335266113281  65.220718383789062
7497    5.3697233200073242  9.1308164596557617  64.726287841796875
7498    69.726058959960938  8.6691989898681641  65.112190246582031
7499    69.233749389648438  9.0907564163208008  64.666389465332031
7500    68.404441833496094  8.7515230178833008  65.340965270996094
7501    67.5518798828125  9.1605587005615234  64.754974365234375
7502    69.737808227539062  14.490571022033691  65.400299072265625
7503    70.634880065917969  15.068592071533203  66.159561157226562
7504    69.947822570800781  14.547500610351562  66.547462463378906
7505    68.812759399414062  14.252964973449707  66.231887817382812
7506    68.330642700195312  14.161899566650391  65.339874267578125
7507    6.2811675071716309  14.529339790344238  65.292152404785156
7508    6.3937454223632812  14.512948036193848  66.515640258789062
7509    14.918368339538574  18.012582778930664  66.44158935546875
7510    14.71623706817627  18.067377090454102  65.239776611328125
7511    64.955101013183594  14.473273277282715  65.609565734863281
7512    64.631332397460938  14.682564735412598  64.716606140136719
7513    64.089157104492188  15.137820243835449  65.968650817871094
7514    71.353866577148438  20.23753547668457  63.681983947753906
7515    71.396286010742188  21.911941528320312  62.986957550048828
7516    71.398048400878906  21.064619064331055  65.811515808105469
7517    71.287979125976562  18.89495849609375  64.676948547363281
7518    27.393363952636719  18.878068923950195  66.494316101074219
7519    25.951807022094727  18.69976806640625  66.597480773925781
7520    26.824199676513672  19.00446891784668  65.758956909179688
7521    30.367580413818359  20.553459167480469  66.519203186035156
7522    29.909671783447266  19.876630783081055  66.200538635253906
7523    30.240562438964844  20.402740478515625  65.376335144042969
7524    29.70521354675293  19.876079559326172  65.325302124023438
7525    71.292083740234375  17.649248123168945  66.760429382324219
7526    24.4686279296875  18.639009475708008  66.209335327148438
7527    23.004631042480469  18.514919281005859  66.058036804199219
7528    23.873874664306641  18.924098968505859  65.010780334472656
7529    30.522642135620117  21.108333587646484  64.833694458007812
7530    30.698314666748047  22.044658660888672  65.659622192382812
7531    30.559160232543945  21.087326049804688  65.83306884765625
7532    22.327056884765625  18.669256210327148  65.17999267578125
7533    71.419700622558594  25.349725723266602  62.352085113525391
7534    17.879743576049805  18.042213439941406  67.156166076660156
7535    17.742441177368164  18.177070617675781  65.794731140136719
7536    22.210575103759766  18.252498626708984  67.069389343261719
7537    21.606918334960938  18.386373519897461  65.974227905273438
7538    12.141972541809082  17.418701171875  65.823471069335938
7539    11.720114707946777  17.267581939697266  65.32769775390625
7540    16.351686477661133  18.026714324951172  66.727897644042969
7541    16.197063446044922  18.175148010253906  65.293243408203125
7542    29.184806823730469  19.481685638427734  65.84088134765625
7543    29.410581588745117  19.362409591674805  66.813735961914062
7544    28.531145095825195  19.074520111083984  66.529891967773438
7545    28.045671463012695  19.260000228881836  65.52691650390625
7546    23.582099914550781  18.375923156738281  67.053573608398438
7547    25.604801177978516  18.967636108398438  65.448600769042969
7548    66.935928344726562  8.7060317993164062  65.449905395507812
7549    30.775833129882812  22.552003860473633  65.1126708984375
7550    30.686014175415039  23.317348480224609  65.663047790527344
7551    -0.42962738871574402  21.028705596923828  63.399383544921875
7552    71.144149780273438  17.460443496704102  64.655349731445312
7553    42.689609527587891  7.5595841407775879  65.364097595214844
7554    39.227062225341797  7.6681900024414062  64.800285339355469
7555    31.217020034790039  7.5124673843383789  65.456779479980469
7556    28.593044281005859  7.7003841400146484  64.607559204101562
7557    49.267665863037109  7.5930662155151367  65.362266540527344
7558    54.489353179931641  7.6475858688354492  65.351181030273438
7559    53.495445251464844  7.7457699775695801  64.937324523925781
7560    48.917366027832031  7.7249736785888672  64.799713134765625
7561    1.4912383556365967  8.7045326232910156  65.201774597167969
7562    0.62202912569046021  8.5046157836914062  64.885154724121094
7563    0.8259354829788208  8.0148706436157227  65.402801513671875
7564    2.0654058456420898  8.2133893966674805  65.737350463867188
7565    68.999916076660156  8.3087196350097656  65.644294738769531
7566    67.198097229003906  8.1505937576293945  65.89117431640625
7567    2.2828257083892822  9.1847114562988281  64.727897644042969
7568    1.118776798248291  8.9976291656494141  64.46142578125
7569    0.29875293374061584  8.5867547988891602  64.136856079101562
7570    63.883380889892578  8.9614791870117188  64.312896728515625
7571    63.25103759765625  8.5392560958862305  64.854393005371094
7572    64.329971313476562  8.8257694244384766  64.920005798339844
7573    64.148147583007812  8.4266729354858398  65.406646728515625
7574    70.005912780761719  8.0526456832885742  65.368881225585938
7575    2.8559861183166504  8.8259763717651367  65.343360900878906
7576    65.642868041992188  8.8909368515014648  65.117507934570312
7577    65.555557250976562  8.3325185775756836  65.723297119140625
7578    70.546829223632812  8.390873908996582  64.561576843261719
7579    70.169891357421875  8.8951530456542969  64.457427978515625
7580    4.189690113067627  8.8994779586791992  65.294075012207031
7581    3.679396390914917  9.2382535934448242  64.793441772460938
7582    66.200813293457031  9.301264762878418  64.463539123535156
7583    64.974227905273438  9.1695308685302734  64.462211608886719
7584    7.6822104454040527  8.3202123641967773  65.407356262207031
7585    5.2347712516784668  8.6761503219604492  65.441246032714844
7586    63.630321502685547  7.9132342338562012  65.903533935546875
7587    61.010425567626953  7.586768627166748  66.020179748535156
7588    62.031394958496094  8.0146322250366211  65.447563171386719
7589    58.191146850585938  7.5752248764038086  65.785125732421875
7590    68.637557983398438  7.6204290390014648  66.0347900390625
7591    65.069656372070312  7.8154969215393066  66.110595703125
7592    70.797561645507812  7.5420875549316406  64.465446472167969
7593    59.776256561279297  7.9213004112243652  65.075668334960938
7594    4.0589261054992676  8.2899074554443359  65.806190490722656
7595    9.0689687728881836  8.24310302734375  65.091224670410156
7596    6.722414493560791  8.1040220260620117  65.8095703125
7597    70.089256286621094  7.3991365432739258  65.589645385742188
7598    0.080043405294418335  7.8137931823730469  64.512245178222656
7599    70.486831665039062  6.6744370460510254  65.057952880859375
7600    71.102684020996094  6.7536578178405762  63.11383056640625
7601    29.485935211181641  35.616024017333984  66.921470642089844
7602    27.619619369506836  35.606288909912109  67.379173278808594
7603    27.571571350097656  35.210765838623047  66.172065734863281
7604    24.932613372802734  35.437671661376953  67.326324462890625
7605    24.433294296264648  35.004604339599609  65.912986755371094
7606    19.92497444152832  34.992084503173828  66.394111633300781
7607    18.029457092285156  34.965297698974609  66.63531494140625
7608    19.005060195922852  34.722244262695312  65.589324951171875
7609    17.137701034545898  34.664054870605469  65.827667236328125
7610    22.07220458984375  35.150112152099609  66.709121704101562
7611    21.654499053955078  34.772613525390625  65.380401611328125
7612    32.053531646728516  36.461437225341797  65.353080749511719
7613    32.247257232666016  37.426124572753906  65.543403625488281
7614    32.112293243408203  37.151264190673828  66.246612548828125
7615    31.745584487915039  36.189094543457031  66.153068542480469
7616    31.556240081787109  35.660507202148438  65.283294677734375
7617    31.179660797119141  35.576702117919922  65.842643737792969
7618    30.962125778198242  35.808151245117188  66.588127136230469
7619    30.041236877441406  35.343299865722656  65.951644897460938
7620    13.196754455566406  34.246257781982422  65.592430114746094
7621    12.194900512695312  34.512104034423828  66.51641845703125
7622    12.136642456054688  34.24835205078125  65.534820556640625
7623    23.983615875244141  34.747177124023438  65.029075622558594
7624    26.472282409667969  34.800167083740234  64.934776306152344
7625    22.984092712402344  34.592903137207031  64.557975769042969
7626    21.776655197143555  34.480434417724609  64.309371948242188
7627    20.015377044677734  34.412006378173828  64.318389892578125
7628    18.025407791137695  34.418853759765625  64.703620910644531
7629    16.464651107788086  34.340888977050781  64.863182067871094
7630    8.6525869369506836  34.063182830810547  65.999114990234375
7631    8.7434377670288086  34.078285217285156  64.646881103515625
7632    9.5554323196411133  34.328269958496094  65.620162963867188
7633    15.470322608947754  34.303268432617188  65.175712585449219
7634    15.48072624206543  34.118782043457031  64.222007751464844
7635    15.367149353027344  34.580730438232422  66.128143310546875
7636    14.527972221374512  34.239799499511719  65.274635314941406
7637    29.31816291809082  34.990940093994141  65.03033447265625
7638    30.777059555053711  35.272758483886719  65.327880859375
7639    32.163204193115234  38.330524444580078  66.370246887207031
7640    13.63232421875  42.739330291748047  66.131927490234375
7641    14.572495460510254  42.597919464111328  65.273239135742188
7642    13.441880226135254  42.732196807861328  64.709121704101562
7643    14.775474548339844  42.645725250244141  66.625556945800781
7644    12.676440238952637  43.0167236328125  65.872505187988281
7645    12.409990310668945  43.059898376464844  64.984626770019531
7646    12.078857421875  43.357803344726562  66.732688903808594
7647    11.790143013000488  43.407863616943359  65.699508666992188
7648    9.2164154052734375  44.452056884765625  66.224761962890625
7649    8.7485599517822266  44.505985260009766  65.625106811523438
7650    8.5154323577880859  44.761692047119141  66.2325439453125
7651    7.9803991317749023  45.144741058349609  66.644615173339844
7652    8.1635103225708008  44.895908355712891  65.692588806152344
7653    7.4166607856750488  45.52789306640625  66.074615478515625
7654    71.388450622558594  38.821586608886719  66.705375671386719
7655    71.356658935546875  40.155380249023438  64.109291076660156
7656    71.329025268554688  41.796070098876953  67.381912231445312
7657    30.3753662109375  41.140193939208984  66.760482788085938
7658    29.984519958496094  41.149295806884766  65.795249938964844
7659    29.196041107177734  41.378425598144531  66.905433654785156
7660    30.946807861328125  40.809181213378906  65.825592041015625
7661    31.169710159301758  40.740436553955078  66.746322631835938
7662    22.216854095458984  42.092559814453125  67.370246887207031
7663    22.899877548217773  41.901252746582031  66.45147705078125
7664    21.845928192138672  42.069469451904297  66.285606384277344
7665    22.4339599609375  41.740806579589844  65.0352783203125
7666    27.673337936401367  41.5574951171875  67.042198181152344
7667    28.704551696777344  41.350860595703125  65.831779479980469
7668    27.485986709594727  41.492504119873047  65.953132629394531
7669    26.473636627197266  41.633308410644531  66.654541015625
7670    26.477964401245117  41.489406585693359  65.580978393554688
7671    19.270095825195312  42.528789520263672  67.910018920898438
7672    20.006486892700195  42.315963745117188  66.073997497558594
7673    18.788019180297852  42.467765808105469  66.472328186035156
7674    -0.35464170575141907  43.271720886230469  65.923118591308594
7675    -0.19767417013645172  44.553218841552734  66.472129821777344
7676    -0.18217669427394867  44.558475494384766  65.30987548828125
7677    71.239677429199219  42.851325988769531  64.700263977050781
7678    71.245231628417969  43.209796905517578  66.826210021972656
7679    16.055797576904297  42.496051788330078  65.536895751953125
7680    15.722292900085449  42.624912261962891  66.651519775390625
7681    20.98344612121582  42.241626739501953  66.424102783203125
7682    21.318403244018555  42.267429351806641  67.740303039550781
7683    20.413394927978516  42.392787933349609  67.371078491210938
7684    -0.40309140086174011  41.807647705078125  67.363883972167969
7685    -0.39333376288414001  40.962123870849609  65.078689575195312
7686    17.723947525024414  42.629856109619141  67.788810729980469
7687    17.649198532104492  42.470375061035156  65.986175537109375
7688    16.528987884521484  42.624595642089844  66.954490661621094
7689    32.2340087890625  38.314048767089844  65.269012451171875
7690    31.996662139892578  39.387104034423828  65.048324584960938
7691    32.017120361328125  39.366874694824219  66.091987609863281
7692    31.408489227294922  40.270572662353516  64.846145629882812
7693    31.616222381591797  40.212116241455078  65.906333923339844
7694    25.496316909790039  41.661678314208984  66.373794555664062
7695    25.151792526245117  41.538177490234375  65.465705871582031
7696    24.222497940063477  41.771099090576172  66.809196472167969
7697    23.794595718383789  41.620296478271484  65.348342895507812
7698    13.756917953491211  34.524040222167969  66.395713806152344
7699    71.426132202148438  33.477397918701172  58.567569732666016
7700    -0.43808615207672119  36.979991912841797  65.639244079589844
7701    -0.41007828712463379  40.698211669921875  68.837051391601562
7702    19.155487060546875  26.114055633544922  64.77923583984375
7703    17.575204849243164  26.147058486938477  64.976448059082031
7704    17.082107543945312  25.983089447021484  65.657470703125
7705    16.602359771728516  26.189834594726562  65.012092590332031
7706    8.3189296722412109  26.20463752746582  65.865936279296875
7707    8.0369062423706055  26.689598083496094  64.443412780761719
7708    8.0300226211547852  26.661834716796875  66.588600158691406
7709    15.229462623596191  26.034702301025391  65.8914794921875
7710    15.712145805358887  26.280490875244141  64.741340637207031
7711    14.524568557739258  26.286073684692383  64.834693908691406
7712    13.512670516967773  26.113454818725586  65.918121337890625
7713    13.074552536010742  26.279869079589844  64.882461547851562
7714    12.098817825317383  26.112178802490234  65.898269653320312
7715    30.191061019897461  24.736156463623047  65.213592529296875
7716    30.227571487426758  24.567300796508789  66.127632141113281
7717    30.530351638793945  24.192670822143555  65.580810546875
7718    30.522602081298828  24.107795715332031  66.181442260742188
7719    10.85760498046875  26.059106826782227  65.721900939941406
7720    11.789107322692871  26.229248046875  64.682037353515625
7721    10.672369956970215  26.1337890625  64.393211364746094
7722    9.8427114486694336  25.979391098022461  65.385643005371094
7723    9.8012609481811523  26.012294769287109  63.800334930419922
7724    8.9164600372314453  25.950971603393555  64.983604431152344
7725    27.225954055786133  25.240438461303711  66.734275817871094
7726    28.415596008300781  25.182989120483398  66.484977722167969
7727    27.792091369628906  25.416046142578125  66.002304077148438
7728    29.155523300170898  25.434207916259766  64.973373413085938
7729    27.896221160888672  25.588470458984375  65.118255615234375
7730    28.835683822631836  25.363126754760742  65.662559509277344
7731    21.785602569580078  25.902006149291992  65.082481384277344
7732    19.89845085144043  25.722373962402344  66.001708984375
7733    26.126096725463867  25.474786758422852  66.082977294921875
7734    26.023847579956055  25.772708892822266  64.873878479003906
7735    23.920719146728516  25.667413711547852  65.652915954589844
7736    24.26441764831543  25.989473342895508  64.344940185546875
7737    21.625003814697266  25.530078887939453  66.453102111816406
7738    23.753936767578125  25.285383224487305  67.060317993164062
7739    18.00726318359375  25.717746734619141  66.348617553710938
7740    16.142440795898438  25.720703125  66.746391296386719
7741    29.61271858215332  25.209465026855469  65.304084777832031
7742    29.507617950439453  24.990257263183594  66.121795654296875
7743    25.862009048461914  25.147645950317383  67.235519409179688
7744    12.809056282043457  34.075584411621094  64.699737548828125
7745    13.769170761108398  34.069984436035156  64.759468078613281
7746    10.980928421020508  34.390682220458984  65.887229919433594
7747    10.519953727722168  34.266197204589844  64.421188354492188
7748    11.667952537536621  34.158939361572266  64.650398254394531
7749    8.2304763793945312  33.562576293945312  65.33978271484375
7750    63.209114074707031  28.712669372558594  55.109939575195312
7751    63.293403625488281  35.486881256103516  64.758262634277344
7752    63.194984436035156  34.265357971191406  55.319972991943359
7753    7.8547048568725586  27.731973648071289  66.308090209960938
7754    63.303188323974609  24.27720832824707  60.994358062744141
7755    7.8532390594482422  27.506799697875977  62.777149200439453
7756    7.7791900634765625  28.970695495605469  63.800239562988281
7757    11.759628295898438  53.983497619628906  66.816299438476562
7758    12.673433303833008  54.5654296875  67.193397521972656
7759    5.3172850608825684  54.018054962158203  66.747177124023438
7760    59.185050964355469  54.184238433837891  66.912727355957031
7761    54.428359985351562  53.911933898925781  66.690719604492188
7762    61.079669952392578  53.401355743408203  66.333671569824219
7763    69.152534484863281  54.370048522949219  66.315414428710938
7764    65.754219055175781  54.282279968261719  66.832725524902344
7765    68.504745483398438  53.643154144287109  66.402206420898438
7766    70.011909484863281  53.6739501953125  66.007911682128906
7767    65.547477722167969  53.464786529541016  66.467605590820312
7768    70.6640625  54.120250701904297  64.9476318359375
7769    70.54290771484375  53.146759033203125  65.502662658691406
7770    46.545585632324219  53.888179779052734  66.633857727050781
7771    54.457679748535156  53.461078643798828  66.206596374511719
7772    32.213787078857422  53.907093048095703  66.655029296875
7773    25.765769958496094  54.505588531494141  67.185676574707031
7774    18.527164459228516  53.874927520751953  66.714752197265625
7775    2.3594565391540527  54.950656890869141  66.767837524414062
7776    1.221723198890686  55.615211486816406  66.309127807617188
7777    0.49584212899208069  54.462825775146484  65.373138427734375
7778    2.2531232833862305  54.239524841308594  66.486557006835938
7779    6.9374222755432129  54.863811492919922  67.251968383789062
7780    -0.11887533217668533  55.43267822265625  61.830394744873047
7781    45.855384826660156  54.386211395263672  67.073249816894531
7782    53.623500823974609  54.70611572265625  67.314926147460938
7783    69.87335205078125  55.339256286621094  65.406120300292969
7784    70.814643859863281  56.230606079101562  61.772857666015625
7785    70.686538696289062  57.196281433105469  61.903095245361328
7786    0.20063123106956482  57.088336944580078  63.179298400878906
7787    -0.32844933867454529  56.562786102294922  50.230690002441406
7788    0.24488247931003571  56.225826263427734  65.214637756347656
7789    71.049057006835938  55.134117126464844  61.375686645507812
7790    66.534950256347656  55.033100128173828  66.999542236328125
7791    59.76171875  54.85235595703125  67.337425231933594
7792    65.083106994628906  52.760845184326172  66.021080017089844
7793    66.735305786132812  52.893497467041016  66.183441162109375
7794    5.3882308006286621  53.356014251708984  66.417808532714844
7795    3.0411839485168457  53.411041259765625  66.39654541015625
7796    1.8673393726348877  53.487266540527344  66.266654968261719
7797    0.61989468336105347  53.544960021972656  65.798095703125
7798    58.354518890380859  53.014175415039062  65.56951904296875
7799    60.345455169677734  53.078636169433594  65.883415222167969
7800    69.5953369140625  53.036052703857422  66.000251770019531
7801    10.008896827697754  53.286815643310547  66.348587036132812
7802    68.027610778808594  52.964546203613281  66.178718566894531
7803    63.010585784912109  52.742404937744141  65.747360229492188
7804    19.007856369018555  53.424324035644531  66.26495361328125
7805    30.351665496826172  53.388282775878906  66.017242431640625
7806    42.317905426025391  53.149738311767578  65.442192077636719
7807    43.112174987792969  53.526187896728516  66.187614440917969
7808    52.066169738769531  53.165607452392578  65.622611999511719
7809    -0.067985944449901581  3.4386639595031738  58.376712799072266
7810    1.3993995189666748  7.4547982215881348  65.958976745605469
7811    2.941063404083252  7.6646275520324707  66.144325256347656
7812    -0.19409048557281494  6.8970761299133301  63.957733154296875
7813    0.2950015664100647  7.0499868392944336  65.258567810058594
7814    71.028541564941406  6.1755332946777344  63.208126068115234
7815    70.22998046875  5.7124509811401367  64.589973449707031
7816    71.056732177734375  5.7371883392333984  62.335025787353516
7817    70.838333129882812  5.1161408424377441  60.687717437744141
7818    -0.20842927694320679  5.8808841705322266  63.626201629638672
7819    0.33976316452026367  6.0342702865600586  65.055397033691406
7820    -0.15904022753238678  6.3474726676940918  64.22259521484375
7821    -0.091208994388580322  5.3353171348571777  62.001712799072266
7822    70.772369384765625  4.2238693237304688  60.311546325683594
7823    13.386799812316895  7.9668745994567871  64.804588317871094
7824    10.888467788696289  7.8256511688232422  65.688591003417969
7825    19.178552627563477  7.5451312065124512  65.656967163085938
7826    21.224636077880859  7.7031979560852051  64.994178771972656
7827    70.923744201660156  3.1571242809295654  59.021255493164062
7828    -0.051927104592323303  4.5026202201843262  61.031497955322266
7829    28.673145294189453  60.997421264648438  56.529354095458984
7830    41.012199401855469  61.097202301025391  50.700824737548828
7831    29.248785018920898  61.125411987304688  49.901725769042969
7832    45.319644927978516  60.868976593017578  60.036277770996094
7833    0.11839162558317184  58.360382080078125  58.997245788574219
7834    4.1512470245361328  60.490840911865234  56.010272979736328
7835    8.7889184951782227  60.833511352539062  47.473339080810547
7836    3.6732523441314697  60.571933746337891  47.109661102294922
7837    14.38337516784668  60.783073425292969  58.580940246582031
7838    0.4541068971157074  59.515163421630859  57.217487335205078
7839    70.440963745117188  58.466484069824219  60.426078796386719
7840    54.538101196289062  60.985343933105469  49.880577087402344
7841    8.5800533294677734  44.424308776855469  64.888710021972656
7842    63.405868530273438  19.727533340454102  63.120052337646484
7843    63.309242248535156  21.341423034667969  62.487644195556641
7844    30.743570327758789  22.865535736083984  64.556289672851562
7845    30.616910934448242  23.895425796508789  64.6455078125
7846    -0.43449735641479492  24.72761344909668  66.512039184570312
7847    -0.42591145634651184  24.040220260620117  59.305503845214844
7848    30.703672409057617  21.992696762084961  64.599563598632812
7849    30.376585006713867  24.619497299194336  64.158592224121094
7850    29.834808349609375  25.172357559204102  64.564247131347656
7851    8.3497552871704102  26.139226913452148  64.335945129394531
7852    8.5978431701660156  25.943511962890625  63.534332275390625
7853    23.94007682800293  19.434810638427734  63.799625396728516
7854    25.471166610717773  19.341457366943359  64.370491027832031
7855    28.982322692871094  19.686073303222656  64.913688659667969
7856    26.88197135925293  19.301008224487305  64.8765869140625
7857    27.99969482421875  19.572338104248047  64.576019287109375
7858    22.253314971923828  19.056032180786133  64.168792724609375
7859    20.866582870483398  18.613132476806641  64.88568115234375
7860    19.210968017578125  18.375572204589844  65.197799682617188
7861    20.840482711791992  18.975337982177734  63.937156677246094
7862    19.490146636962891  18.801836013793945  64.030174255371094
7863    29.737358093261719  20.18113899230957  64.50775146484375
7864    71.221321105957031  19.171377182006836  63.407630920410156
7865    30.259309768676758  20.538719177246094  64.651786804199219
7866    28.660284042358398  19.975162506103516  64.001754760742188
7867    -0.30136892199516296  19.595781326293945  62.994918823242188
7868    -0.41484430432319641  20.485334396362305  62.649101257324219
7869    29.053564071655273  25.516401290893555  64.257164001464844
7870    7.9899520874023438  32.991680145263672  63.680343627929688
7871    8.2926931381225586  33.771511077880859  63.855854034423828
7872    7.9125704765319824  32.484561920166016  66.523475646972656
7873    22.672502517700195  26.139884948730469  64.077133178710938
7874    21.324960708618164  26.199705123901367  64.124099731445312
7875    17.386552810668945  34.208026885986328  63.982444763183594
7876    18.674177169799805  34.099639892578125  63.26092529296875
7877    27.71006965637207  25.817712783813477  64.030494689941406
7878    17.590141296386719  26.315937042236328  64.311058044433594
7879    16.536632537841797  26.356685638427734  64.264808654785156
7880    15.702614784240723  26.471845626831055  63.482925415039062
7881    14.002121925354004  26.400918960571289  63.766929626464844
7882    12.756214141845703  26.342752456665039  63.815525054931641
7883    11.684375762939453  26.246004104614258  63.022167205810547
7884    9.0627927780151367  25.886442184448242  63.240154266357422
7885    26.157646179199219  25.974727630615234  63.993698120117188
7886    62.859642028808594  8.7123708724975586  63.983570098876953
7887    67.326042175292969  9.4963302612304688  63.770595550537109
7888    65.783531188964844  9.4455814361572266  63.770908355712891
7889    68.987289428710938  14.312342643737793  64.607421875
7890    64.553237915039062  9.2748355865478516  63.659801483154297
7891    63.660396575927734  9.0627250671386719  63.568153381347656
7892    6.5452852249145508  9.1622543334960938  64.044998168945312
7893    7.4938898086547852  8.8375577926635742  64.193283081054688
7894    5.6598248481750488  9.3808660507202148  63.846061706542969
7895    4.41790771484375  9.4485960006713867  64.035369873046875
7896    3.1098599433898926  9.4400196075439453  64.209556579589844
7897    61.910205841064453  8.2803554534912109  64.650596618652344
7898    2.0156891345977783  9.360687255859375  63.841075897216797
7899    0.80284160375595093  9.0713920593261719  63.326976776123047
7900    69.912246704101562  9.1372108459472656  63.930877685546875
7901    70.640083312988281  8.6882791519165039  63.512905120849609
7902    4.0639824867248535  14.212082862854004  64.57122802734375
7903    68.847755432128906  9.350214958190918  63.879768371582031
7904    46.596061706542969  7.7940893173217773  64.142929077148438
7905    56.402534484863281  7.8875617980957031  64.588539123535156
7906    54.491256713867188  7.9162168502807617  64.212638854980469
7907    51.474128723144531  7.8407063484191895  64.223114013671875
7908    36.778663635253906  7.766850471496582  63.905372619628906
7909    58.657066345214844  7.9977421760559082  64.514633178710938
7910    71.204719543457031  7.2823405265808105  62.357521057128906
7911    0.073392555117607117  8.5638256072998047  63.202602386474609
7912    70.991355895996094  8.0241470336914062  63.605308532714844
7913    9.0979347229003906  8.4322280883789062  64.364875793457031
7914    -0.11988837271928787  8.0863037109375  63.571811676025391
7915    0.16029462218284607  15.292247772216797  64.907386779785156
7916    60.700138092041016  8.1636009216308594  64.407127380371094
7917    14.550740242004395  18.113655090332031  64.518669128417969
7918    8.6424093246459961  16.533977508544922  64.15374755859375
7919    9.4387102127075195  16.830284118652344  64.27685546875
7920    11.304118156433105  17.312545776367188  64.428390502929688
7921    70.973731994628906  16.22071647644043  64.776115417480469
7922    15.425086975097656  18.257253646850586  64.296806335449219
7923    63.711906433105469  15.791023254394531  64.542152404785156
7924    10.287252426147461  17.035327911376953  64.36920166015625
7925    63.889003753662109  15.265132904052734  64.944366455078125
7926    16.565032958984375  18.389524459838867  64.262619018554688
7927    17.819313049316406  18.458057403564453  64.512374877929688
7928    7.9266209602355957  16.143758773803711  63.9088134765625
7929    67.691162109375  14.216511726379395  64.567276000976562
7930    5.3662576675415039  14.314895629882812  64.578422546386719
7931    70.608100891113281  15.166138648986816  65.02587890625
7932    71.032508850097656  15.905962944030762  65.933174133300781
7933    7.4861288070678711  15.463472366333008  64.2535400390625
7934    -0.024256788194179535  15.822792053222656  64.497917175292969
7935    6.9592957496643066  14.907042503356934  64.484321594238281
7936    65.837158203125  46.461826324462891  65.37359619140625
7937    65.746910095214844  46.3927001953125  64.400367736816406
7938    64.678512573242188  46.156650543212891  64.655250549316406
7939    63.970836639404297  45.569339752197266  65.130317687988281
7940    64.017997741699219  45.681835174560547  64.198165893554688
7941    6.1994562149047852  46.166854858398438  64.565658569335938
7942    6.528254508972168  46.109294891357422  65.194488525390625
7943    6.9923419952392578  45.767005920410156  64.568336486816406
7944    7.1357016563415527  45.764358520507812  65.298370361328125
7945    70.95855712890625  45.244659423828125  64.656753540039062
7946    70.621986389160156  45.857933044433594  64.579559326171875
7947    70.787864685058594  45.832111358642578  65.40423583984375
7948    71.042671203613281  45.255985260009766  65.707656860351562
7949    5.1383709907531738  46.376285552978516  65.638771057128906
7950    5.2188286781311035  46.337482452392578  64.423561096191406
7951    3.6055312156677246  46.432704925537109  64.543449401855469
7952    3.4195878505706787  46.543441772460938  65.645133972167969
7953    71.122726440429688  44.307811737060547  64.744674682617188
7954    2.0740296840667725  46.460453033447266  65.371391296386719
7955    2.0058341026306152  46.388984680175781  64.400306701660156
7956    0.93490248918533325  46.156322479248047  64.655967712402344
7957    0.22740878164768219  45.572921752929688  65.143692016601562
7958    0.276307612657547  45.681568145751953  64.201057434082031
7959    4.4047274589538574  51.370811462402344  64.677803039550781
7960    3.3645529747009277  51.218059539794922  64.017082214355469
7961    5.116950511932373  51.265239715576172  64.065902709960938
7962    70.24932861328125  46.180992126464844  65.230499267578125
7963    69.921127319335938  46.213314056396484  64.569259643554688
7964    68.930587768554688  46.416645050048828  65.617774963378906
7965    2.1723470687866211  51.51898193359375  64.753471374511719
7966    1.8353137969970703  51.332412719726562  64.042465209960938
7967    3.4014875888824463  51.492462158203125  64.896415710449219
7968    0.57574748992919922  52.096752166748047  65.012359619140625
7969    0.33500400185585022  52.067008972167969  64.308479309082031
7970    1.0396337509155273  51.662517547607422  64.548789978027344
7971    0.97872310876846313  51.546623229980469  63.610500335693359
7972    68.953834533691406  46.358753204345703  64.420051574707031
7973    70.617134094238281  51.944175720214844  64.009353637695312
7974    71.021469116210938  52.704891204833984  63.724063873291016
7975    70.734794616699219  52.423583984375  64.867317199707031
7976    70.479888916015625  51.833518981933594  64.710441589355469
7977    67.349311828613281  46.444026947021484  64.540809631347656
7978    67.214576721191406  46.554561614990234  65.638168334960938
7979    20.104619979858398  42.088607788085938  64.833915710449219
7980    18.976535797119141  42.244449615478516  65.077468872070312
7981    21.113990783691406  42.012859344482422  65.19964599609375
7982    9.1526565551757812  43.901599884033203  64.231430053710938
7983    8.3284769058227539  44.232158660888672  64.030479431152344
7984    9.3399028778076172  44.129005432128906  65.141502380371094
7985    7.7055230140686035  45.065887451171875  64.7333984375
7986    -0.27145108580589294  43.511688232421875  64.521873474121094
7987    -0.15315940976142883  44.142787933349609  64.203559875488281
7988    11.179805755615234  43.580894470214844  65.252433776855469
7989    10.928606986999512  43.479175567626953  64.544563293457031
7990    10.303815841674805  43.948921203613281  65.581748962402344
7991    11.724946022033691  43.257881164550781  64.695884704589844
7992    12.414674758911133  42.908584594726562  64.080818176269531
7993    17.559684753417969  42.187789916992188  64.50762939453125
7994    63.729957580566406  44.964023590087891  64.320526123046875
7995    63.561214447021484  44.542617797851562  65.218460083007812
7996    -0.014662253670394421  44.965335845947266  64.337936401367188
7997    10.037986755371094  43.686897277832031  64.432151794433594
7998    63.595695495605469  44.145675659179688  64.153480529785156
7999    63.475822448730469  43.525371551513672  64.351661682128906
8000    63.387096405029297  43.171768188476562  65.420127868652344
8001    25.771844863891602  52.953800201416016  64.74884033203125
8002    26.203863143920898  52.882289886474609  64.037147521972656
8003    35.68994140625  52.888271331787109  63.900470733642578
8004    38.153099060058594  52.987461090087891  64.778350830078125
8005    17.729745864868164  52.868968963623047  64.912567138671875
8006    18.061752319335938  52.777046203613281  64.054763793945312
8007    48.076618194580078  52.902973175048828  64.596427917480469
8008    45.934818267822266  52.854881286621094  64.042121887207031
8009    50.906597137451172  52.799251556396484  64.062591552734375
8010    69.931282043457031  51.540885925292969  64.304214477539062
8011    69.079414367675781  51.532485961914062  64.807235717773438
8012    67.545211791992188  51.443660736083984  64.73663330078125
8013    68.618759155273438  51.294593811035156  63.874820709228516
8014    65.961769104003906  51.450767517089844  64.724876403808594
8015    66.816169738769531  51.227146148681641  64.000991821289062
8016    65.47283935546875  51.309726715087891  64.115013122558594
8017    64.721809387207031  51.564933776855469  64.628379821777344
8018    64.4300537109375  51.475078582763672  63.859920501708984
8019    7.2726860046386719  51.714572906494141  63.829517364501953
8020    7.0823278427124023  51.693733215332031  64.562904357910156
8021    6.3326516151428223  51.457645416259766  64.2747802734375
8022    6.4768304824829102  51.602462768554688  64.85137939453125
8023    5.558927059173584  51.483314514160156  64.803993225097656
8024    64.217979431152344  51.901374816894531  65.056541442871094
8025    63.381305694580078  52.24639892578125  65.151878356933594
8026    63.741298675537109  51.822505950927734  64.540542602539062
8027    70.021598815917969  51.675651550292969  64.918319702148438
8028    12.409934997558594  52.626663208007812  64.947715759277344
8029    10.965865135192871  52.458148956298828  63.924774169921875
8030    8.412775993347168  52.084194183349609  64.506271362304688
8031    8.4443864822387695  52.100116729736328  63.489204406738281
8032    -0.072139948606491089  52.802776336669922  64.041175842285156
8033    0.012699713930487633  53.461399078369141  64.95721435546875
8034    -0.19614776968955994  53.857791900634766  63.491016387939453
8035    0.24899466335773468  52.717422485351562  65.14862060546875
8036    62.730369567871094  52.176517486572266  64.573028564453125
8037    26.60791015625  34.561141967773438  64.027412414550781
8038    28.395044326782227  34.681255340576172  64.150596618652344
8039    24.771797180175781  34.569664001464844  64.281463623046875
8040    9.4981851577758789  34.305465698242188  63.832496643066406
8041    20.285470962524414  34.098812103271484  63.158447265625
8042    21.548624038696289  34.219158172607422  63.448726654052734
8043    30.008724212646484  34.857223510742188  64.194236755371094
8044    31.734113693237305  35.763820648193359  64.488082885742188
8045    32.215911865234375  36.920902252197266  64.472862243652344
8046    16.577089309692383  34.10528564453125  63.606479644775391
8047    30.902875900268555  35.191200256347656  64.660057067871094
8048    12.437747001647949  34.019298553466797  63.644794464111328
8049    13.676104545593262  33.968593597412109  63.719276428222656
8050    11.369181632995605  34.139488220214844  63.419239044189453
8051    7.7837481498718262  30.021141052246094  67.585517883300781
8052    7.80548095703125  31.192052841186523  62.738475799560547
8053    14.496922492980957  34.034824371337891  64.2828369140625
8054    24.752035140991211  41.33612060546875  64.518791198730469
8055    23.484701156616211  41.277263641357422  64.033119201660156
8056    29.528102874755859  40.991527557373047  64.715476989746094
8057    27.890144348144531  41.245151519775391  64.961860656738281
8058    26.360393524169922  41.176544189453125  64.390037536621094
8059    30.666728973388672  40.548477172851562  64.145713806152344
8060    31.477664947509766  40.069831848144531  63.944038391113281
8061    30.600486755371094  40.823890686035156  65.030166625976562
8062    21.599493026733398  41.68310546875  64.311416625976562
8063    22.286970138549805  41.447441101074219  64.000358581542969
8064    20.603342056274414  41.735935211181641  64.052734375
8065    16.340925216674805  42.262493133544922  64.272911071777344
8066    15.24686336517334  42.397281646728516  64.283340454101562
8067    14.380280494689941  42.547153472900391  64.454132080078125
8068    32.295570373535156  38.231719970703125  64.048149108886719
8069    31.947549819946289  39.459651947021484  64.07647705078125
8070    29.776811599731445  40.724170684814453  63.938995361328125
8071    67.135231018066406  52.380897521972656  65.846817016601562
8072    65.681602478027344  52.1734619140625  65.647003173828125
8073    53.240390777587891  52.867515563964844  64.792068481445312
8074    57.586353302001953  52.850460052490234  65.0347900390625
8075    60.274227142333984  52.736995697021484  65.039627075195312
8076    30.564224243164062  53.116989135742188  65.4107666015625
8077    19.711626052856445  53.047142028808594  65.542793273925781
8078    71.301712036132812  54.318927764892578  59.006969451904297
8079    71.381622314453125  54.742218017578125  53.871349334716797
8080    70.979072570800781  53.227779388427734  64.650520324707031
8081    70.111846923828125  52.445453643798828  65.530044555664062
8082    68.920455932617188  52.397285461425781  65.779678344726562
8083    61.710662841796875  52.649574279785156  65.256065368652344
8084    64.452934265136719  52.255016326904297  65.526573181152344
8085    71.159454345703125  53.772144317626953  63.003452301025391
8086    -0.41454371809959412  54.983642578125  55.716442108154297
8087    -0.34923306107521057  53.982559204101562  60.336711883544922
8088    6.5668749809265137  46.060981750488281  65.980117797851562
8089    67.548805236816406  46.511539459228516  66.352745056152344
8090    66.351860046386719  46.519680023193359  66.299659729003906
8091    65.352012634277344  46.400253295898438  66.269012451171875
8092    2.5218617916107178  46.521480560302734  66.284355163574219
8093    1.5742024183273315  46.403968811035156  66.258537292480469
8094    64.644050598144531  46.116321563720703  65.809463500976562
8095    3.6709015369415283  46.491481781005859  66.388923645019531
8096    2.9182610511779785  51.960643768310547  65.412483215332031
8097    6.2682547569274902  51.834827423095703  65.235275268554688
8098    7.1208982467651367  51.850509643554688  64.976753234863281
8099    4.7034544944763184  51.805061340332031  65.306892395019531
8100    1.4056679010391235  51.995376586914062  65.254165649414062
8101    70.263343811035156  46.165252685546875  66.0303955078125
8102    70.781967163085938  45.828052520751953  66.201911926269531
8103    71.14453125  44.399135589599609  66.173248291015625
8104    9.9145545959472656  44.342906951904297  66.727828979492188
8105    63.324928283691406  40.888648986816406  65.376228332519531
8106    63.353103637695312  41.405651092529297  63.831108093261719
8107    11.379341125488281  43.782588958740234  66.627418518066406
8108    11.072866439819336  43.781318664550781  65.929359436035156
8109    0.89227801561355591  46.119369506835938  65.809951782226562
8110    63.545265197753906  44.503826141357422  66.336410522460938
8111    10.652790069580078  44.102176666259766  66.664703369140625
8112    70.334236145019531  51.990238189697266  65.146903991699219
8113    69.572189331054688  51.914829254150391  65.327888488769531
8114    5.0407509803771973  52.587818145751953  65.93951416015625
8115    2.2555458545684814  52.746746063232422  65.933830261230469
8116    0.86261337995529175  52.957962036132812  65.802360534667969
8117    0.82773125171661377  52.444931030273438  65.495185852050781
8118    8.1009149551391602  52.240795135498047  65.282203674316406
8119    68.197525024414062  51.849891662597656  65.367660522460938
8120    10.853544235229492  52.826381683349609  65.811309814453125
8121    6.5621500015258789  52.321098327636719  65.679061889648438
8122    7.3221945762634277  52.758792877197266  66.017890930175781
8123    65.171653747558594  51.808967590332031  65.210067749023438
8124    66.574951171875  51.796714782714844  65.320022583007812
8125    36.690673828125  -0.51247459650039673  43.956333160400391
8126    71.289688110351562  6.3271384239196777  58.706668853759766
8127    -0.35796922445297241  6.1396327018737793  61.218780517578125
8128    27.842771530151367  7.771690845489502  63.982654571533203
8129    11.752500534057617  8.241215705871582  63.381649017333984
8130    20.282257080078125  7.8620338439941406  64.017379760742188
8131    -0.28792333602905273  7.2912073135375977  62.898963928222656
8132    18.743310928344727  35.552574157714844  68.743827819824219
8133    17.216211318969727  35.410835266113281  68.419044494628906
8134    19.443811416625977  35.283004760742188  67.582778930664062
8135    16.874042510986328  35.148380279541016  67.530601501464844
8136    15.502384185791016  35.297496795654297  68.318489074707031
8137    15.042231559753418  34.974082946777344  67.394668579101562
8138    14.072009086608887  35.2000732421875  68.281471252441406
8139    13.027831077575684  34.896366119384766  67.574531555175781
8140    12.621970176696777  35.337329864501953  68.962646484375
8141    11.073084831237793  35.062992095947266  68.367324829101562
8142    11.443873405456543  34.756610870361328  67.357666015625
8143    14.281636238098145  34.744743347167969  66.926216125488281
8144    10.127570152282715  34.668586730957031  67.236412048339844
8145    9.5689420700073242  34.968429565429688  68.511489868164062
8146    9.0677394866943359  34.697574615478516  67.927627563476562
8147    8.7822170257568359  34.817089080810547  68.598808288574219
8148    8.488652229309082  34.469890594482422  68.127517700195312
8149    22.802635192871094  35.701744079589844  68.622329711914062
8150    22.332929611206055  35.439804077148438  67.765403747558594
8151    23.77824592590332  35.598545074462891  68.0823974609375
8152    29.001420974731445  35.933589935302734  67.838211059570312
8153    29.865419387817383  35.870082855224609  67.468490600585938
8154    30.094514846801758  36.211654663085938  67.926017761230469
8155    27.727380752563477  35.938003540039062  68.180046081542969
8156    28.336326599121094  36.255603790283203  68.604644775390625
8157    26.455404281616211  35.810089111328125  68.127601623535156
8158    24.733676910400391  35.949699401855469  68.85589599609375
8159    11.114819526672363  34.587131500244141  66.812599182128906
8160    20.784181594848633  35.587265014648438  68.561752319335938
8161    7.9407052993774414  33.372871398925781  68.670967102050781
8162    8.2403640747070312  33.813854217529297  67.229255676269531
8163    8.1439046859741211  34.212635040283203  68.918525695800781
8164    8.9238033294677734  34.372241973876953  67.046768188476562
8165    31.961498260498047  39.34918212890625  66.994232177734375
8166    31.684614181518555  40.119091033935547  66.844276428222656
8167    31.679409027099609  39.910686492919922  67.527191162109375
8168    31.38275146484375  39.840114593505859  68.230140686035156
8169    31.2413330078125  40.545265197753906  67.6656494140625
8170    30.999288558959961  40.521808624267578  68.406204223632812
8171    31.799644470214844  39.250972747802734  67.709381103515625
8172    32.016128540039062  38.665439605712891  67.220809936523438
8173    71.418731689453125  33.636280059814453  68.265235900878906
8174    31.565475463867188  38.978172302246094  68.235908508300781
8175    24.213563919067383  41.788883209228516  68.494514465332031
8176    25.348833084106445  41.724433898925781  67.498260498046875
8177    26.928783416748047  41.426994323730469  69.200508117675781
8178    28.218025207519531  41.431270599365234  68.266578674316406
8179    26.964031219482422  41.599433898925781  68.241653442382812
8180    13.191866874694824  42.667526245117188  68.153411865234375
8181    13.551533699035645  42.645206451416016  67.941162109375
8182    13.080743789672852  42.664196014404297  67.747154235839844
8183    12.680439949035645  42.852855682373047  67.777763366699219
8184    12.871767997741699  42.736156463623047  68.086128234863281
8185    12.639409065246582  43.035236358642578  68.177497863769531
8186    31.612985610961914  37.360618591308594  67.704986572265625
8187    31.551483154296875  36.593132019042969  67.314773559570312
8188    31.866268157958984  36.850902557373047  66.914291381835938
8189    31.583560943603516  36.262454986572266  66.844215393066406
8190    31.006057739257812  36.582611083984375  67.798347473144531
8191    31.230304718017578  36.179679870605469  67.17926025390625
8192    30.537063598632812  35.978042602539062  67.301513671875
8193    31.092433929443359  37.337398529052734  68.425140380859375
8194    30.384675979614258  36.838897705078125  68.595230102539062
8195    29.368547439575195  36.469657897949219  68.589378356933594
8196    30.701162338256836  41.018547058105469  67.476692199707031
8197    30.608123779296875  40.926273345947266  68.225967407226562
8198    31.805683135986328  38.390457153320312  67.766014099121094
8199    32.0081787109375  37.793193817138672  67.070648193359375
8200    31.425094604492188  38.176097869873047  68.366294860839844
8201    30.065134048461914  24.172710418701172  67.163414001464844
8202    30.095100402832031  23.530437469482422  67.641151428222656
8203    30.452802658081055  23.775234222412109  66.712417602539062
8204    30.556663513183594  22.802417755126953  66.749618530273438
8205    30.187953948974609  22.519466400146484  68.7625732421875
8206    30.383773803710938  22.422168731689453  67.862594604492188
8207    29.960323333740234  23.12877082824707  68.565826416015625
8208    29.414167404174805  23.745355606079102  68.522102355957031
8209    27.716108322143555  24.552272796630859  68.183921813964844
8210    28.530868530273438  24.091449737548828  68.688728332519531
8211    29.278436660766602  24.271221160888672  67.762992858886719
8212    22.594221115112305  24.953460693359375  68.333648681640625
8213    21.313486099243164  25.211570739746094  67.645545959472656
8214    21.101459503173828  25.018850326538086  68.358573913574219
8215    30.567127227783203  21.569877624511719  66.84246826171875
8216    10.316579818725586  25.686092376708984  67.655845642089844
8217    10.611289024353027  25.412622451782227  68.722793579101562
8218    11.590801239013672  25.652090072631836  67.819084167480469
8219    17.645978927612305  25.18890380859375  68.247367858886719
8220    16.911306381225586  25.42985725402832  67.538604736328125
8221    15.619163513183594  25.132970809936523  68.795600891113281
8222    14.429112434387207  25.307632446289062  68.468910217285156
8223    15.262572288513184  25.464492797851562  67.783103942871094
8224    14.140979766845703  25.492521286010742  67.959640502929688
8225    12.050500869750977  25.344320297241211  68.781105041503906
8226    13.134832382202148  25.629777908325195  67.736442565917969
8227    13.381952285766602  25.325876235961914  68.629402160644531
8228    9.3828229904174805  25.593427658081055  68.260513305664062
8229    8.8149728775024414  25.858827590942383  66.9791259765625
8230    8.6233835220336914  25.795963287353516  68.153839111328125
8231    9.4941558837890625  25.747577667236328  67.252113342285156
8232    9.3293085098266602  25.8575439453125  66.331672668457031
8233    8.3076200485229492  25.987892150878906  68.629249572753906
8234    8.2722187042236328  26.152084350585938  67.515045166015625
8235    63.308815002441406  23.372373580932617  67.773399353027344
8236    30.420005798339844  20.814966201782227  67.4315185546875
8237    30.471446990966797  21.464908599853516  67.840675354003906
8238    30.032194137573242  19.917278289794922  67.539871215820312
8239    30.309194564819336  20.832767486572266  68.484413146972656
8240    30.066555023193359  19.94209098815918  68.971435546875
8241    26.803600311279297  18.617715835571289  67.369361877441406
8242    25.60272216796875  18.438974380493164  67.838615417480469
8243    24.75611686706543  18.47044563293457  67.146644592285156
8244    29.679950714111328  19.261194229125977  68.516944885253906
8245    29.481582641601562  19.198999404907227  67.652595520019531
8246    29.050765991210938  18.836881637573242  68.275436401367188
8247    28.283529281616211  18.652597427368164  68.09710693359375
8248    28.844161987304688  18.929584503173828  67.400283813476562
8249    27.86695671081543  18.73518180847168  67.379096984863281
8250    30.344161987304688  21.822629928588867  68.621307373046875
8251    8.0142831802368164  26.628961563110352  68.473442077636719
8252    13.786332130432129  25.898670196533203  66.755531311035156
8253    12.517082214355469  25.906805038452148  66.884391784667969
8254    11.177033424377441  25.897464752197266  66.844337463378906
8255    29.784420013427734  24.594339370727539  66.857475280761719
8256    27.781133651733398  24.980411529541016  67.282913208007812
8257    27.208868026733398  24.862575531005859  67.752700805664062
8258    19.468208312988281  25.054380416870117  68.458908081054688
8259    19.216693878173828  25.401504516601562  67.248748779296875
8260    24.516580581665039  24.926969528198242  68.092689514160156
8261    26.211647033691406  24.798137664794922  68.114860534667969
8262    28.822114944458008  24.812870025634766  67.130195617675781
8263    10.077969551086426  25.86961555480957  66.623252868652344
8264    26.919214248657227  25.030351638793945  67.415557861328125
8265    29.769777297973633  41.216724395751953  67.95538330078125
8266    30.297174453735352  24.322910308837891  66.650840759277344
8267    44.476913452148438  55.222892761230469  67.788200378417969
8268    19.434854507446289  55.212608337402344  67.746551513671875
8269    30.645112991333008  55.828445434570312  68.406867980957031
8270    12.16706657409668  55.918918609619141  68.300857543945312
8271    3.8404052257537842  56.01568603515625  67.782760620117188
8272    4.8678379058837891  55.469005584716797  67.510955810546875
8273    9.5295476913452148  55.382907867431641  67.773269653320312
8274    1.3452255725860596  56.585567474365234  67.159370422363281
8275    67.367851257324219  55.733566284179688  67.190483093261719
8276    60.815452575683594  55.509777069091797  67.772499084472656
8277    9.0812673568725586  44.768024444580078  68.389335632324219
8278    9.219792366027832  44.655765533447266  67.367225646972656
8279    8.3992347717285156  44.963092803955078  67.9864501953125
8280    0.87048166990280151  45.449428558349609  68.180099487304688
8281    2.1417131423950195  45.740451812744141  68.47479248046875
8282    1.6434926986694336  46.047409057617188  67.555122375488281
8283    0.23358812928199768  45.4427490234375  66.407478332519531
8284    0.071210391819477081  44.908760070800781  67.483207702636719
8285    0.64502084255218506  45.672420501708984  67.366180419921875
8286    70.865615844726562  44.717479705810547  67.799674987792969
8287    71.082611083984375  44.094623565673828  68.208488464355469
8288    11.019135475158691  44.116916656494141  67.392982482910156
8289    11.219603538513184  44.247692108154297  68.351646423339844
8290    11.648755073547363  43.791851043701172  67.511764526367188
8291    11.97844123840332  43.825229644775391  68.33038330078125
8292    8.5422754287719727  44.864509582519531  66.99261474609375
8293    10.16175365447998  44.466781616210938  67.907119750976562
8294    70.134346008300781  45.526233673095703  67.991775512695312
8295    70.7647705078125  45.465419769287109  66.914070129394531
8296    70.120063781738281  45.920356750488281  67.322456359863281
8297    7.4314298629760742  45.277225494384766  68.405830383300781
8298    7.9424705505371094  45.180595397949219  67.489486694335938
8299    -0.27036979794502258  44.210353851318359  66.958274841308594
8300    -0.25072780251502991  43.827774047851562  67.739425659179688
8301    5.442929744720459  46.139785766601562  67.480453491210938
8302    5.0002193450927734  45.893653869628906  68.180999755859375
8303    6.2019362449645996  45.950126647949219  67.525505065917969
8304    64.402633666992188  45.649856567382812  67.358108520507812
8305    64.628860473632812  45.405342102050781  68.167373657226562
8306    65.434860229492188  46.026744842529297  67.59686279296875
8307    65.847785949707031  45.718818664550781  68.4761962890625
8308    63.980575561523438  45.425640106201172  66.378288269042969
8309    63.818157196044922  44.814098358154297  67.379096984863281
8310    69.631431579589844  46.219020843505859  66.797721862792969
8311    69.019615173339844  45.988040924072266  67.803558349609375
8312    68.333251953125  46.34375  66.947776794433594
8313    7.2209768295288086  45.559299468994141  67.344024658203125
8314    6.3647422790527344  45.618995666503906  68.306930541992188
8315    71.145660400390625  43.459877014160156  68.696311950683594
8316    4.339423656463623  46.260097503662109  67.222320556640625
8317    63.472049713134766  44.076492309570312  66.724357604980469
8318    63.489112854003906  43.361972808837891  67.220817565917969
8319    3.543764591217041  45.960506439208984  68.186416625976562
8320    2.860682487487793  46.132907867431641  67.745582580566406
8321    14.366094589233398  42.755485534667969  67.963432312011719
8322    13.67115306854248  42.674575805664062  67.265510559082031
8323    12.828271865844727  42.897136688232422  67.046234130859375
8324    12.282098770141602  43.290092468261719  67.7078857421875
8325    12.416098594665527  43.443828582763672  68.34576416015625
8326    22.996200561523438  41.958419799804688  68.145889282226562
8327    15.511528015136719  42.714164733886719  67.577743530273438
8328    67.49334716796875  45.808979034423828  68.527633666992188
8329    66.618278503417969  46.071788787841797  67.935195922851562
8330    20.224790573120117  42.475067138671875  69.16827392578125
8331    16.89805793762207  42.834972381591797  69.872955322265625
8332    16.356315612792969  42.758831024169922  68.40374755859375
8333    66.782249450683594  46.352230072021484  67.1431884765625
8334    65.65252685546875  46.358554840087891  66.868499755859375
8335    70.435806274414062  46.005573272705078  66.720947265625
8336    2.7855901718139648  46.372779846191406  67.047645568847656
8337    1.8285098075866699  46.368679046630859  66.836616516113281
8338    1.0199346542358398  46.098396301269531  66.775733947753906
8339    67.683547973632812  46.167980194091797  67.716217041015625
8340    5.8401284217834473  46.196434020996094  66.80780029296875
8341    64.787261962890625  46.090000152587891  66.785049438476562
8342    6.7401580810546875  45.927127838134766  66.77886962890625
8343    53.211387634277344  -0.16695539653301239  56.210651397705078
8344    38.720455169677734  -0.31074565649032593  56.276252746582031
8345    0.50209486484527588  1.9007499217987061  60.341575622558594
8346    0.57445979118347168  3.0572869777679443  65.240730285644531
8347    68.58526611328125  0.68370181322097778  58.771884918212891
8348    63.950603485107422  0.18156522512435913  61.083217620849609
8349    70.381195068359375  1.7740949392318726  59.904315948486328
8350    70.233482360839844  2.7829906940460205  64.615043640136719
8351    8.7918996810913086  4.9648113250732422  67.809608459472656
8352    12.897546768188477  4.5991168022155762  68.419174194335938
8353    22.505260467529297  5.2914614677429199  67.851722717285156
8354    3.5552661418914795  4.8282275199890137  67.051643371582031
8355    1.1096577644348145  4.079918384552002  65.610725402832031
8356    4.6829142570495605  4.3954110145568848  67.852508544921875
8357    1.2550806999206543  5.0508413314819336  65.222442626953125
8358    25.369403839111328  4.6231913566589355  68.602020263671875
8359    0.20556475222110748  4.2031302452087402  63.3770751953125
8360    1.9451519250869751  0.78308755159378052  62.214607238769531
8361    70.420730590820312  3.941239595413208  63.380889892578125
8362    69.286781311035156  3.7432410717010498  65.744636535644531
8363    44.025760650634766  4.7773690223693848  68.380523681640625
8364    44.182910919189453  5.5971469879150391  67.56732177734375
8365    28.365915298461914  60.6676025390625  63.828804016113281
8366    42.309524536132812  60.475505828857422  66.150978088378906
8367    24.584955215454102  -0.17538036406040192  60.261398315429688
8368    57.946456909179688  60.443607330322266  64.887947082519531
8369    65.692893981933594  60.468994140625  58.095218658447266
8370    59.155635833740234  60.805606842041016  57.647006988525391
8371    66.499778747558594  60.121086120605469  63.963600158691406
8372    69.335250854492188  59.749664306640625  58.3597412109375
8373    68.645271301269531  59.410926818847656  65.040786743164062
8374    11.309678077697754  -0.041471250355243683  61.226833343505859
8375    5.4039525985717773  0.18577536940574646  57.046051025390625
8376    69.121353149414062  14.411767959594727  67.114814758300781
8377    70.014007568359375  14.632983207702637  67.30780029296875
8378    69.497665405273438  14.684806823730469  67.853981018066406
8379    3.6489839553833008  14.39163875579834  67.505851745605469
8380    3.5455281734466553  14.776618003845215  68.355369567871094
8381    2.4337480068206787  14.448250770568848  67.243507385253906
8382    1.6710095405578613  14.914105415344238  68.273880004882812
8383    0.6772383451461792  15.211308479309082  68.113327026367188
8384    1.0995489358901978  14.789752960205078  67.554000854492188
8385    0.11667165905237198  16.224960327148438  68.283760070800781
8386    -0.10760366916656494  16.595130920410156  66.821868896484375
8387    0.39076277613639832  15.279778480529785  67.282234191894531
8388    70.591697692871094  15.024434089660645  67.183738708496094
8389    70.302505493164062  14.942728996276855  67.833564758300781
8390    4.7199420928955078  14.485390663146973  67.705429077148438
8391    5.9169769287109375  14.621469497680664  67.766876220703125
8392    6.4368538856506348  14.571211814880371  67.247764587402344
8393    6.7572994232177734  14.803982734680176  67.666786193847656
8394    4.3655624389648438  14.262740135192871  67.017356872558594
8395    5.5699620246887207  14.387138366699219  67.109672546386719
8396    68.07537841796875  14.561631202697754  67.810615539550781
8397    5.1894140243530273  14.76561164855957  68.281417846679688
8398    66.726028442382812  14.812158584594727  68.417091369628906
8399    66.27740478515625  14.471645355224609  67.242355346679688
8400    65.280937194824219  14.915768623352051  68.280677795410156
8401    64.825897216796875  14.787041664123535  67.559371948242188
8402    64.368461608886719  15.192755699157715  68.133071899414062
8403    63.835468292236328  16.134614944458008  68.379608154296875
8404    63.62646484375  16.467206954956055  66.974990844726562
8405    64.118721008300781  15.247764587402344  67.318344116210938
8406    67.929252624511719  14.294344902038574  66.922897338867188
8407    7.1046204566955566  14.836360931396484  67.024383544921875
8408    7.8334999084472656  15.297078132629395  66.712226867675781
8409    7.5121965408325195  15.204642295837402  67.722518920898438
8410    6.4046454429626465  14.999382972717285  68.360145568847656
8411    63.425487518310547  18.457874298095703  68.067314147949219
8412    63.313648223876953  19.963752746582031  67.510421752929688
8413    60.030517578125  5.2245078086853027  67.348808288574219
8414    58.869579315185547  6.0854363441467285  67.103019714355469
8415    3.45231032371521  14.25578784942627  67.051078796386719
8416    64.878547668457031  14.614973068237305  66.635063171386719
8417    68.015251159667969  14.861050605773926  68.613670349121094
8418    47.169723510742188  6.22674560546875  67.090553283691406
8419    1.1269114017486572  14.62081241607666  66.632720947265625
8420    68.698028564453125  4.7344393730163574  65.072334289550781
8421    67.530723571777344  5.5527539253234863  66.342529296875
8422    65.420921325683594  5.8937005996704102  66.906059265136719
8423    21.323144912719727  18.123327255249023  67.711196899414062
8424    26.969284057617188  18.447517395019531  68.645759582519531
8425    24.140453338623047  18.293947219848633  67.996665954589844
8426    16.266958236694336  17.862855911254883  68.791854858398438
8427    14.921130180358887  17.839168548583984  68.101531982421875
8428    16.614568710327148  17.95091438293457  67.884750366210938
8429    23.00834846496582  18.220069885253906  67.808845520019531
8430    22.192110061645508  18.141242980957031  68.057609558105469
8431    13.184736251831055  17.983560562133789  67.707626342773438
8432    13.859415054321289  17.981193542480469  67.233779907226562
8433    13.739809036254883  17.991966247558594  67.927574157714844
8434    12.270917892456055  17.446023941040039  66.845382690429688
8435    12.677773475646973  17.750101089477539  67.634521484375
8436    12.293018341064453  17.320383071899414  67.797454833984375
8437    17.8212890625  17.936943054199219  68.899223327636719
8438    28.334774017333984  18.549953460693359  69.084060668945312
8439    13.741936683654785  17.836193084716797  68.305511474609375
8440    13.296963691711426  17.972269058227539  68.120712280273438
8441    12.945913314819336  17.898599624633789  68.049270629882812
8442    29.212673187255859  18.815746307373047  69.306831359863281
8443    8.2830677032470703  15.607082366943359  68.143096923828125
8444    8.4489526748657227  15.647635459899902  67.189849853515625
8445    70.804763793945312  15.607532501220703  68.187187194824219
8446    69.9798583984375  15.156749725341797  68.592292785644531
8447    11.666147232055664  16.933046340942383  67.337554931640625
8448    11.88818359375  16.816205978393555  68.167823791503906
8449    11.179314613342285  16.529129028320312  67.863380432128906
8450    11.232107162475586  16.349771499633789  68.719520568847656
8451    10.134014129638672  16.16099739074707  68.115516662597656
8452    8.9671688079833984  15.844245910644531  68.488014221191406
8453    9.2005186080932617  15.928425788879395  67.561141967773438
8454    71.04229736328125  15.894296646118164  67.079002380371094
8455    71.217941284179688  16.604038238525391  68.175247192382812
8456    -0.31174233555793762  18.853479385375977  67.656669616699219
8457    68.957206726074219  14.835430145263672  68.415061950683594
8458    13.033183097839355  17.84745979309082  66.949378967285156
8459    71.344642639160156  17.315317153930664  68.353134155273438
8460    -0.42703321576118469  20.591720581054688  66.855438232421875
8461    15.100491523742676  6.0214872360229492  67.202766418457031
8462    7.0174703598022461  5.6156005859375  67.063453674316406
8463    64.563339233398438  4.4415135383605957  67.554595947265625
8464    57.899074554443359  4.6873369216918945  68.185676574707031
8465    29.787939071655273  6.1567344665527344  67.160568237304688
8466    14.601779937744141  25.714187622070312  67.159454345703125
8467    7.8054828643798828  32.35601806640625  70.352836608886719
8468    -0.45295611023902893  33.067813873291016  58.254100799560547
8469    43.213687896728516  7.3419785499572754  65.870048522949219
8470    62.047012329101562  7.4005098342895508  66.309051513671875
8471    56.223899841308594  7.1927509307861328  66.321128845214844
8472    51.603988647460938  7.2774829864501953  66.069488525390625
8473    29.029518127441406  7.1631975173950195  66.180252075195312
8474    69.158172607421875  6.9053192138671875  66.162940979003906
8475    67.346870422363281  6.9932112693786621  66.495582580566406
8476    65.135704040527344  7.3315110206604004  66.396751403808594
8477    22.030218124389648  42.143848419189453  68.516403198242188
8478    26.393764495849609  41.667934417724609  67.678504943847656
8479    16.421377182006836  34.879859924316406  66.73919677734375
8480    63.902622222900391  60.739063262939453  48.302497863769531
8481    68.756309509277344  60.160610198974609  48.037143707275391
8482    2.1438891887664795  6.0887322425842285  66.330619812011719
8483    69.493026733398438  56.507213592529297  66.12872314453125
8484    64.641242980957031  56.253562927246094  68.139549255371094
8485    53.623455047607422  55.944358825683594  68.41650390625
8486    1.201743483543396  60.117397308349609  56.913539886474609
8487    43.619438171386719  55.834033966064453  68.430091857910156
8488    42.679637908935547  6.8105196952819824  66.587654113769531
8489    10.058100700378418  7.4288959503173828  66.245689392089844
8490    6.1976943016052246  7.3628683090209961  66.361068725585938
8491    14.705142021179199  6.7339558601379395  66.74261474609375
8492    16.992961883544922  7.2102932929992676  66.276252746582031
8493    25.717924118041992  6.7643451690673828  66.663589477539062
8494    1.060526967048645  6.7117180824279785  66.006271362304688
8495    7.2508001327514648  6.4619760513305664  66.84832763671875
8496    66.493789672851562  6.4487123489379883  66.712715148925781
8497    2.9415831565856934  6.8680582046508789  66.454780578613281
8498    3.9490737915039062  6.2588224411010742  66.793327331542969
8499    63.979068756103516  6.6925621032714844  66.754035949707031
8500    57.425838470458984  6.7703948020935059  66.717056274414062
8501    68.898994445800781  6.2006583213806152  66.195762634277344
8502    54.585906982421875  -0.28704658150672913  44.352302551269531
8503    27.935691833496094  34.038497924804688  61.906257629394531
8504    26.803255081176758  34.205078125  62.661800384521484
8505    26.081262588500977  33.983909606933594  62.039932250976562
8506    16.925685882568359  33.950206756591797  62.329891204833984
8507    15.832335472106934  33.993400573730469  62.821620941162109
8508    16.088483810424805  33.958034515380859  61.397121429443359
8509    30.108650207519531  34.23382568359375  61.878993988037109
8510    28.896549224853516  34.358791351318359  62.645259857177734
8511    32.218631744384766  34.656253814697266  61.824050903320312
8512    30.940805435180664  34.822071075439453  62.783496856689453
8513    24.804624557495117  34.129909515380859  62.709568023681641
8514    24.548788070678711  33.877674102783203  61.861732482910156
8515    17.015569686889648  33.862380981445312  61.259609222412109
8516    37.313423156738281  34.06463623046875  60.488201141357422
8517    38.219425201416016  34.349582672119141  60.623691558837891
8518    37.137798309326172  34.489433288574219  60.900074005126953
8519    35.644084930419922  34.155738830566406  60.740318298339844
8520    10.589258193969727  34.454402923583984  61.371150970458984
8521    11.35915470123291  34.206531524658203  62.160076141357422
8522    10.409370422363281  34.307220458984375  62.904396057128906
8523    9.4692907333374023  34.484519958496094  62.210212707519531
8524    9.6969461441040039  34.680667877197266  61.018760681152344
8525    37.010818481445312  35.150508880615234  61.155857086181641
8526    35.820911407470703  35.206062316894531  61.343204498291016
8527    36.135097503662109  34.657062530517578  61.1300048828125
8528    38.231426239013672  35.000938415527344  60.900676727294922
8529    8.7118673324584961  34.505317687988281  61.930980682373047
8530    9.1030206680297852  34.689548492431641  61.322696685791016
8531    34.924858093261719  34.649700164794922  61.265213012695312
8532    34.611457824707031  35.326141357421875  61.549808502197266
8533    33.352066040039062  35.539073944091797  61.933067321777344
8534    33.725753784179688  34.795688629150391  61.541847229003906
8535    32.316936492919922  35.544036865234375  62.585887908935547
8536    31.402532577514648  34.005947113037109  61.035755157470703
8537    29.168006896972656  33.889873504638672  61.203304290771484
8538    22.972438812255859  33.811874389648438  61.768630981445312
8539    21.552854537963867  33.933090209960938  62.390602111816406
8540    22.012884140014648  33.679084777832031  60.942668914794922
8541    26.827713012695312  33.770416259765625  61.1092529296875
8542    33.58953857421875  34.252643585205078  61.101474761962891
8543    17.810800552368164  33.820156097412109  61.392223358154297
8544    17.581211090087891  33.790210723876953  60.577220916748047
8545    19.00059700012207  33.700099945068359  59.701160430908203
8546    18.860542297363281  33.825706481933594  61.692359924316406
8547    24.389869689941406  33.660087585449219  60.805740356445312
8548    14.124610900878906  33.942924499511719  62.645580291748047
8549    13.119450569152832  33.981990814208984  62.610725402832031
8550    13.898621559143066  34.015121459960938  61.664524078369141
8551    35.326332092285156  36.800350189208984  61.419704437255859
8552    35.039337158203125  37.511882781982422  61.234878540039062
8553    34.211223602294922  37.053428649902344  61.615215301513672
8554    36.962535858154297  37.403129577636719  60.987186431884766
8555    36.05743408203125  37.302566528320312  61.163822174072266
8556    36.672489166259766  36.663799285888672  61.225254058837891
8557    30.981315612792969  39.251869201660156  61.546051025390625
8558    31.33050537109375  39.461185455322266  62.220504760742188
8559    32.154644012451172  38.806144714355469  61.753452301025391
8560    31.999284744262695  39.12884521484375  62.605449676513672
8561    32.6099853515625  38.196846008300781  62.375030517578125
8562    35.575183868408203  35.977554321289062  61.445053100585938
8563    36.626384735107422  35.792964935302734  61.287895202636719
8564    33.879009246826172  37.794898986816406  61.383766174316406
8565    33.020862579345703  38.152973175048828  61.662433624267578
8566    33.320663452148438  37.475872039794922  61.915584564208984
8567    32.871047973632812  37.14520263671875  62.48004150390625
8568    37.965106964111328  37.095645904541016  60.92669677734375
8569    37.711898803710938  37.746784210205078  60.638629913330078
8570    19.993551254272461  40.260692596435547  61.573516845703125
8571    21.293048858642578  40.189559936523438  61.654434204101562
8572    20.593025207519531  39.776268005371094  60.884708404541016
8573    18.878091812133789  39.933563232421875  60.678920745849609
8574    19.036617279052734  40.279254913330078  61.363323211669922
8575    19.60816764831543  39.938072204589844  60.974384307861328
8576    18.305675506591797  40.301860809326172  61.053878784179688
8577    -0.32540839910507202  37.628681182861328  61.009269714355469
8578    -0.21152210235595703  40.089080810546875  62.708309173583984
8579    33.133399963378906  38.432701110839844  60.916534423828125
8580    36.115428924560547  37.849040985107422  60.766799926757812
8581    34.627418518066406  38.025520324707031  60.906864166259766
8582    8.3128147125244141  34.344181060791016  61.5347900390625
8583    8.6653938293457031  34.69451904296875  60.979183197021484
8584    8.278416633605957  34.563327789306641  60.471969604492188
8585    37.935344696044922  36.033542633056641  61.055049896240234
8586    34.395381927490234  36.177017211914062  61.670680999755859
8587    33.470836639404297  36.563106536865234  61.999332427978516
8588    32.882999420166016  36.243881225585938  62.420120239257812
8589    20.159490585327148  33.863330841064453  62.109519958496094
8590    20.195526123046875  33.686687469482422  60.800323486328125
8591    34.382633209228516  26.083541870117188  61.014698028564453
8592    33.513950347900391  26.00908088684082  61.205623626708984
8593    34.152961730957031  25.536506652832031  61.254173278808594
8594    33.115104675292969  25.586391448974609  61.411300659179688
8595    29.246042251586914  25.916210174560547  62.614933013916016
8596    30.151042938232422  25.383670806884766  62.71221923828125
8597    30.551864624023438  25.774053573608398  62.027675628662109
8598    27.52470588684082  26.534063339233398  61.848793029785156
8599    27.672525405883789  26.214273452758789  62.650791168212891
8600    29.396364212036133  26.290006637573242  61.887531280517578
8601    32.381496429443359  26.020322799682617  61.348468780517578
8602    35.521831512451172  25.629852294921875  60.966129302978516
8603    24.716043472290039  26.70872688293457  61.886260986328125
8604    24.971044540405273  26.459770202636719  62.58404541015625
8605    26.013830184936523  26.610038757324219  61.940139770507812
8606    31.325672149658203  25.991916656494141  61.593063354492188
8607    31.948495864868164  25.250612258911133  61.693500518798828
8608    30.597164154052734  26.183246612548828  61.675632476806641
8609    23.120290756225586  26.769748687744141  61.973697662353516
8610    22.498891830444336  26.971538543701172  61.136569976806641
8611    21.814947128295898  26.754396438598633  62.231224060058594
8612    26.877908706665039  26.850534439086914  60.975917816162109
8613    24.335178375244141  26.914590835571289  61.191738128662109
8614    17.072879791259766  26.759574890136719  61.404079437255859
8615    16.902053833007812  26.748498916625977  60.115913391113281
8616    16.119907379150391  26.650604248046875  61.166694641113281
8617    15.941737174987793  26.57813835144043  59.976669311523438
8618    23.505672454833984  26.536523818969727  62.643409729003906
8619    20.597263336181641  26.816095352172852  62.042766571044922
8620    20.761322021484375  27.036474227905273  60.726879119873047
8621    7.7888498306274414  28.33637809753418  59.317489624023438
8622    19.41431999206543  26.885980606079102  61.645679473876953
8623    19.284475326538086  27.012067794799805  60.453262329101562
8624    18.19731330871582  26.826749801635742  61.641265869140625
8625    17.984626770019531  26.907295227050781  60.292621612548828
8626    12.746190071105957  26.275161743164062  61.2874755859375
8627    11.406494140625  26.134469985961914  61.427536010742188
8628    13.459452629089355  26.398216247558594  62.533515930175781
8629    34.642982482910156  24.748077392578125  61.239715576171875
8630    36.041614532470703  24.610353469848633  61.018959045410156
8631    9.6534671783447266  25.922084808349609  62.427459716796875
8632    10.517703056335449  26.085458755493164  62.565097808837891
8633    10.378223419189453  25.972322463989258  61.381862640380859
8634    9.4684820175170898  25.818098068237305  61.378044128417969
8635    14.526494026184082  26.483074188232422  61.904335021972656
8636    14.033779144287109  26.401662826538086  61.102508544921875
8637    8.8124904632568359  25.859128952026367  62.371318817138672
8638    8.78533935546875  25.804719924926758  61.148399353027344
8639    8.3254737854003906  26.115793228149414  62.703296661376953
8640    26.345729827880859  26.41267204284668  62.442501068115234
8641    29.051982879638672  26.642881393432617  61.266223907470703
8642    15.104976654052734  26.513484954833984  60.916511535644531
8643    15.40092945098877  26.551376342773438  62.117107391357422
8644    7.8920722007751465  33.011241912841797  61.046295166015625
8645    14.979400634765625  33.969829559326172  62.058631896972656
8646    14.808645248413086  33.971168518066406  63.290187835693359
8647    8.0342283248901367  33.965545654296875  60.809658050537109
8648    12.514853477478027  34.145339965820312  61.439586639404297
8649    12.117836952209473  34.058139801025391  62.645900726318359
8650    33.061496734619141  26.456857681274414  60.841506958007812
8651    30.955942153930664  26.419010162353516  61.278564453125
8652    35.089328765869141  26.401712417602539  60.572952270507812
8653    7.9381985664367676  26.673072814941406  60.234237670898438
8654    60.746715545654297  51.9365234375  62.090892791748047
8655    60.497383117675781  51.900299072265625  61.202789306640625
8656    62.316825866699219  51.726654052734375  61.246463775634766
8657    62.296482086181641  51.755409240722656  62.354751586914062
8658    15.281183242797852  52.639251708984375  62.345695495605469
8659    12.937148094177246  52.488620758056641  61.772911071777344
8660    18.409309387207031  52.518886566162109  61.505870819091797
8661    23.537385940551758  52.68499755859375  62.203922271728516
8662    11.042970657348633  52.497318267822266  62.387905120849609
8663    10.378545761108398  52.284526824951172  61.589603424072266
8664    14.135820388793945  52.335208892822266  61.064720153808594
8665    -0.19254666566848755  52.90185546875  62.373004913330078
8666    -0.25753104686737061  53.034660339355469  60.974155426025391
8667    -0.14670121669769287  52.594821929931641  61.52178955078125
8668    70.731803894042969  52.196990966796875  61.474822998046875
8669    71.098396301269531  52.717166900634766  61.219081878662109
8670    71.141181945800781  52.984836578369141  61.936050415039062
8671    70.716018676757812  52.094829559326172  62.816791534423828
8672    63.501979827880859  51.524070739746094  61.735237121582031
8673    63.954311370849609  51.496406555175781  62.755084991455078
8674    7.6274862289428711  51.762428283691406  61.453292846679688
8675    8.5229501724243164  52.053546905517578  61.938953399658203
8676    7.501190185546875  51.786464691162109  62.6678466796875
8677    29.069751739501953  52.487392425537109  61.134391784667969
8678    36.075786590576172  52.673149108886719  62.021949768066406
8679    9.2213373184204102  52.303512573242188  62.348926544189453
8680    65.648651123046875  51.282730102539062  62.026500701904297
8681    64.534141540527344  51.379737854003906  61.768932342529297
8682    65.418304443359375  51.401748657226562  61.086067199707031
8683    68.88531494140625  51.288360595703125  62.667110443115234
8684    67.445793151855469  51.228282928466797  62.117733001708984
8685    69.049606323242188  51.424369812011719  61.541816711425781
8686    66.735343933105469  51.327701568603516  61.275070190429688
8687    67.976799011230469  51.400478363037109  61.059925079345703
8688    3.7245962619781494  51.190788269042969  62.185302734375
8689    2.7452883720397949  51.373764038085938  61.146213531494141
8690    4.0348348617553711  51.323165893554688  61.241191864013672
8691    64.300727844238281  51.437843322753906  61.278152465820312
8692    0.2431144118309021  52.078418731689453  63.135910034179688
8693    0.21234706044197083  52.094699859619141  61.783927917480469
8694    1.0371900796890259  51.514747619628906  62.377880096435547
8695    0.79982364177703857  51.6304931640625  61.453327178955078
8696    5.3022651672363281  51.257610321044922  62.366874694824219
8697    5.2794036865234375  51.380363464355469  61.351814270019531
8698    6.4539132118225098  51.482975006103516  61.996353149414062
8699    6.1459083557128906  51.385829925537109  63.206779479980469
8700    9.4285383224487305  52.000259399414062  60.850845336914062
8701    11.655998229980469  52.166801452636719  60.770362854003906
8702    59.3768310546875  52.029201507568359  61.810745239257812
8703    58.242729187011719  52.021732330322266  60.775058746337891
8704    70.031242370605469  51.627773284912109  62.131053924560547
8705    69.938865661621094  51.537124633789062  63.299179077148438
8706    56.675922393798828  52.243297576904297  61.755107879638672
8707    55.115085601806641  52.171173095703125  60.751567840576172
8708    58.159969329833984  52.151866912841797  61.998401641845703
8709    55.10845947265625  52.46697998046875  62.542800903320312
8710    54.513187408447266  52.387523651123047  61.681545257568359
8711    -0.20041652023792267  53.162467956542969  58.951995849609375
8712    51.214485168457031  52.503318786621094  61.601657867431641
8713    51.713794708251953  52.602012634277344  62.441375732421875
8714    45.912834167480469  52.678279876708984  62.254768371582031
8715    45.581062316894531  52.53472900390625  61.387432098388672
8716    71.186080932617188  53.407684326171875  59.116317749023438
8717    71.336395263671875  54.026126861572266  57.122776031494141
8718    71.214019775390625  53.213687896728516  60.606048583984375
8719    39.118930816650391  52.492523193359375  61.086391448974609
8720    -0.39925780892372131  53.900871276855469  55.633190155029297
8721    0.28031402826309204  40.831649780273438  61.195564270019531
8722    0.14930199086666107  41.814907073974609  62.357742309570312
8723    26.843799591064453  39.905891418457031  61.787082672119141
8724    24.865407943725586  39.991313934326172  61.753391265869141
8725    25.772207260131836  40.424598693847656  62.586483001708984
8726    71.213775634765625  39.752159118652344  60.521915435791016
8727    70.841705322265625  41.095294952392578  61.310394287109375
8728    71.167633056640625  41.200168609619141  62.549873352050781
8729    71.349395751953125  38.591033935546875  60.97186279296875
8730    30.210538864135742  39.716964721679688  62.04901123046875
8731    28.703964233398438  39.835803985595703  61.893852233886719
8732    29.368686676025391  40.195438385009766  62.682636260986328
8733    21.928060531616211  40.706283569335938  62.529869079589844
8734    20.32255744934082  40.853446960449219  62.486286163330078
8735    0.78949636220932007  42.049140930175781  61.840740203857422
8736    1.4489333629608154  42.612571716308594  62.026885986328125
8737    1.859150767326355  41.673404693603516  61.107524871826172
8738    27.646873474121094  40.319602966308594  62.613319396972656
8739    17.637155532836914  40.927310943603516  61.827056884765625
8740    17.367120742797852  40.633522033691406  61.07781982421875
8741    17.051410675048828  41.17401123046875  61.970939636230469
8742    23.748573303222656  40.642539978027344  62.7445068359375
8743    22.977468490600586  40.075294494628906  61.691547393798828
8744    6.9979305267333984  42.265026092529297  61.577537536621094
8745    6.8957076072692871  42.844345092773438  62.106109619140625
8746    8.8685684204101562  42.262413024902344  61.693092346191406
8747    0.65851134061813354  41.508525848388672  61.417102813720703
8748    70.741104125976562  42.180679321289062  62.307296752929688
8749    70.392562866210938  41.847423553466797  61.691314697265625
8750    3.0369808673858643  42.451335906982422  61.701091766357422
8751    28.235818862915039  39.389667510986328  61.019027709960938
8752    29.74650764465332  39.462017059326172  61.447978973388672
8753    22.167655944824219  39.567562103271484  60.754081726074219
8754    24.223939895629883  39.47314453125  60.801502227783203
8755    10.205470085144043  42.396316528320312  62.020931243896484
8756    11.175333023071289  42.078704833984375  61.684600830078125
8757    19.284259796142578  40.634117126464844  61.975418090820312
8758    18.317911148071289  40.718421936035156  61.776336669921875
8759    63.461452484130859  39.529640197753906  60.380180358886719
8760    63.331062316894531  39.408557891845703  62.583473205566406
8761    63.547382354736328  40.857337951660156  61.925662994384766
8762    14.776226997375488  42.089591979980469  62.765506744384766
8763    14.343950271606445  41.970504760742188  62.189586639404297
8764    13.902176856994629  42.259922027587891  62.729396820068359
8765    13.650154113769531  42.070095062255859  62.115131378173828
8766    12.983269691467285  42.343807220458984  62.522129058837891
8767    12.797005653381348  42.020557403564453  61.8271484375
8768    12.047245979309082  42.354290008544922  62.2689208984375
8769    10.98609733581543  42.602977752685547  62.469364166259766
8770    9.6817092895507812  42.720897674560547  62.382843017578125
8771    8.3817338943481445  42.944877624511719  62.410472869873047
8772    69.531082153320312  41.955181121826172  61.481864929199219
8773    70.103424072265625  42.506309509277344  62.117317199707031
8774    2.1649677753448486  51.258548736572266  62.057315826416016
8775    1.5010168552398682  51.400829315185547  61.544574737548828
8776    5.2552676200866699  42.446498870849609  61.661174774169922
8777    69.251457214355469  42.69561767578125  62.038345336914062
8778    68.06854248046875  42.463264465332031  61.739810943603516
8779    65.337532043457031  41.587303161621094  61.02880859375
8780    65.399436950683594  42.534317016601562  61.915004730224609
8781    66.757728576660156  41.959556579589844  61.263587951660156
8782    66.674789428710938  42.686786651611328  61.910068511962891
8783    64.361343383789062  41.530841827392578  61.313076019287109
8784    64.543624877929688  42.025295257568359  61.743572235107422
8785    64.356971740722656  42.646434783935547  62.355968475341797
8786    63.905765533447266  41.944236755371094  62.152198791503906
8787    64.030563354492188  41.05389404296875  61.002655029296875
8788    16.097610473632812  41.140430450439453  61.338645935058594
8789    16.250278472900391  41.561939239501953  62.324554443359375
8790    15.196358680725098  41.681022644042969  62.006309509277344
8791    15.012144088745117  41.347888946533203  61.224525451660156
8792    14.020028114318848  41.698173522949219  61.5555419921875
8793    0.54631525278091431  42.651699066162109  62.441642761230469
8794    70.299339294433594  41.4091796875  61.173912048339844
8795    68.3927001953125  41.568981170654297  60.871433258056641
8796    36.932876586914062  7.9500093460083008  62.195201873779297
8797    34.557826995849609  8.0903682708740234  61.373886108398438
8798    25.415046691894531  8.0013179779052734  61.960411071777344
8799    16.649553298950195  8.0591487884521484  61.950569152832031
8800    18.770580291748047  8.160578727722168  61.246490478515625
8801    13.202939987182617  8.2210731506347656  61.439613342285156
8802    27.302494049072266  8.1966533660888672  60.920749664306641
8803    12.467507362365723  8.1678676605224609  62.252769470214844
8804    10.253987312316895  8.3937501907348633  61.582241058349609
8805    8.7520914077758789  8.6149187088012695  61.849266052246094
8806    9.8020172119140625  8.3884449005126953  62.343101501464844
8807    8.4650211334228516  8.6990270614624023  62.720073699951172
8808    71.297210693359375  7.2816939353942871  60.403156280517578
8809    71.200775146484375  7.8992085456848145  60.815597534179688
8810    71.131980895996094  8.0270891189575195  62.216606140136719
8811    71.321090698242188  7.0678353309631348  58.022857666015625
8812    23.020231246948242  20.477609634399414  61.841438293457031
8813    25.155853271484375  20.718198776245117  61.755149841308594
8814    24.100929260253906  20.030412673950195  62.73046875
8815    63.720821380615234  19.754228591918945  61.609058380126953
8816    63.404605865478516  20.420448303222656  62.123859405517578
8817    63.462486267089844  20.654447555541992  61.348171234130859
8818    63.512760162353516  19.639873504638672  62.390678405761719
8819    28.201089859008789  20.406410217285156  62.967113494873047
8820    27.316049575805664  20.836427688598633  61.933506011962891
8821    28.706636428833008  20.912315368652344  62.249347686767578
8822    26.227815628051758  20.241733551025391  62.73663330078125
8823    32.931541442871094  23.284719467163086  61.209373474121094
8824    33.544422149658203  22.791593551635742  60.788604736328125
8825    34.171535491943359  23.220769882202148  61.046524047851562
8826    31.038972854614258  22.413131713867188  60.921291351318359
8827    32.391899108886719  22.680612564086914  60.767570495605469
8828    31.666423797607422  23.282854080200195  61.530117034912109
8829    21.250453948974609  20.151042938232422  62.082321166992188
8830    22.481884002685547  20.004919052124023  62.504905700683594
8831    70.907035827636719  19.9088134765625  61.325679779052734
8832    71.1629638671875  19.846773147583008  62.121513366699219
8833    70.947891235351562  19.059122085571289  62.396373748779297
8834    70.532493591308594  19.145679473876953  61.623905181884766
8835    19.86931037902832  19.887256622314453  62.252067565917969
8836    19.877347946166992  20.381977081298828  61.460445404052734
8837    18.673870086669922  20.256635665893555  61.307533264160156
8838    18.733440399169922  19.87135124206543  61.99688720703125
8839    21.627391815185547  20.848917007446289  61.01531982421875
8840    26.422765731811523  21.109827041625977  61.278709411621094
8841    25.302726745605469  21.244043350219727  60.855690002441406
8842    71.162277221679688  20.572105407714844  61.057388305664062
8843    71.282730102539062  20.688846588134766  61.940647125244141
8844    23.678997039794922  21.022941589355469  61.041862487792969
8845    68.611549377441406  18.298967361450195  61.627109527587891
8846    66.979965209960938  18.250329971313477  61.593875885009766
8847    67.692840576171875  18.993606567382812  60.758205413818359
8848    20.164510726928711  20.842037200927734  60.731948852539062
8849    19.120231628417969  20.639863967895508  60.748195648193359
8850    18.236354827880859  20.388273239135742  60.809089660644531
8851    11.357609748840332  18.975681304931641  61.078742980957031
8852    11.10284423828125  18.380559921264648  61.979930877685547
8853    8.7505893707275391  18.424901962280273  61.612602233886719
8854    64.14288330078125  18.996755599975586  61.783969879150391
8855    63.774494171142578  18.79619026184082  62.562355041503906
8856    64.2366943359375  19.365882873535156  61.235622406005859
8857    16.222530364990234  19.504447937011719  61.361732482910156
8858    17.577896118164062  19.878278732299805  61.438167572021484
8859    16.758430480957031  19.224555969238281  62.298507690429688
8860    15.491039276123047  18.994541168212891  62.075820922851562
8861    15.336281776428223  19.297861099243164  61.310413360595703
8862    14.601062774658203  18.691257476806641  62.285652160644531
8863    13.850378036499023  18.59538459777832  62.194293975830078
8864    14.386482238769531  18.986637115478516  61.591915130615234
8865    12.827066421508789  18.679597854614258  61.788249969482422
8866    10.012997627258301  17.931512832641602  62.449989318847656
8867    70.4178466796875  18.616794586181641  62.0263671875
8868    69.846748352050781  18.779102325439453  61.514232635498047
8869    0.071745701134204865  19.69892692565918  61.610927581787109
8870    -0.31405287981033325  20.180116653442383  62.171524047851562
8871    -0.2596811056137085  20.508356094360352  61.393871307373047
8872    -0.17146319150924683  19.548311233520508  62.3770751953125
8873    64.815704345703125  18.884475708007812  61.404205322265625
8874    27.488948822021484  21.249546051025391  61.225830078125
8875    69.117927551269531  19.156055450439453  60.770553588867188
8876    66.0101318359375  19.016298294067383  60.827598571777344
8877    65.572883605957031  18.22602653503418  61.787334442138672
8878    31.023382186889648  23.688844680786133  62.207237243652344
8879    31.424320220947266  24.323259353637695  61.973037719726562
8880    30.699739456176758  24.539331436157227  62.681167602539062
8881    35.017681121826172  23.845241546630859  61.128070831298828
8882    36.283836364746094  23.65220832824707  60.898048400878906
8883    33.334335327148438  24.877580642700195  61.442527770996094
8884    33.715671539306641  23.976900100708008  61.317573547363281
8885    35.374958038330078  23.124029159545898  60.870685577392578
8886    30.960330963134766  25.079446792602539  62.195629119873047
8887    32.452850341796875  24.136257171630859  61.551490783691406
8888    30.753635406494141  22.751976013183594  61.981647491455078
8889    63.351799011230469  21.54815673828125  61.364990234375
8890    63.502487182617188  21.582786560058594  59.860034942626953
8891    36.39410400390625  23.012983322143555  60.642337799072266
8892    9.1631326675415039  25.837577819824219  62.330001831054688
8893    71.337493896484375  22.047597885131836  60.427169799804688
8894    28.637945175170898  21.294929504394531  61.542549133300781
8895    30.164646148681641  22.040416717529297  61.359542846679688
8896    30.169183731079102  21.925491333007812  62.137649536132812
8897    -0.29182299971580505  20.913118362426758  60.832283020019531
8898    -0.39483863115310669  21.215646743774414  61.468502044677734
8899    -0.2318665087223053  21.41240119934082  59.604652404785156
8900    29.604471206665039  21.624876022338867  61.621002197265625
8901    29.528162002563477  21.319866180419922  62.186164855957031
8902    35.795646667480469  22.713109970092773  60.503871917724609
8903    34.676166534423828  22.7135009765625  60.606067657470703
8904    8.6799697875976562  17.659221649169922  62.498813629150391
8905    71.242134094238281  21.057209014892578  60.680908203125
8906    63.441921234130859  21.071371078491211  60.835308074951172
8907    54.821201324462891  8.2758932113647461  61.796443939208984
8908    55.818874359130859  8.4891166687011719  60.862606048583984
8909    53.928890228271484  8.3437576293945312  61.109523773193359
8910    60.932945251464844  8.6846342086791992  62.140018463134766
8911    60.508594512939453  8.7419557571411133  60.969001770019531
8912    58.995594024658203  8.5510616302490234  61.929309844970703
8913    59.156078338623047  8.6706724166870117  60.836002349853516
8914    51.288864135742188  8.1681337356567383  61.664867401123047
8915    51.938426971435547  8.0573253631591797  62.556842803955078
8916    56.975105285644531  8.4175434112548828  61.840595245361328
8917    57.797431945800781  8.5992193222045898  60.835723876953125
8918    11.72369384765625  8.4443502426147461  60.817337036132812
8919    9.1856832504272461  8.7149038314819336  60.879291534423828
8920    7.6145739555358887  8.9649276733398438  61.854694366455078
8921    -0.068383634090423584  8.319087028503418  61.2161865234375
8922    0.2107899934053421  8.7678747177124023  62.186008453369141
8923    0.36577379703521729  8.7395753860473633  60.962982177734375
8924    -0.216375932097435  7.979464054107666  62.147792816162109
8925    71.047859191894531  8.3567848205566406  61.516525268554688
8926    3.9989042282104492  9.4396457672119141  62.079357147216797
8927    2.5555055141448975  9.266047477722168  61.208541870117188
8928    2.0107009410858154  9.3867092132568359  62.57794189453125
8929    6.4535155296325684  9.2914838790893555  62.392147064208984
8930    6.4818601608276367  9.2252330780029297  61.573818206787109
8931    5.5257105827331543  9.4058513641357422  62.063606262207031
8932    5.3916316032409668  9.3044729232788086  61.314594268798828
8933    4.2273077964782715  9.2748374938964844  61.017356872558594
8934    62.415210723876953  8.906794548034668  61.342609405517578
8935    62.256793975830078  8.8262348175048828  62.498271942138672
8936    1.2851638793945312  9.2712087631225586  61.736312866210938
8937    64.136581420898438  9.2369613647460938  62.665538787841797
8938    64.10760498046875  9.2127237319946289  61.736125946044922
8939    63.264404296875  9.0650520324707031  62.076957702636719
8940    7.2946171760559082  17.663232803344727  62.237766265869141
8941    6.1705880165100098  19.13640022277832  60.534797668457031
8942    5.7384529113769531  18.048297882080078  61.785236358642578
8943    0.83867740631103516  9.1991214752197266  62.323070526123047
8944    0.61912405490875244  9.0766935348510742  61.638278961181641
8945    70.641693115234375  8.7917938232421875  61.561954498291016
8946    70.804611206054688  8.6557416915893555  62.363193511962891
8947    63.608898162841797  9.0931692123413086  61.312290191650391
8948    7.2571945190429688  9.0797615051269531  62.704998016357422
8949    46.0662841796875  7.9786410331726074  62.334690093994141
8950    44.307628631591797  8.1483440399169922  61.3123779296875
8951    69.810997009277344  18.051336288452148  62.140846252441406
8952    70.538215637207031  18.173686981201172  62.543994903564453
8953    11.243258476257324  17.932266235351562  62.753242492675781
8954    12.14085578918457  18.226755142211914  62.463203430175781
8955    64.522514343261719  18.345127105712891  62.109485626220703
8956    14.092440605163574  18.386016845703125  62.868881225585938
8957    13.110457420349121  18.287578582763672  62.677745819091797
8958    18.016153335571289  19.704916000366211  62.051052093505859
8959    1.6935031414031982  18.971263885498047  61.272823333740234
8960    0.72177457809448242  18.982177734375  61.752227783203125
8961    0.73558247089385986  19.385814666748047  61.19122314453125
8962    0.19992668926715851  18.750434875488281  62.534797668457031
8963    1.5388681888580322  18.231472015380859  62.086830139160156
8964    69.093551635742188  9.3795871734619141  62.133705139160156
8965    69.929710388183594  9.1265039443969727  61.488983154296875
8966    68.78472900390625  9.2352018356323242  61.076610565185547
8967    69.931312561035156  9.1602554321289062  62.767738342285156
8968    67.765533447265625  9.5091238021850586  62.267852783203125
8969    66.961357116699219  9.3314275741577148  61.25482177734375
8970    66.390106201171875  9.4956951141357422  62.226337432861328
8971    65.2611083984375  9.3285751342773438  61.716056823730469
8972    65.39996337890625  9.4519968032836914  62.862579345703125
8973    3.4905681610107422  18.515110015869141  61.442253112792969
8974    14.923583984375  34.101619720458984  60.703777313232422
8975    13.679634094238281  34.145626068115234  60.753776550292969
8976    7.8768410682678223  33.629497528076172  59.40338134765625
8977    29.827356338500977  33.646633148193359  60.060829162597656
8978    33.586719512939453  33.769962310791016  60.078941345214844
8979    30.64215087890625  26.850234985351562  60.334217071533203
8980    28.524953842163086  27.132442474365234  59.309577941894531
8981    25.074312210083008  27.115121841430664  59.833831787109375
8982    22.608400344848633  27.164741516113281  59.598384857177734
8983    -0.47455579042434692  27.111873626708984  52.369636535644531
8984    37.61767578125  26.268455505371094  60.275741577148438
8985    36.521156311035156  26.719812393188477  59.834693908691406
8986    36.500476837158203  26.176816940307617  60.540802001953125
8987    41.398384094238281  25.75206184387207  59.908912658691406
8988    41.235687255859375  26.400793075561523  59.586902618408203
8989    40.387397766113281  25.821359634399414  60.062835693359375
8990    39.999114990234375  26.530973434448242  59.65264892578125
8991    38.888992309570312  25.893070220947266  60.266796112060547
8992    38.519737243652344  26.656007766723633  59.670356750488281
8993    8.0306873321533203  34.427211761474609  59.604129791259766
8994    33.896003723144531  26.849689483642578  59.882785797119141
8995    36.567638397216797  33.774631500244141  59.883525848388672
8996    38.700733184814453  33.954483032226562  60.003505706787109
8997    43.083370208740234  34.269947052001953  59.713470458984375
8998    43.807754516601562  34.644554138183594  59.719730377197266
8999    43.224864959716797  34.783100128173828  59.995410919189453
9000    42.178504943847656  34.181537628173828  59.876815795898438
9001    42.511093139648438  34.643997192382812  60.116775512695312
9002    41.25115966796875  34.05718994140625  59.882034301757812
9003    41.582637786865234  34.578239440917969  60.229434967041016
9004    40.136711120605469  34.081302642822266  60.059505462646484
9005    40.660087585449219  34.445087432861328  60.296005249023438
9006    39.474803924560547  34.617107391357422  60.514686584472656
9007    11.495935440063477  34.287921905517578  61.295333862304688
9008    14.093852043151855  34.312381744384766  59.843631744384766
9009    12.992188453674316  34.287071228027344  60.301578521728516
9010    11.758876800537109  34.434909820556641  60.342243194580078
9011    10.355810165405273  34.800651550292969  59.819011688232422
9012    9.2514762878417969  34.857349395751953  60.415004730224609
9013    8.3035573959350586  34.921119689941406  59.581714630126953
9014    16.828229904174805  33.901096343994141  60.450881958007812
9015    17.560495376586914  33.825222015380859  59.825405120849609
9016    21.596019744873047  33.552810668945312  59.110115051269531
9017    24.244338989257812  33.482475280761719  59.084095001220703
9018    26.688449859619141  33.529586791992188  59.718902587890625
9019    35.496051788330078  22.448026657104492  60.027458190917969
9020    37.006340026855469  22.641685485839844  60.090171813964844
9021    40.997997283935547  22.892404556274414  59.750949859619141
9022    41.691268920898438  23.203973770141602  59.754184722900391
9023    41.156749725341797  23.369142532348633  60.011814117431641
9024    39.946178436279297  22.778345108032227  59.806728363037109
9025    40.431388854980469  23.287351608276367  60.115123748779297
9026    39.048618316650391  22.789688110351562  59.968479156494141
9027    39.478939056396484  23.257621765136719  60.239814758300781
9028    30.704963684082031  22.151073455810547  60.301658630371094
9029    31.67540168762207  22.247459411621094  59.924110412597656
9030    38.606590270996094  23.141105651855469  60.324520111083984
9031    38.229076385498047  22.777002334594727  60.065479278564453
9032    37.522674560546875  23.294986724853516  60.536849975585938
9033    28.121894836425781  21.54979133605957  60.767910003662109
9034    26.74757194519043  21.440324783325195  60.681987762451172
9035    27.486968994140625  21.732942581176758  60.006267547607422
9036    33.726291656494141  22.418643951416016  60.067905426025391
9037    40.02789306640625  24.005472183227539  60.342540740966797
9038    38.737483978271484  23.966007232666016  60.531185150146484
9039    71.159736633300781  21.207277297973633  59.579906463623047
9040    40.867099761962891  23.857208251953125  60.186489105224609
9041    41.709060668945312  23.978094100952148  59.961029052734375
9042    24.236530303955078  21.393543243408203  60.401165008544922
9043    22.876218795776367  21.307540893554688  60.368453979492188
9044    23.837457656860352  21.607900619506836  59.689170837402344
9045    37.395133972167969  24.315675735473633  60.786029815673828
9046    63.703159332275391  20.515695571899414  60.528568267822266
9047    21.691070556640625  21.281370162963867  60.204818725585938
9048    29.28380012512207  21.710136413574219  60.997814178466797
9049    18.359476089477539  20.745502471923828  60.047767639160156
9050    20.777118682861328  21.129804611206055  60.313308715820312
9051    25.651254653930664  21.622550964355469  59.954360961914062
9052    22.404731750488281  21.516304016113281  59.725753784179688
9053    30.043163299560547  22.01124382019043  60.587638854980469
9054    28.945013046264648  21.834522247314453  60.224861145019531
9055    37.260242462158203  25.46275520324707  60.708030700683594
9056    70.937652587890625  20.546527862548828  60.128829956054688
9057    14.522582054138184  26.406448364257812  60.356163024902344
9058    39.603309631347656  24.957206726074219  60.401412963867188
9059    38.418373107910156  24.956918716430664  60.610324859619141
9060    8.2556304931640625  26.02039909362793  60.821212768554688
9061    8.0164556503295898  26.593549728393555  62.228851318359375
9062    13.782865524291992  26.231367111206055  59.776992797851562
9063    42.244377136230469  25.141595840454102  59.808002471923828
9064    40.919780731201172  24.82408332824707  60.165061950683594
9065    12.178839683532715  26.097570419311523  60.137798309326172
9066    11.125929832458496  26.004837036132812  60.484447479248047
9067    10.380204200744629  25.843387603759766  60.287357330322266
9068    20.943048477172852  27.157594680786133  59.039470672607422
9069    9.566502571105957  25.623653411865234  59.923828125
9070    8.7156076431274414  25.529111862182617  59.746131896972656
9071    10.454139709472656  41.451438903808594  60.673267364501953
9072    7.2142181396484375  41.660537719726562  60.830615997314453
9073    70.942169189453125  40.166240692138672  60.035663604736328
9074    70.519638061523438  40.894542694091797  60.643074035644531
9075    4.3057470321655273  41.676082611083984  60.858047485351562
9076    69.760978698730469  41.203952789306641  60.679721832275391
9077    69.047706604003906  40.861797332763672  59.951686859130859
9078    0.91343867778778076  41.129669189453125  60.783439636230469
9079    70.263877868652344  40.554615020751953  59.927989959716797
9080    14.127200126647949  41.221466064453125  60.721351623535156
9081    12.613443374633789  41.573650360107422  61.079299926757812
9082    64.62030029296875  41.156982421875  60.707569122314453
9083    70.011550903320312  51.7298583984375  61.166725158691406
9084    15.288010597229004  40.996738433837891  60.636425018310547
9085    14.577947616577148  40.673091888427734  59.803440093994141
9086    12.742119789123535  41.054126739501953  60.193752288818359
9087    9.0846328735351562  40.818828582763672  59.584587097167969
9088    11.324163436889648  40.872447967529297  59.727119445800781
9089    1.6603128910064697  41.003513336181641  60.258304595947266
9090    0.072298049926757812  39.595966339111328  60.118865966796875
9091    31.69331169128418  38.87945556640625  61.082210540771484
9092    67.033988952636719  41.076381683349609  60.108005523681641
9093    16.214258193969727  40.561199188232422  60.206130981445312
9094    65.392768859863281  41.009574890136719  60.230846405029297
9095    64.606704711914062  40.712196350097656  60.047420501708984
9096    63.866310119628906  40.227611541748047  59.965396881103516
9097    17.201017379760742  40.230472564697266  60.117702484130859
9098    18.020549774169922  40.003940582275391  60.282207489013672
9099    5.9075665473937988  40.917030334472656  59.717250823974609
9100    1.3797754049301147  51.614048004150391  60.780033111572266
9101    2.538081169128418  51.683700561523438  59.950153350830078
9102    0.9700896143913269  52.0325927734375  59.791439056396484
9103    7.906191349029541  51.772560119628906  60.318782806396484
9104    10.813397407531738  51.921245574951172  59.816810607910156
9105    6.6555185317993164  51.572879791259766  61.076419830322266
9106    6.2282567024230957  51.589176177978516  60.440784454345703
9107    4.5135879516601562  51.530509948730469  60.349906921386719
9108    16.015745162963867  52.159122467041016  60.239360809326172
9109    0.55076819658279419  51.910289764404297  60.869911193847656
9110    0.075163431465625763  52.459850311279297  60.535289764404297
9111    12.286425590515137  52.043407440185547  60.171836853027344
9112    21.253448486328125  52.318309783935547  60.612186431884766
9113    69.180419921875  51.706977844238281  60.352504730224609
9114    30.340236663818359  39.102779388427734  60.898769378662109
9115    63.687278747558594  51.551872253417969  61.060558319091797
9116    64.493049621582031  51.50384521484375  60.806640625
9117    37.205608367919922  38.162918090820312  60.077976226806641
9118    39.357154846191406  36.820472717285156  60.73095703125
9119    24.420558929443359  39.072376251220703  60.001209259033203
9120    26.501691818237305  39.102165222167969  60.180618286132812
9121    26.061759948730469  39.542339324951172  61.081554412841797
9122    23.385820388793945  38.965248107910156  59.616031646728516
9123    23.202428817749023  39.209747314453125  60.233356475830078
9124    22.303789138793945  39.163776397705078  59.989559173583984
9125    38.782905578613281  37.521823883056641  60.629005432128906
9126    42.358066558837891  37.023384094238281  60.093612670898438
9127    42.735931396484375  36.041820526123047  60.208332061767578
9128    43.548023223876953  36.757183074951172  59.905426025390625
9129    43.789047241210938  35.543155670166016  59.935966491699219
9130    41.583904266357422  36.228424072265625  60.411312103271484
9131    40.863548278808594  37.177295684814453  60.322341918945312
9132    40.444339752197266  36.271900177001953  60.613925933837891
9133    39.696029663085938  37.571044921875  60.403911590576172
9134    42.034427642822266  35.308219909667969  60.342475891113281
9135    16.046636581420898  34.064495086669922  60.209774017333984
9136    42.876384735107422  35.222644805908203  60.184413909912109
9137    40.766727447509766  35.276821136474609  60.518901824951172
9138    39.403160095214844  35.662364959716797  60.783687591552734
9139    8.692779541015625  34.958904266357422  59.982345581054688
9140    19.712804794311523  39.56024169921875  60.26837158203125
9141    71.349037170410156  37.908588409423828  58.457611083984375
9142    71.226806640625  39.307369232177734  59.31036376953125
9143    21.032676696777344  39.293746948242188  60.003047943115234
9144    41.827499389648438  37.779190063476562  59.751163482666016
9145    40.273654937744141  37.924152374267578  59.905197143554688
9146    18.788000106811523  39.629302978515625  60.027767181396484
9147    3.2433252334594727  41.063137054443359  60.062572479248047
9148    0.84475249052047729  40.576698303222656  60.103977203369141
9149    31.574195861816406  38.757484436035156  60.405998229980469
9150    34.905887603759766  38.324672698974609  60.156364440917969
9151    32.982219696044922  38.557331085205078  60.038387298583984
9152    29.498283386230469  38.907341003417969  60.063087463378906
9153    63.329521179199219  37.805564880371094  58.834510803222656
9154    43.194103240966797  37.601211547851562  59.647876739501953
9155    19.653688430786133  21.078529357910156  60.021644592285156
9156    38.833644866943359  37.953498840332031  60.212875366210938
9157    20.782449722290039  8.3475961685180664  60.410873413085938
9158    14.975053787231445  8.3171548843383789  60.802295684814453
9159    -0.24081994593143463  7.7877817153930664  60.521484375
9160    0.14732812345027924  8.2421875  59.789810180664062
9161    -0.3784281313419342  7.0242581367492676  60.155597686767578
9162    -0.44548138976097107  6.2513775825500488  56.779232025146484
9163    -0.39805623888969421  6.9083051681518555  56.743949890136719
9164    3.1046247482299805  19.281951904296875  60.476814270019531
9165    1.3664546012878418  19.547464370727539  60.508193969726562
9166    0.46970677375793457  19.827239990234375  60.722934722900391
9167    64.467704772949219  9.1732454299926758  61.081829071044922
9168    70.476905822753906  8.821136474609375  60.791946411132812
9169    69.912757873535156  8.9906864166259766  60.612899780273438
9170    69.406814575195312  8.8952159881591797  59.800148010253906
9171    65.6434326171875  9.1147136688232422  60.330497741699219
9172    1.1825921535491943  9.0607519149780273  60.897964477539062
9173    13.44444751739502  19.260213851928711  60.848690032958984
9174    9.541590690612793  19.324991226196289  60.388439178466797
9175    67.785530090332031  9.0611200332641602  59.954307556152344
9176    55.62603759765625  8.6301136016845703  59.896709442138672
9177    55.096359252929688  8.5724973678588867  60.173305511474609
9178    63.809955596923828  9.0122137069702148  60.514713287353516
9179    62.123939514160156  8.8490591049194336  59.995109558105469
9180    58.651641845703125  8.7253904342651367  59.498920440673828
9181    7.3974175453186035  9.0145940780639648  61.081535339355469
9182    6.4948892593383789  9.1398496627807617  60.907829284667969
9183    14.756797790527344  19.398910522460938  60.867485046386719
9184    70.918838500976562  8.3449392318725586  60.422641754150391
9185    70.386848449707031  8.6502904891967773  59.912284851074219
9186    16.445428848266602  20.025409698486328  60.338298797607422
9187    15.553466796875  19.609573364257812  60.749164581298828
9188    14.699944496154785  19.817987442016602  59.960437774658203
9189    65.533592224121094  19.697324752807617  59.661167144775391
9190    64.775566101074219  19.474517822265625  60.617015838623047
9191    64.37835693359375  20.096040725708008  59.728904724121094
9192    64.0869140625  19.826408386230469  60.752910614013672
9193    17.57874870300293  20.328521728515625  60.447177886962891
9194    12.24271297454834  19.62407112121582  59.957939147949219
9195    10.449957847595215  19.856876373291016  59.419208526611328
9196    70.47698974609375  19.982952117919922  60.327953338623047
9197    70.16387939453125  19.453044891357422  60.915882110595703
9198    69.677085876464844  19.750133514404297  59.936916351318359
9199    66.951644897460938  19.531772613525391  59.740161895751953
9200    0.00089085323270410299  20.449670791625977  60.499767303466797
9201    68.424980163574219  19.575405120849609  59.775291442871094
9202    0.76399940252304077  20.104129791259766  59.677299499511719
9203    6.501103401184082  19.8370361328125  59.298816680908203
9204    4.388817310333252  19.736289978027344  59.262359619140625
9205    2.224031925201416  19.789646148681641  59.474105834960938
9206    8.3269872665405273  19.792556762695312  59.567710876464844
9207    3.8910970687866211  9.0908727645874023  60.179279327392578
9208    5.7540016174316406  9.0954351425170898  60.366718292236328
9209    2.2932233810424805  8.9867353439331055  59.964206695556641
9210    1.0367995500564575  8.7272167205810547  59.822982788085938
9211    50.824726104736328  8.302617073059082  60.921901702880859
9212    37.271480560302734  8.2891168594360352  60.522956848144531
9213    46.515399932861328  8.3924732208251953  60.294551849365234
9214    15.585099220275879  8.4877309799194336  60.143657684326172
9215    11.938083648681641  8.6105995178222656  60.143486022949219
9216    7.7302045822143555  8.9435081481933594  60.367454528808594
9217    11.190353393554688  8.760563850402832  59.563037872314453
9218    29.376041412353516  8.3908309936523438  60.081188201904297
9219    52.951835632324219  8.480290412902832  60.342422485351562
9220    27.703403472900391  34.449371337890625  63.373943328857422
9221    29.612918853759766  34.656326293945312  63.461151123046875
9222    31.868829727172852  35.739009857177734  63.523189544677734
9223    32.461460113525391  36.760349273681641  63.204177856445312
9224    30.991203308105469  35.091846466064453  63.81500244140625
9225    23.384346008300781  34.3475341796875  63.644290924072266
9226    32.526638031005859  37.822052001953125  63.056869506835938
9227    32.250938415527344  38.779537200927734  63.240669250488281
9228    31.127708435058594  40.109123229980469  63.368457794189453
9229    31.794256210327148  39.601161956787109  63.331459045410156
9230    8.1661367416381836  33.826168060302734  62.378948211669922
9231    8.6876888275146484  34.22265625  63.053813934326172
9232    17.443719863891602  34.058311462402344  63.175033569335938
9233    25.626794815063477  34.372867584228516  63.440128326416016
9234    15.939680099487305  42.120697021484375  63.554977416992188
9235    16.895349502563477  41.969108581542969  63.574459075927734
9236    16.360330581665039  41.844459533691406  63.018009185791016
9237    28.470598220825195  40.756778717041016  63.696262359619141
9238    19.628938674926758  41.949714660644531  64.221153259277344
9239    18.083211898803711  41.671894073486328  63.324882507324219
9240    18.780162811279297  41.95574951171875  64.061111450195312
9241    19.55860710144043  41.5382080078125  63.401889801025391
9242    25.102794647216797  40.946865081787109  63.555667877197266
9243    15.626524925231934  41.927322387695312  62.831424713134766
9244    15.18036937713623  42.206050872802734  63.394866943359375
9245    21.49561882019043  41.358150482177734  63.522392272949219
9246    22.429252624511719  41.088829040527344  63.282058715820312
9247    20.627084732055664  41.325542449951172  63.256233215332031
9248    70.930870056152344  43.181354522705078  63.403629302978516
9249    13.206199645996094  42.572711944580078  63.417499542236328
9250    12.080048561096191  42.701942443847656  63.064090728759766
9251    14.307358741760254  42.415260314941406  63.646602630615234
9252    70.583305358886719  45.347846984863281  63.892219543457031
9253    70.273994445800781  45.877647399902344  63.998374938964844
9254    11.523312568664551  43.103939056396484  63.835140228271484
9255    -0.25541165471076965  42.192897796630859  63.932979583740234
9256    0.055872749537229538  43.191661834716797  63.359622955322266
9257    63.494140625  42.373996734619141  63.516391754150391
9258    26.667112350463867  40.740379333496094  63.317512512207031
9259    17.078956604003906  41.580726623535156  62.781589508056641
9260    30.103048324584961  40.425979614257812  63.385883331298828
9261    30.530141830444336  24.420854568481445  63.378166198730469
9262    30.630844116210938  23.993129730224609  63.731075286865234
9263    30.035852432250977  25.099428176879883  63.562713623046875
9264    17.121799468994141  26.485105514526367  63.582267761230469
9265    14.614673614501953  26.477895736694336  62.792396545410156
9266    10.587244987487793  26.14103889465332  63.45550537109375
9267    29.469100952148438  20.458429336547852  63.571067810058594
9268    71.252761840820312  19.781454086303711  62.742160797119141
9269    30.448757171630859  21.358821868896484  63.881893157958984
9270    30.169660568237305  20.701269149780273  64.083168029785156
9271    27.028463363647461  19.776283264160156  63.80908203125
9272    30.690343856811523  23.192493438720703  63.710102081298828
9273    30.613239288330078  22.214231491088867  63.723903656005859
9274    25.738431930541992  26.197883605957031  63.258533477783203
9275    29.144201278686523  25.65656852722168  63.374710083007812
9276    28.233362197875977  25.956764221191406  63.202667236328125
9277    27.118545532226562  26.046239852905273  63.423149108886719
9278    18.711433410644531  26.587554931640625  63.025474548339844
9279    23.8699951171875  26.277290344238281  63.382656097412109
9280    22.38139533996582  26.373188018798828  63.362689971923828
9281    20.855695724487305  26.500253677368164  63.203510284423828
9282    52.117088317871094  52.689842224121094  63.389217376708984
9283    53.963943481445312  52.7064208984375  63.998336791992188
9284    61.539768218994141  52.449497222900391  64.573677062988281
9285    60.062767028808594  52.607833862304688  64.587890625
9286    60.868373870849609  52.307071685791016  63.907596588134766
9287    58.354473114013672  52.5904541015625  64.269523620605469
9288    59.593067169189453  52.330612182617188  63.554210662841797
9289    56.548259735107422  52.625301361083984  64.086051940917969
9290    58.275463104248047  52.450592041015625  63.670890808105469
9291    56.98114013671875  52.476547241210938  63.451774597167969
9292    62.228015899658203  52.127494812011719  64.030593872070312
9293    45.955478668212891  52.776824951171875  63.182804107666016
9294    38.873523712158203  52.798789978027344  62.930595397949219
9295    55.494045257568359  52.535957336425781  63.241096496582031
9296    27.787506103515625  52.813896179199219  63.198024749755859
9297    66.179603576660156  46.245502471923828  63.786128997802734
9298    2.4598805904388428  46.233661651611328  63.785457611083984
9299    65.035003662109375  46.193302154541016  63.882442474365234
9300    64.355674743652344  46.022571563720703  63.928764343261719
9301    64.174911499023438  45.732826232910156  63.666774749755859
9302    5.8353004455566406  46.046558380126953  63.854415893554688
9303    6.6131296157836914  45.83306884765625  63.999763488769531
9304    67.279083251953125  46.208927154541016  63.664604187011719
9305    4.683833122253418  46.186138153076172  63.780128479003906
9306    3.5823400020599365  46.190536499023438  63.663555145263672
9307    70.789329528808594  44.489391326904297  63.790782928466797
9308    1.3005980253219604  46.189071655273438  63.882255554199219
9309    2.282116174697876  51.217845916748047  63.074424743652344
9310    3.474583625793457  51.111553192138672  63.127864837646484
9311    69.51641845703125  46.063480377197266  63.8507080078125
9312    68.373367309570312  46.199668884277344  63.778530120849609
9313    7.5256094932556152  44.548515319824219  63.664775848388672
9314    63.821037292480469  43.222648620605469  63.25909423828125
9315    63.974891662597656  44.325496673583984  63.530765533447266
9316    10.644366264343262  43.284683227539062  63.717857360839844
9317    9.7206363677978516  43.447650909423828  63.592681884765625
9318    8.7996797561645508  43.674057006835938  63.481010437011719
9319    8.0267601013183594  43.955516815185547  63.381099700927734
9320    0.21817313134670258  44.320446014404297  63.552169799804688
9321    0.31209838390350342  45.194602966308594  63.660022735595703
9322    0.43644756078720093  45.730045318603516  63.667411804199219
9323    0.6162685751914978  46.021148681640625  63.929042816162109
9324    64.054664611816406  45.198478698730469  63.655887603759766
9325    7.050501823425293  45.294578552246094  63.88677978515625
9326    62.287948608398438  51.910915374755859  63.306865692138672
9327    13.040684700012207  52.6287841796875  63.159889221191406
9328    18.590585708618164  52.752002716064453  63.016914367675781
9329    9.6890773773193359  52.389286041259766  63.036785125732422
9330    8.4475297927856445  52.142398834228516  62.716732025146484
9331    57.084186553955078  52.337749481201172  62.66351318359375
9332    58.951763153076172  52.213939666748047  62.811389923095703
9333    63.232070922851562  51.803806304931641  63.841373443603516
9334    67.568313598632812  51.1639404296875  63.171634674072266
9335    4.5705485343933105  51.159721374511719  63.172657012939453
9336    65.874855041503906  51.233230590820312  63.164608001708984
9337    60.8521728515625  52.069740295410156  63.010181427001953
9338    2.0473666191101074  14.569523811340332  63.895362854003906
9339    3.4778761863708496  14.43598461151123  63.877323150634766
9340    64.156753540039062  15.183344841003418  64.156906127929688
9341    64.874824523925781  14.82513427734375  63.871791839599609
9342    6.8604507446289062  15.091041564941406  63.831310272216797
9343    6.2468280792236328  14.611978530883789  64.189735412597656
9344    5.1252670288085938  14.507229804992676  63.827926635742188
9345    68.514739990234375  9.4970560073852539  63.013015747070312
9346    66.951492309570312  14.492786407470703  63.897102355957031
9347    1.1336002349853516  14.856610298156738  63.812343597412109
9348    0.42086333036422729  15.203295707702637  64.127738952636719
9349    68.736915588378906  14.554039001464844  63.840065002441406
9350    69.8826904296875  14.670257568359375  64.322662353515625
9351    70.485092163085938  15.270969390869141  64.040428161621094
9352    70.617988586425781  15.887304306030273  63.721851348876953
9353    63.997455596923828  15.926469802856445  63.835796356201172
9354    7.2052621841430664  15.746423721313477  63.562301635742188
9355    65.566841125488281  14.531779289245605  64.054183959960938
9356    15.407240867614746  18.448551177978516  63.481277465820312
9357    14.494852066040039  18.235658645629883  63.767608642578125
9358    15.013675689697266  18.566558837890625  62.874698638916016
9359    5.1692628860473633  9.4710054397583008  63.012992858886719
9360    3.40975022315979  9.5112457275390625  63.330680847167969
9361    61.665870666503906  8.4401769638061523  63.890682220458984
9362    61.269992828369141  8.5660495758056641  63.101615905761719
9363    60.186809539794922  8.2890625  63.771339416503906
9364    59.753963470458984  8.4500188827514648  62.933876037597656
9365    63.083648681640625  8.9569368362426758  63.027114868164062
9366    62.290393829345703  8.7035274505615234  63.312725067138672
9367    0.26304143667221069  15.944131851196289  63.808189392089844
9368    0.24799385666847229  16.699159622192383  63.507743835449219
9369    67.609260559082031  9.5934934616088867  63.054637908935547
9370    66.690826416015625  9.568852424621582  63.024246215820312
9371    6.4663681983947754  9.2908353805541992  63.241081237792969
9372    18.269989013671875  18.857271194458008  63.598106384277344
9373    17.218036651611328  18.675558090209961  63.663082122802734
9374    17.700008392333984  19.128332138061523  62.906925201416016
9375    -0.17294235527515411  18.66130256652832  63.250160217285156
9376    21.33209228515625  19.34809684753418  63.356746673583984
9377    20.253883361816406  19.198957443237305  63.389503479003906
9378    19.117809295654297  19.352804183959961  62.924476623535156
9379    16.758140563964844  18.84684944152832  63.088760375976562
9380    16.20930290222168  18.537408828735352  63.616470336914062
9381    15.938603401184082  18.753625869750977  62.905635833740234
9382    70.94677734375  18.066253662109375  63.439254760742188
9383    63.749919891357422  17.749845504760742  63.385337829589844
9384    63.516395568847656  18.676599502563477  63.341793060302734
9385    25.36729621887207  19.751852035522461  63.455879211425781
9386    22.597768783569336  19.594417572021484  63.200916290283203
9387    8.2839651107788086  16.756855010986328  63.450187683105469
9388    63.956932067871094  16.693599700927734  63.531204223632812
9389    11.228628158569336  17.597930908203125  63.442184448242188
9390    10.697351455688477  17.346370697021484  63.759792327880859
9391    9.1145191192626953  17.036043167114258  63.569244384765625
9392    9.9612245559692383  17.227588653564453  63.648216247558594
9393    70.765243530273438  16.780643463134766  63.705574035644531
9394    7.5561294555664062  16.382396697998047  63.324989318847656
9395    0.073781408369541168  17.749269485473633  63.334487915039062
9396    13.345005035400391  18.048301696777344  63.677463531494141
9397    12.155453681945801  17.854650497436523  63.405185699462891
9398    18.291110992431641  7.9848246574401855  62.809036254882812
9399    8.5234966278076172  8.6452970504760742  63.621063232421875
9400    28.884965896606445  7.8484511375427246  63.158298492431641
9401    52.514503479003906  7.9594902992248535  63.530025482177734
9402    7.4005236625671387  8.9870595932006836  63.419517517089844
9403    57.975006103515625  8.1718969345092773  63.663906097412109
9404    55.992984771728516  8.112797737121582  63.402763366699219
9405    46.410087585449219  7.8774814605712891  63.269851684570312
9406    39.563758850097656  7.8510675430297852  62.995124816894531
9407    58.635517120361328  8.387721061706543  62.856925964355469
9408    57.500064849853516  8.3177680969238281  62.7635498046875
9409    55.411201477050781  8.1903095245361328  62.675071716308594
9410    31.47596549987793  39.701976776123047  62.824554443359375
9411    30.691896438598633  39.973091125488281  62.720752716064453
9412    18.881927490234375  41.108261108398438  62.573032379150391
9413    21.746860504150391  41.059101104736328  63.042064666748047
9414    21.205034255981445  41.065826416015625  62.944992065429688
9415    17.832347869873047  41.199958801269531  62.396888732910156
9416    23.013948440551758  34.041679382324219  62.653633117675781
9417    8.4034271240234375  34.275749206542969  62.277259826660156
9418    9.206049919128418  43.197532653808594  62.928485870361328
9419    2.3986082077026367  43.323993682861328  62.330215454101562
9420    3.8116888999938965  43.083950042724609  62.127876281738281
9421    0.9747539758682251  43.591636657714844  62.781223297119141
9422    8.1827468872070312  43.485908508300781  62.92840576171875
9423    7.4043984413146973  43.330860137939453  62.574398040771484
9424    6.4162993431091309  43.534137725830078  62.538101196289062
9425    5.2093987464904785  43.336078643798828  62.300300598144531
9426    10.273895263671875  43.030925750732422  62.999279022216797
9427    11.145893096923828  42.952598571777344  63.170486450195312
9428    64.77740478515625  43.599018096923828  62.750373840332031
9429    67.374717712402344  43.177577972412109  62.202362060546875
9430    68.571884155273438  43.290569305419922  62.313205718994141
9431    66.19671630859375  43.401317596435547  62.364101409912109
9432    17.155588150024414  26.643560409545898  62.615734100341797
9433    16.286127090454102  26.631059646606445  62.214145660400391
9434    22.296426773071289  26.598361968994141  62.688385009765625
9435    30.711185455322266  23.599706649780273  62.912303924560547
9436    17.881017684936523  33.939052581787109  62.43017578125
9437    67.633628845214844  44.077774047851562  62.616165161132812
9438    5.5462737083435059  45.118465423583984  63.095172882080078
9439    5.5056772232055664  44.261260986328125  62.780044555664062
9440    3.8809597492218018  45.071632385253906  62.966709136962891
9441    69.274559020996094  44.043613433837891  62.760494232177734
9442    69.738059997558594  43.246654510498047  62.483402252197266
9443    2.2063357830047607  44.322994232177734  62.776107788085938
9444    1.9747194051742554  45.254192352294922  63.081508636474609
9445    3.7526314258575439  43.907569885253906  62.540554046630859
9446    65.947509765625  44.393840789794922  62.790981292724609
9447    7.1223301887512207  43.975830078125  62.983432769775391
9448    6.5768842697143555  44.809013366699219  63.255481719970703
9449    0.95278161764144897  44.715534210205078  63.148471832275391
9450    0.88295203447341919  45.497791290283203  63.340744018554688
9451    70.461891174316406  43.017002105712891  62.663845062255859
9452    70.316108703613281  43.820220947265625  63.032672882080078
9453    64.697792053222656  44.734123229980469  63.144443511962891
9454    64.61151123046875  45.509330749511719  63.340724945068359
9455    70.076858520507812  44.736351013183594  63.266590118408203
9456    68.897117614746094  44.926437377929688  63.01348876953125
9457    67.312362670898438  45.207233428955078  62.998355865478516
9458    1.6238746643066406  45.884540557861328  63.400344848632812
9459    0.83500701189041138  45.934528350830078  63.557636260986328
9460    65.65277099609375  45.298301696777344  63.087745666503906
9461    68.729072570800781  45.705333709716797  63.325328826904297
9462    67.718421936035156  45.904438018798828  63.32696533203125
9463    4.0928997993469238  45.866668701171875  63.322517395019531
9464    66.561546325683594  45.853916168212891  63.291698455810547
9465    65.338050842285156  45.900154113769531  63.401813507080078
9466    69.837493896484375  45.510932922363281  63.475936889648438
9467    64.568817138671875  45.939384460449219  63.557758331298828
9468    6.2552165985107422  45.527797698974609  63.488780975341797
9469    5.1501016616821289  45.706611633300781  63.3345947265625
9470    2.9062178134918213  45.814178466796875  63.285884857177734
9471    70.107521057128906  17.23884391784668  62.839126586914062
9472    68.823921203613281  17.315763473510742  62.349018096923828
9473    67.640556335449219  17.545133590698242  62.107337951660156
9474    30.031070709228516  20.926851272583008  63.403732299804688
9475    66.319351196289062  17.432514190673828  62.226131439208984
9476    10.497208595275879  17.587982177734375  63.124748229980469
9477    65.025390625  17.553438186645508  62.417247772216797
9478    64.213203430175781  17.846246719360352  62.680458068847656
9479    20.54327392578125  19.611957550048828  62.785476684570312
9480    17.635677337646484  19.496417999267578  62.246746063232422
9481    21.608100891113281  19.742145538330078  62.769222259521484
9482    18.217380523681641  19.517265319824219  62.443122863769531
9483    64.412971496582031  17.05293083190918  62.965251922607422
9484    3.2766251564025879  17.437932968139648  62.266181945800781
9485    1.5280112028121948  17.380609512329102  62.551795959472656
9486    0.6977466344833374  17.779760360717773  62.695896148681641
9487    65.50531005859375  16.693862915039062  62.719509124755859
9488    70.09130859375  16.14924430847168  63.17034912109375
9489    69.030563354492188  16.378433227539062  62.773265838623047
9490    67.290443420410156  16.510869979858398  62.610610961914062
9491    9.5331878662109375  17.468696594238281  63.010593414306641
9492    7.5631933212280273  17.008218765258789  62.840396881103516
9493    5.5872926712036133  16.975717544555664  62.50732421875
9494    8.676971435546875  17.223756790161133  63.03936767578125
9495    30.553730010986328  22.513887405395508  62.873504638671875
9496    30.180992126464844  21.540901184082031  62.958786010742188
9497    29.441873550415039  20.876941680908203  62.833969116210938
9498    66.029739379882812  14.980241775512695  63.412708282470703
9499    67.930374145507812  15.036138534545898  63.244911193847656
9500    2.0506186485290527  15.032122611999512  63.341667175292969
9501    3.0669488906860352  14.771913528442383  63.393184661865234
9502    64.768547058105469  15.371785163879395  63.495689392089844
9503    4.4095439910888672  14.840998649597168  63.320449829101562
9504    5.5950727462768555  14.918715476989746  63.328594207763672
9505    6.1709909439086914  14.819158554077148  63.603984832763672
9506    6.3925108909606934  15.317182540893555  63.3212890625
9507    5.3328557014465332  15.413687705993652  63.058723449707031
9508    3.6336095333099365  15.411031723022461  63.016193389892578
9509    2.091094970703125  15.764614105224609  63.016338348388672
9510    1.0011770725250244  15.388020515441895  63.469699859619141
9511    0.91954994201660156  16.161600112915039  63.203330993652344
9512    69.833770751953125  14.874762535095215  63.66302490234375
9513    69.265937805175781  14.99168872833252  63.326450347900391
9514    64.617225646972656  16.171432495117188  63.204090118408203
9515    0.77268105745315552  17.009710311889648  62.984943389892578
9516    1.928807258605957  16.639581680297852  62.758071899414062
9517    70.059867858886719  15.376221656799316  63.387020111083984
9518    69.189826965332031  15.549651145935059  63.045906066894531
9519    6.4643154144287109  16.134641647338867  63.015483856201172
9520    68.13616943359375  15.745075225830078  62.870700836181641
9521    3.5632994174957275  16.358009338378906  62.696338653564453
9522    4.9746303558349609  16.051546096801758  62.812297821044922
9523    67.007278442382812  15.539290428161621  62.965110778808594
9524    65.782585144042969  15.796814918518066  63.009017944335938
9525    25.175094604492188  18.724624633789062  76.4525146484375
9526    24.556270599365234  19.166044235229492  76.1705322265625
9527    25.182178497314453  19.738412857055664  76.654182434082031
9528    18.036556243896484  22.780342102050781  76.014175415039062
9529    18.882221221923828  23.00994873046875  75.185661315917969
9530    17.50098991394043  23.082191467285156  75.188316345214844
9531    16.01300048828125  22.732334136962891  76.204582214355469
9532    24.923076629638672  20.418363571166992  77.064125061035156
9533    24.513355255126953  19.983512878417969  76.427406311035156
9534    24.218879699707031  20.610916137695312  76.849533081054688
9535    23.989261627197266  20.219171524047852  76.173423767089844
9536    25.95301628112793  18.5955810546875  76.865638732910156
9537    25.838415145874023  19.498420715332031  76.91162109375
9538    26.324018478393555  19.353254318237305  77.342750549316406
9539    26.124183654785156  19.963367462158203  77.394828796386719
9540    12.524799346923828  20.431804656982422  76.027023315429688
9541    12.540177345275879  21.175174713134766  76.619590759277344
9542    12.76194953918457  21.32696533203125  76.274238586425781
9543    12.124399185180664  21.403560638427734  76.815383911132812
9544    12.370870590209961  20.555873870849609  76.107025146484375
9545    12.105288505554199  21.372974395751953  76.206123352050781
9546    23.65471076965332  20.649131774902344  75.924087524414062
9547    23.893808364868164  19.699968338012695  75.496383666992188
9548    24.063478469848633  19.401271820068359  75.846138000488281
9549    12.523335456848145  20.661540985107422  75.871841430664062
9550    12.515433311462402  19.426570892333984  75.708450317382812
9551    12.49179744720459  19.529348373413086  75.699264526367188
9552    12.502514839172363  19.376752853393555  75.741447448730469
9553    18.797452926635742  22.524637222290039  76.71405029296875
9554    20.268472671508789  22.428106307983398  76.550979614257812
9555    19.871955871582031  22.767572402954102  75.649871826171875
9556    22.538385391235352  21.987831115722656  75.918121337890625
9557    22.365085601806641  21.749380111694336  76.726921081542969
9558    23.157119750976562  21.425203323364258  75.972694396972656
9559    23.130090713500977  21.259416580200195  76.834243774414062
9560    25.63287353515625  20.197586059570312  77.231040954589844
9561    23.719234466552734  20.79327392578125  76.603431701660156
9562    12.686790466308594  21.75379753112793  75.910179138183594
9563    23.867033004760742  18.530717849731445  75.740234375
9564    23.464841842651367  17.627265930175781  75.922027587890625
9565    23.092838287353516  17.917957305908203  75.326278686523438
9566    25.99424934387207  17.6776123046875  76.976547241210938
9567    26.448160171508789  18.449569702148438  77.467277526855469
9568    25.359556198120117  17.761837005615234  76.601112365722656
9569    24.483495712280273  17.708669662475586  76.309913635253906
9570    24.345552444458008  18.364713668823242  76.089340209960938
9571    12.537663459777832  18.556119918823242  75.587089538574219
9572    12.57924747467041  18.464197158813477  75.600334167480469
9573    23.651161193847656  18.699321746826172  75.120887756347656
9574    12.582320213317871  17.38848876953125  75.508148193359375
9575    12.845385551452637  17.46043586730957  75.552131652832031
9576    12.607998847961426  17.984928131103516  75.439361572265625
9577    63.503124237060547  18.172531127929688  75.279373168945312
9578    63.3582763671875  22.704402923583984  75.272544860839844
9579    63.455062866210938  18.778924942016602  74.639633178710938
9580    21.483209609985352  22.538883209228516  75.607757568359375
9581    21.528858184814453  22.171802520751953  76.514892578125
9582    22.060405731201172  22.282752990722656  75.830268859863281
9583    11.558348655700684  21.952110290527344  76.793060302734375
9584    71.223213195800781  18.371335983276367  75.355674743652344
9585    71.258781433105469  19.690277099609375  73.654251098632812
9586    71.370124816894531  23.551029205322266  74.92608642578125
9587    8.2564840316772461  24.393121719360352  75.899742126464844
9588    7.9703893661499023  25.240337371826172  75.21502685546875
9589    7.9189944267272949  25.69061279296875  76.373207092285156
9590    8.1608066558837891  24.187984466552734  77.145843505859375
9591    11.525768280029297  22.75189208984375  75.693275451660156
9592    11.280826568603516  22.438436508178711  76.311759948730469
9593    11.856413841247559  22.099245071411133  76.053581237792969
9594    8.7450942993164062  23.509798049926758  76.480598449707031
9595    8.9077367782592773  23.837165832519531  75.226219177246094
9596    13.290650367736816  22.111331939697266  76.263023376464844
9597    12.913016319274902  22.423007965087891  75.699928283691406
9598    14.339748382568359  22.503740310668945  76.346633911132812
9599    14.792366027832031  22.913122177124023  75.597732543945312
9600    13.670564651489258  22.731006622314453  75.649070739746094
9601    10.673917770385742  22.775093078613281  76.209815979003906
9602    10.69297981262207  23.078639984130859  75.602287292480469
9603    9.7632274627685547  23.166296005249023  75.968917846679688
9604    8.7160272598266602  14.364744186401367  76.023406982421875
9605    7.2592625617980957  14.463992118835449  75.821449279785156
9606    9.1370477676391602  14.83552074432373  75.490821838378906
9607    4.513458251953125  14.460090637207031  75.847183227539062
9608    6.7278261184692383  14.808375358581543  75.285438537597656
9609    13.154911041259766  15.39351749420166  76.078804016113281
9610    12.130027770996094  14.523900985717773  76.342765808105469
9611    12.026429176330566  15.436221122741699  75.786994934082031
9612    13.391983032226562  14.736677169799805  76.422637939453125
9613    4.7208542823791504  14.881908416748047  75.118797302246094
9614    2.876427173614502  14.959659576416016  75.205314636230469
9615    15.277225494384766  15.969985961914062  76.001571655273438
9616    17.096254348754883  16.267057418823242  75.907737731933594
9617    16.402898788452148  15.648178100585938  76.657203674316406
9618    18.145229339599609  15.87058162689209  76.664665222167969
9619    14.22373104095459  15.21694278717041  76.378395080566406
9620    13.907696723937988  16.059328079223633  75.851898193359375
9621    15.23509693145752  15.21717643737793  76.764152526855469
9622    67.851280212402344  13.796907424926758  76.510139465332031
9623    68.555213928222656  14.354649543762207  75.973640441894531
9624    69.322921752929688  13.893967628479004  76.659828186035156
9625    66.019493103027344  14.900047302246094  75.23431396484375
9626    65.416648864746094  14.58546257019043  75.969345092773438
9627    64.63067626953125  15.415658950805664  75.327239990234375
9628    70.936744689941406  16.203807830810547  75.852584838867188
9629    71.194496154785156  16.75804328918457  76.660057067871094
9630    70.843231201171875  15.341399192810059  76.784461975097656
9631    70.353515625  15.180050849914551  75.858474731445312
9632    12.914912223815918  16.402706146240234  75.700584411621094
9633    13.444255828857422  16.771644592285156  75.504150390625
9634    12.328198432922363  16.302703857421875  75.490493774414062
9635    12.314679145812988  16.607173919677734  75.06982421875
9636    66.930221557617188  14.350028038024902  75.908035278320312
9637    67.648155212402344  14.812296867370605  75.210609436035156
9638    10.51319408416748  14.60462474822998  76.013153076171875
9639    10.880722999572754  15.178540229797363  75.520256042480469
9640    11.650755882263184  15.766681671142578  75.253570556640625
9641    64.397811889648438  15.225384712219238  76.171768188476562
9642    63.864486694335938  16.112419128417969  76.993705749511719
9643    63.471336364746094  19.912651062011719  76.646163940429688
9644    63.788951873779297  16.835403442382812  75.911666870117188
9645    13.917263031005859  14.524048805236816  76.680335998535156
9646    14.537311553955078  14.590052604675293  76.977653503417969
9647    13.112235069274902  14.104104042053223  76.765632629394531
9648    13.946317672729492  14.07646369934082  77.063377380371094
9649    66.223228454589844  13.887883186340332  76.521041870117188
9650    2.1142315864562988  14.784670829772949  75.80810546875
9651    2.1242532730102539  14.38885498046875  76.511253356933594
9652    6.8475899696350098  13.98546314239502  76.333778381347656
9653    9.1283254623413086  14.06041145324707  76.34686279296875
9654    1.1126265525817871  15.488754272460938  75.304603576660156
9655    64.852027893066406  14.380171775817871  76.656074523925781
9656    69.890663146972656  14.562665939331055  76.24462890625
9657    70.302688598632812  14.264595985412598  76.930068969726562
9658    10.459863662719727  14.013367652893066  76.485542297363281
9659    18.072353363037109  16.868448257446289  75.104179382324219
9660    15.922884941101074  16.711832046508789  75.014724731445312
9661    14.429655075073242  16.513715744018555  75.374214172363281
9662    22.508792877197266  17.343805313110352  75.55859375
9663    22.149755477905273  16.788545608520508  76.100723266601562
9664    21.476825714111328  17.045822143554688  75.444099426269531
9665    71.240631103515625  17.390203475952148  76.257804870605469
9666    63.455623626708984  18.998611450195312  75.863021850585938
9667    25.989095687866211  16.792026519775391  77.789329528808594
9668    25.919902801513672  17.025154113769531  77.186470031738281
9669    26.3199462890625  17.472017288208008  77.534210205078125
9670    25.44676399230957  17.021066665649414  76.863044738769531
9671    25.448230743408203  16.555673599243164  77.34674072265625
9672    -0.22087953984737396  18.729881286621094  75.368003845214844
9673    -0.37440541386604309  24.39483642578125  75.526268005371094
9674    -0.27503728866577148  19.448638916015625  74.716209411621094
9675    24.668050765991211  16.978330612182617  76.649368286132812
9676    23.582435607910156  16.88623046875  76.445404052734375
9677    24.889869689941406  16.526248931884766  77.027000427246094
9678    20.681404113769531  16.620780944824219  75.89044189453125
9679    20.019765853881836  16.908866882324219  75.286911010742188
9680    19.076253890991211  16.426837921142578  75.930122375488281
9681    69.31488037109375  14.949459075927734  75.328712463378906
9682    0.13220402598381042  16.944093704223633  75.945388793945312
9683    -0.26459634304046631  19.508516311645508  75.981498718261719
9684    -0.22518634796142578  19.590476989746094  76.761810302734375
9685    20.468097686767578  16.04905891418457  76.712242126464844
9686    22.510332107543945  16.194290161132812  76.865959167480469
9687    23.934371948242188  16.280790328979492  77.08953857421875
9688    4.7980155944824219  46.323902130126953  75.936729431152344
9689    7.3218035697937012  46.143951416015625  75.735893249511719
9690    6.2819900512695312  45.894454956054688  75.328536987304688
9691    4.5987505912780762  45.9420166015625  75.410285949707031
9692    17.594293594360352  44.542961120605469  76.371574401855469
9693    19.779268264770508  44.077301025390625  75.93157958984375
9694    17.383998870849609  43.840290069580078  75.34991455078125
9695    13.691715240478516  43.987281799316406  75.881179809570312
9696    12.915367126464844  44.025600433349609  75.773834228515625
9697    13.456283569335938  44.952957153320312  76.130790710449219
9698    15.734256744384766  43.795093536376953  75.297836303710938
9699    15.939887046813965  44.412654876708984  76.046310424804688
9700    23.540945053100586  43.764766693115234  76.413497924804688
9701    22.82331657409668  43.121173858642578  75.85528564453125
9702    22.751985549926758  43.963603973388672  76.339698791503906
9703    23.695564270019531  43.069107055664062  76.167266845703125
9704    14.656929969787598  43.980747222900391  75.72430419921875
9705    13.749070167541504  43.253936767578125  75.597999572753906
9706    14.524646759033203  43.535701751708984  75.103843688964844
9707    13.593694686889648  42.902229309082031  75.341117858886719
9708    13.061930656433105  42.770118713378906  75.710250854492188
9709    15.558314323425293  45.029861450195312  76.625343322753906
9710    14.584940910339355  44.83465576171875  76.286659240722656
9711    15.00959587097168  45.692142486572266  77.076141357421875
9712    11.62779712677002  45.230579376220703  75.5489501953125
9713    12.429203033447266  45.242626190185547  75.945793151855469
9714    12.331450462341309  44.286441802978516  75.413482666015625
9715    -0.25779959559440613  41.129905700683594  75.184959411621094
9716    -0.20525556802749634  41.272762298583984  76.181564331054688
9717    0.15196378529071808  43.693759918212891  75.29931640625
9718    -0.39383122324943542  35.899925231933594  74.419395446777344
9719    17.280988693237305  45.113052368164062  77.199127197265625
9720    16.429372787475586  44.88458251953125  76.662071228027344
9721    24.906970977783203  42.118606567382812  76.921096801757812
9722    24.850349426269531  43.229228973388672  76.92138671875
9723    25.292575836181641  43.098518371582031  77.581886291503906
9724    25.115591049194336  43.716041564941406  77.366790771484375
9725    24.263198852539062  42.602272033691406  76.393455505371094
9726    24.259204864501953  43.520503997802734  76.580680847167969
9727    23.371007919311523  42.037910461425781  75.833587646484375
9728    22.541973114013672  41.975025177001953  75.176177978515625
9729    25.36529541015625  42.082782745361328  77.739082336425781
9730    63.269092559814453  32.722431182861328  70.840766906738281
9731    63.32403564453125  34.544380187988281  74.889877319335938
9732    63.296741485595703  37.886180877685547  72.850234985351562
9733    24.711050033569336  41.137008666992188  76.7613525390625
9734    25.084892272949219  41.229400634765625  77.288566589355469
9735    21.946622848510742  42.872844696044922  75.242782592773438
9736    24.101879119873047  41.366973876953125  76.334365844726562
9737    23.225648880004883  40.806098937988281  75.84735107421875
9738    22.79193115234375  41.090911865234375  75.317543029785156
9739    21.70892333984375  43.785732269287109  75.954055786132812
9740    18.875280380249023  43.543235778808594  74.936149597167969
9741    18.964349746704102  44.890853881835938  77.094795227050781
9742    12.718711853027344  42.794185638427734  75.539093017578125
9743    13.202777862548828  42.238525390625  75.657676696777344
9744    13.17484188079834  41.892536163330078  75.587348937988281
9745    13.134784698486328  45.755184173583984  76.350997924804688
9746    12.187839508056641  46.247116088867188  76.416572570800781
9747    65.90625  46.283931732177734  76.013328552246094
9748    67.336250305175781  46.324253082275391  75.939537048339844
9749    65.965873718261719  45.825893402099609  75.387535095214844
9750    64.586769104003906  45.261817932128906  75.47320556640625
9751    64.995697021484375  46.028877258300781  76.132003784179688
9752    63.795921325683594  43.552322387695312  75.2802734375
9753    63.501815795898438  41.355693817138672  76.229484558105469
9754    64.014137268066406  44.865375518798828  76.457389831542969
9755    69.234565734863281  46.161346435546875  75.970062255859375
9756    70.270538330078125  45.738227844238281  76.067481994628906
9757    70.041595458984375  45.425167083740234  75.3790283203125
9758    13.987592697143555  45.716064453125  76.605667114257812
9759    2.7727675437927246  46.295928955078125  76.044937133789062
9760    1.5941414833068848  46.036170959472656  76.157730102539062
9761    2.7540502548217773  46.728469848632812  76.556877136230469
9762    11.002705574035645  45.976039886474609  76.002349853515625
9763    9.1902523040771484  46.113857269287109  75.838493347167969
9764    10.476505279541016  45.580440521240234  75.406600952148438
9765    8.6673593521118164  45.744594573974609  75.239067077636719
9766    9.4615707397460938  46.525970458984375  76.289352416992188
9767    7.4342336654663086  46.561538696289062  76.218284606933594
9768    13.262115478515625  46.439456939697266  76.769966125488281
9769    5.352717399597168  46.9580078125  76.589584350585938
9770    1.0845861434936523  46.339729309082031  76.820022583007812
9771    0.38202816247940063  44.826911926269531  76.45904541015625
9772    70.730392456054688  45.550544738769531  76.736434936523438
9773    71.184181213378906  42.054393768310547  76.538703918457031
9774    70.848312377929688  44.271244049072266  75.566841125488281
9775    68.802505493164062  45.764602661132812  75.267662048339844
9776    1.1677621603012085  45.295566558837891  75.501609802246094
9777    24.679792404174805  43.934661865234375  77.099586486816406
9778    2.9575512409210205  45.887248992919922  75.509254455566406
9779    24.083560943603516  44.089977264404297  76.861053466796875
9780    23.307544708251953  44.403720855712891  76.951019287109375
9781    22.124330520629883  44.416545867919922  76.66607666015625
9782    21.192787170410156  44.319999694824219  76.397270202636719
9783    63.448951721191406  40.6617431640625  75.265655517578125
9784    67.493858337402344  45.76654052734375  75.098121643066406
9785    14.229586601257324  46.473934173583984  77.222908020019531
9786    10.707632064819336  46.655799865722656  76.503929138183594
9787    21.029573440551758  43.356101989746094  75.261054992675781
9788    71.255012512207031  41.054767608642578  74.653617858886719
9789    71.378334045410156  33.673519134521484  74.377731323242188
9790    8.0192298889160156  35.962150573730469  75.226409912109375
9791    8.3630199432373047  36.588016510009766  75.128005981445312
9792    8.2869186401367188  36.800205230712891  76.134849548339844
9793    10.340714454650879  37.8990478515625  76.46234130859375
9794    9.5429496765136719  37.559429168701172  76.16119384765625
9795    10.339208602905273  37.663711547851562  75.9266357421875
9796    71.375175476074219  23.781974792480469  70.334709167480469
9797    18.745378494262695  38.135406494140625  76.407135009765625
9798    17.098947525024414  38.119285583496094  76.54510498046875
9799    18.488691329956055  37.838077545166016  75.574462890625
9800    17.240764617919922  37.697689056396484  75.403419494628906
9801    15.798457145690918  37.831073760986328  75.641159057617188
9802    22.928489685058594  40.000457763671875  76.070526123046875
9803    23.586296081542969  40.365451812744141  76.367637634277344
9804    23.057727813720703  39.690578460693359  76.700416564941406
9805    24.854166030883789  40.497806549072266  77.696563720703125
9806    24.734149932861328  40.631137847900391  77.04205322265625
9807    24.262943267822266  40.5445556640625  76.690940856933594
9808    24.279502868652344  40.115135192871094  77.256820678710938
9809    23.759695053100586  39.998031616210938  76.863449096679688
9810    8.7127180099487305  37.366241455078125  76.48760986328125
9811    8.7778549194335938  37.097755432128906  75.700035095214844
9812    14.39169979095459  37.902549743652344  75.377426147460938
9813    14.770170211791992  38.188312530517578  76.007972717285156
9814    13.903732299804688  38.581676483154297  75.931709289550781
9815    11.978458404541016  38.457748413085938  75.7752685546875
9816    11.508767127990723  38.480564117431641  76.420494079589844
9817    11.08132266998291  37.916652679443359  75.912399291992188
9818    10.919940948486328  38.152153015136719  76.581855773925781
9819    12.818913459777832  41.397113800048828  75.78546142578125
9820    12.635652542114258  40.309825897216797  76.062332153320312
9821    12.569619178771973  40.333549499511719  75.782737731933594
9822    12.726468086242676  41.664020538330078  75.671165466308594
9823    12.963763236999512  41.164840698242188  75.846038818359375
9824    12.892593383789062  40.255706787109375  76.192123413085938
9825    22.206783294677734  39.2791748046875  76.2000732421875
9826    22.501453399658203  39.984535217285156  75.365547180175781
9827    13.683552742004395  39.098239898681641  76.761238098144531
9828    13.168209075927734  40.056396484375  76.090286254882812
9829    13.401213645935059  39.324745178222656  75.979118347167969
9830    12.949450492858887  39.565528869628906  76.799041748046875
9831    12.468267440795898  39.578231811523438  76.631492614746094
9832    20.122100830078125  43.360504150390625  74.872787475585938
9833    13.064709663391113  40.928718566894531  75.841102600097656
9834    71.375564575195312  38.480045318603516  72.552818298339844
9835    19.58723258972168  38.015102386474609  75.743080139160156
9836    63.323383331298828  25.45640754699707  72.472389221191406
9837    15.416126251220703  38.277816772460938  76.5855712890625
9838    14.466057777404785  38.534038543701172  76.505714416503906
9839    12.409509658813477  39.191268920898438  75.72613525390625
9840    12.175322532653809  39.280876159667969  76.200164794921875
9841    20.047618865966797  38.360160827636719  76.53106689453125
9842    21.270004272460938  38.57080078125  75.846343994140625
9843    21.281913757324219  38.783409118652344  76.922348022460938
9844    21.886184692382812  38.967205047607422  75.268760681152344
9845    20.544645309448242  38.142360687255859  75.499641418457031
9846    21.123083114624023  38.276004791259766  75.343185424804688
9847    68.816848754882812  47.916049957275391  77.662574768066406
9848    67.164939880371094  47.953250885009766  77.63299560546875
9849    67.980293273925781  48.303134918212891  78.294868469238281
9850    70.411979675292969  47.657321929931641  78.122764587402344
9851    70.021354675292969  47.527812957763672  77.600997924804688
9852    69.703926086425781  48.086257934570312  78.171035766601562
9853    9.7007579803466797  47.821994781494141  77.497428894042969
9854    6.1588068008422852  47.814708709716797  77.474571228027344
9855    8.247462272644043  48.310955047607422  78.296531677246094
9856    65.085105895996094  48.156356811523438  78.3746337890625
9857    64.702438354492188  47.828750610351562  77.891090393066406
9858    64.36419677734375  47.753425598144531  78.370025634765625
9859    64.230094909667969  47.272632598876953  77.986152648925781
9860    13.634281158447266  47.804561614990234  78.249771118164062
9861    13.139708518981934  47.604618072509766  77.633316040039062
9862    12.491227149963379  48.094211578369141  78.182884216308594
9863    11.86568546295166  47.857440948486328  77.619544982910156
9864    68.988594055175781  48.267654418945312  78.230865478515625
9865    4.7198433876037598  48.272541046142578  78.319938659667969
9866    21.145872116088867  44.466648101806641  81.533599853515625
9867    19.643928527832031  44.532089233398438  81.655776977539062
9868    19.734867095947266  43.638042449951172  81.936103820800781
9869    21.75587272644043  43.613975524902344  81.7801513671875
9870    3.8826472759246826  47.395133972167969  77.067787170410156
9871    3.0719926357269287  47.884334564208984  77.678863525390625
9872    13.482999801635742  47.033699035644531  77.2420654296875
9873    14.112800598144531  47.224216461181641  77.836585998535156
9874    10.863247871398926  48.189300537109375  78.045768737792969
9875    66.391761779785156  48.291843414306641  78.3638916015625
9876    65.657691955566406  47.916152954101562  77.714698791503906
9877    64.894805908203125  47.213287353515625  77.345947265625
9878    1.6175075769424438  47.20660400390625  77.33135986328125
9879    1.4174457788467407  47.824260711669922  77.876167297363281
9880    8.3407154083251953  47.154247283935547  76.808067321777344
9881    70.276199340820312  46.840728759765625  77.1199951171875
9882    69.8526611328125  46.503868103027344  76.578132629394531
9883    68.526695251464844  46.818328857421875  76.528076171875
9884    69.3409423828125  47.252948760986328  77.06060791015625
9885    11.77753734588623  47.160652160644531  77.02294921875
9886    66.343017578125  47.434001922607422  77.109832763671875
9887    70.74871826171875  46.564006805419922  77.691093444824219
9888    67.909988403320312  47.437492370605469  77.061424255371094
9889    63.977893829345703  45.830165863037109  77.615631103515625
9890    11.266751289367676  41.873020172119141  82.103851318359375
9891    10.56067943572998  42.778892517089844  82.156936645507812
9892    9.0122613906860352  40.453853607177734  82.074302673339844
9893    17.22950553894043  43.395431518554688  82.079574584960938
9894    16.400814056396484  44.390888214111328  81.943275451660156
9895    14.120594024658203  43.235584259033203  82.111419677734375
9896    14.790687561035156  44.416950225830078  82.035499572753906
9897    13.420478820800781  44.604293823242188  82.052963256835938
9898    23.404251098632812  44.348197937011719  81.281631469726562
9899    23.079948425292969  43.703536987304688  81.557991027832031
9900    23.906570434570312  43.896469116210938  81.200218200683594
9901    22.569448471069336  44.399383544921875  81.455230712890625
9902    11.830771446228027  45.285194396972656  82.061012268066406
9903    9.8398818969726562  43.939170837402344  82.1434326171875
9904    18.337518692016602  44.201957702636719  81.927742004394531
9905    18.23493766784668  44.859706878662109  81.574836730957031
9906    15.207676887512207  45.237106323242188  81.762763977050781
9907    16.751628875732422  45.162319183349609  81.546340942382812
9908    7.6136012077331543  40.992256164550781  82.142379760742188
9909    0.35561507940292358  45.835769653320312  77.584281921386719
9910    -0.46091699600219727  33.904083251953125  70.415496826171875
9911    -0.38939693570137024  39.44366455078125  72.412704467773438
9912    -0.11541304737329483  42.826904296875  77.295478820800781
9913    25.294771194458008  41.197647094726562  78.133567810058594
9914    24.249696731567383  44.435882568359375  77.538970947265625
9915    -0.31345483660697937  36.356178283691406  77.517814636230469
9916    20.928045272827148  44.775894165039062  77.078140258789062
9917    24.954986572265625  44.140129089355469  77.674911499023438
9918    16.709466934204102  45.592674255371094  77.9930419921875
9919    16.063697814941406  45.353229522705078  77.184074401855469
9920    15.707026481628418  45.856315612792969  77.779922485351562
9921    23.449359893798828  44.783714294433594  77.724678039550781
9922    5.7900810241699219  47.375434875488281  76.96368408203125
9923    22.456184387207031  44.851474761962891  77.443519592285156
9924    23.391721725463867  39.5948486328125  77.584388732910156
9925    24.239873886108398  39.911766052246094  78.113487243652344
9926    12.336038589477539  39.244598388671875  77.480712890625
9927    13.025093078613281  39.214561462402344  77.721611022949219
9928    11.744879722595215  38.930450439453125  77.078514099121094
9929    25.265705108642578  43.796295166015625  77.816322326660156
9930    14.956781387329102  46.555831909179688  78.118797302246094
9931    63.378433227539062  38.342422485351562  77.371917724609375
9932    18.217222213745117  45.379928588867188  78.069267272949219
9933    22.315944671630859  39.190883636474609  77.293067932128906
9934    13.897930145263672  38.992610931396484  77.945747375488281
9935    64.580146789550781  46.344581604003906  76.822059631347656
9936    65.770126342773438  46.733989715576172  76.558151245117188
9937    63.579551696777344  43.177192687988281  77.301376342773438
9938    71.05413818359375  45.013278961181641  77.358467102050781
9939    2.1842389106750488  48.150836944580078  78.354225158691406
9940    0.93924117088317871  47.756687164306641  78.348396301269531
9941    0.69108647108078003  47.277183532714844  77.963226318359375
9942    67.142547607421875  46.980770111083984  76.621772766113281
9943    21.574634552001953  45.19903564453125  78.149078369140625
9944    19.969188690185547  45.258808135986328  78.049278259277344
9945    23.97020149230957  44.749977111816406  78.564460754394531
9946    22.850532531738281  45.086185455322266  78.368820190429688
9947    14.810369491577148  40.509376525878906  81.594306945800781
9948    15.657302856445312  39.80242919921875  81.032501220703125
9949    16.819660186767578  40.311710357666016  81.532493591308594
9950    13.647231101989746  39.939105987548828  81.089691162109375
9951    8.5748682022094727  39.784023284912109  81.591842651367188
9952    9.0322942733764648  40.432083129882812  81.881256103515625
9953    8.0973310470581055  38.957584381103516  81.794631958007812
9954    8.1056413650512695  38.471961975097656  81.173965454101562
9955    13.457934379577637  41.461719512939453  81.941566467285156
9956    12.928633689880371  40.481536865234375  81.557624816894531
9957    11.318779945373535  40.619270324707031  81.640861511230469
9958    11.082076072692871  41.238677978515625  81.974739074707031
9959    9.9968795776367188  40.757022857666016  81.8402099609375
9960    10.035329818725586  40.3619384765625  81.536170959472656
9961    9.2506484985351562  40.277580261230469  81.605339050292969
9962    69.031410217285156  36.445602416992188  81.922622680664062
9963    67.994972229003906  32.771224975585938  82.085830688476562
9964    68.780014038085938  27.378068923950195  81.969856262207031
9965    12.012361526489258  40.017574310302734  81.097312927246094
9966    17.055910110473633  39.873668670654297  81.211814880371094
9967    18.312356948852539  40.010189056396484  81.283515930175781
9968    18.29791259765625  40.638618469238281  81.67498779296875
9969    7.4057540893554688  36.208602905273438  81.601455688476562
9970    7.2310276031494141  36.306491851806641  82.024337768554688
9971    19.701505661010742  40.410717010498047  81.445121765136719
9972    21.414516448974609  40.8232421875  81.457260131835938
9973    19.620244979858398  41.381175994873047  81.824569702148438
9974    22.90521240234375  40.902107238769531  81.344169616699219
9975    23.603115081787109  41.174304962158203  81.32305908203125
9976    23.223491668701172  41.337841033935547  81.513862609863281
9977    22.583366394042969  41.519493103027344  81.627403259277344
9978    16.786361694335938  41.268218994140625  81.890602111816406
9979    21.457208633422852  41.751640319824219  81.793968200683594
9980    7.2217960357666016  33.232048034667969  81.350837707519531
9981    7.617098331451416  35.729354858398438  80.804916381835938
9982    7.4660754203796387  31.555807113647461  80.419235229492188
9983    6.8623819351196289  32.119289398193359  81.830268859863281
9984    6.4251079559326172  29.715419769287109  82.092796325683594
9985    0.96498572826385498  15.263419151306152  76.117607116699219
9986    0.34058758616447449  15.905332565307617  76.9940185546875
9987    4.2536792755126953  13.87000560760498  76.530326843261719
9988    70.023239135742188  31.91571044921875  81.614013671875
9989    10.557621955871582  39.977695465087891  81.031105041503906
9990    6.3627243041992188  34.533866882324219  82.1512451171875
9991    18.42570686340332  42.425838470458984  82.032814025878906
9992    20.700273513793945  42.567657470703125  81.931045532226562
9993    16.009515762329102  42.357814788818359  82.080535888671875
9994    23.562520980834961  41.87664794921875  81.447174072265625
9995    23.75285530090332  42.988155364990234  81.390678405761719
9996    22.507833480834961  42.584453582763672  81.729148864746094
9997    7.9456820487976074  39.453742980957031  82.158607482910156
9998    9.9576549530029297  41.117546081542969  82.03076171875
9999    4.4661006927490234  34.8284912109375  82.036209106445312
10000    70.770156860351562  36.272361755371094  81.049812316894531
10001    70.746688842773438  25.123144149780273  80.831466674804688
10002    69.907394409179688  24.176155090332031  81.657020568847656
10003    2.7548036575317383  25.154617309570312  81.883506774902344
10004    1.5536943674087524  32.841720581054688  81.614219665527344
10005    1.0025668144226074  24.138114929199219  81.48675537109375
10006    6.7200708389282227  26.886058807373047  81.920059204101562
10007    6.6961479187011719  24.049676895141602  82.116325378417969
10008    67.560211181640625  27.32989501953125  82.112091064453125
10009    7.1237964630126953  28.942499160766602  81.378501892089844
10010    7.2176213264465332  24.338037490844727  81.597145080566406
10011    7.4421253204345703  25.859533309936523  80.878288269042969
10012    7.5974702835083008  23.461729049682617  81.109603881835938
10013    66.904891967773438  31.170272827148438  82.099685668945312
10014    0.22702832520008087  26.595483779907227  80.730842590332031
10015    7.4059290885925293  28.352176666259766  80.692413330078125
10016    66.820243835449219  25.808183670043945  82.09600830078125
10017    65.718093872070312  25.562849044799805  81.931571960449219
10018    0.86363899707794189  44.853225708007812  74.789566040039062
10019    0.39440670609474182  44.108753204345703  74.184539794921875
10020    21.457639694213867  42.780879974365234  74.747360229492188
10021    21.953062057495117  41.951831817626953  74.39288330078125
10022    21.265459060668945  42.510990142822266  74.029975891113281
10023    20.917690277099609  43.0230712890625  74.66455078125
10024    15.91175365447998  43.30865478515625  73.773338317871094
10025    15.580539703369141  43.49810791015625  74.551101684570312
10026    16.503503799438477  43.320262908935547  74.200157165527344
10027    15.345147132873535  43.461624145507812  74.065711975097656
10028    13.032745361328125  41.292556762695312  75.611930847167969
10029    13.162245750427246  42.76025390625  75.237213134765625
10030    12.370601654052734  44.22662353515625  74.888450622558594
10031    11.502048492431641  44.917251586914062  74.929237365722656
10032    12.204578399658203  44.547470092773438  74.072067260742188
10033    2.3877573013305664  45.321769714355469  74.630813598632812
10034    63.480403900146484  41.229511260986328  73.987937927246094
10035    71.064239501953125  43.468952178955078  74.421455383300781
10036    70.607017517089844  44.675792694091797  74.626243591308594
10037    14.753124237060547  43.619129180908203  74.204963684082031
10038    14.145464897155762  43.890953063964844  73.892951965332031
10039    13.802641868591309  43.566532135009766  74.684089660644531
10040    13.400948524475098  44.120349884033203  73.964248657226562
10041    12.965970993041992  43.814186096191406  74.709197998046875
10042    10.060233116149902  45.339530944824219  74.788375854492188
10043    8.9612131118774414  45.471900939941406  74.721435546875
10044    66.882255554199219  45.373741149902344  74.3060302734375
10045    65.235313415527344  45.279209136962891  74.615150451660156
10046    64.318267822265625  44.79058837890625  74.760612487792969
10047    63.98590087890625  43.947372436523438  74.109565734863281
10048    12.718474388122559  43.385826110839844  75.212913513183594
10049    12.852211952209473  42.276638031005859  75.426856994628906
10050    -0.18628013134002686  41.779487609863281  74.0931396484375
10051    16.617868423461914  43.532951354980469  74.811073303222656
10052    21.607797622680664  38.471790313720703  74.576301574707031
10053    22.086822509765625  39.265884399414062  74.505485534667969
10054    21.432598114013672  38.437843322753906  75.1737060546875
10055    63.288501739501953  37.961044311523438  70.628578186035156
10056    13.20660400390625  39.020092010498047  75.633132934570312
10057    12.754904747009277  39.654224395751953  75.599708557128906
10058    12.731014251708984  38.527416229248047  75.434272766113281
10059    13.503351211547852  38.306022644042969  75.446235656738281
10060    -0.43449795246124268  38.883552551269531  69.907577514648438
10061    71.346221923828125  40.022274017333984  70.682632446289062
10062    13.044962882995605  40.044040679931641  75.701675415039062
10063    12.77241039276123  41.125690460205078  75.589027404785156
10064    17.169143676757812  43.546375274658203  74.871261596679688
10065    64.751487731933594  32.987827301025391  81.629814147949219
10066    64.470718383789062  24.382696151733398  81.511512756347656
10067    6.286898136138916  23.993947982788086  82.116111755371094
10068    63.864437103271484  27.0291748046875  80.774688720703125
10069    4.8824715614318848  45.605052947998047  74.822738647460938
10070    17.653350830078125  43.339176177978516  74.353126525878906
10071    7.4809727668762207  45.547561645507812  74.735061645507812
10072    68.520904541015625  45.403938293457031  74.476226806640625
10073    69.752220153808594  45.241794586181641  74.619758605957031
10074    24.298482894897461  18.315195083618164  81.278282165527344
10075    23.136157989501953  17.66905403137207  81.596565246582031
10076    24.097293853759766  17.263996124267578  81.31488037109375
10077    20.541418075561523  18.861391067504883  81.778892517089844
10078    18.839332580566406  19.18449592590332  81.784500122070312
10079    19.586198806762695  17.996767044067383  81.931877136230469
10080    9.1729736328125  20.050569534301758  81.835258483886719
10081    8.1253995895385742  20.548994064331055  81.885406494140625
10082    9.1153736114501953  20.014205932617188  82.053108215332031
10083    7.4196348190307617  21.217187881469727  81.995506286621094
10084    7.5087890625  21.272571563720703  82.082710266113281
10085    7.0275416374206543  22.886957168579102  81.985389709472656
10086    17.272815704345703  18.039525985717773  81.990936279296875
10087    16.401836395263672  19.298856735229492  81.868232727050781
10088    13.640539169311523  18.261957168579102  82.076492309570312
10089    7.4971284866333008  21.749265670776367  81.801803588867188
10090    13.922784805297852  19.47235107421875  81.916114807128906
10091    12.238553047180176  19.782022476196289  81.863410949707031
10092    11.786033630371094  19.283809661865234  82.057456970214844
10093    13.211169242858887  18.897615432739258  82.077339172363281
10094    21.566843032836914  17.934505462646484  81.809745788574219
10095    10.54668140411377  19.868824005126953  81.852806091308594
10096    13.48783016204834  15.997871398925781  81.989753723144531
10097    10.230514526367188  18.059005737304688  82.115898132324219
10098    18.500186920166016  16.924798965454102  81.901237487792969
10099    16.135103225708008  16.697210311889648  81.948074340820312
10100    23.262298583984375  16.705522537231445  81.495346069335938
10101    23.986776351928711  16.389541625976562  81.041389465332031
10102    22.257253646850586  16.913167953491211  81.716865539550781
10103    20.377819061279297  17.001089096069336  81.857887268066406
10104    21.42437744140625  16.987363815307617  81.829849243164062
10105    9.6906671524047852  19.851963043212891  82.147636413574219
10106    7.6354422569274902  22.298789978027344  81.452239990234375
10107    8.0442447662353516  21.15599250793457  81.509002685546875
10108    13.963582038879395  20.847700119018555  81.024574279785156
10109    13.129056930541992  20.776405334472656  81.094352722167969
10110    13.326471328735352  20.33447265625  81.5263671875
10111    12.215967178344727  20.68878173828125  81.128402709960938
10112    11.610732078552246  20.23237419128418  81.604850769042969
10113    11.103789329528809  20.564334869384766  81.245101928710938
10114    14.543889045715332  20.152856826782227  81.667259216308594
10115    15.083844184875488  20.637676239013672  81.284660339355469
10116    17.896608352661133  19.885761260986328  81.639007568359375
10117    21.708925247192383  19.111362457275391  81.63104248046875
10118    20.657421112060547  19.892335891723633  81.383018493652344
10119    10.563129425048828  20.276968002319336  81.546714782714844
10120    15.646933555603027  20.078941345214844  81.663764953613281
10121    9.6853485107421875  20.266550064086914  81.559562683105469
10122    8.7418594360351562  20.494775772094727  81.554786682128906
10123    23.011863708496094  18.896327972412109  81.500999450683594
10124    16.957769393920898  20.122808456420898  81.591377258300781
10125    23.310680389404297  19.655685424804688  81.270492553710938
10126    22.417131423950195  19.750513076782227  81.326011657714844
10127    19.00920295715332  20.069337844848633  81.458488464355469
10128    16.556299209594727  20.597833633422852  81.305397033691406
10129    0.85201722383499146  15.73224925994873  74.577690124511719
10130    2.0008912086486816  15.376541137695312  74.531265258789062
10131    66.686355590820312  15.226524353027344  74.403648376464844
10132    3.882072925567627  15.202927589416504  74.505607604980469
10133    11.473273277282715  15.870437622070312  74.547325134277344
10134    10.414495468139648  15.376714706420898  74.959854125976562
10135    68.408546447753906  15.266170501708984  74.354301452636719
10136    69.573722839355469  15.34677791595459  74.599899291992188
10137    12.937528610229492  16.893547058105469  74.912940979003906
10138    13.602960586547852  16.538082122802734  74.238571166992188
10139    13.643445014953613  16.786439895629883  75.040069580078125
10140    6.0444364547729492  15.134946823120117  74.619430541992188
10141    70.821174621582031  16.526582717895508  74.653755187988281
10142    71.134864807128906  17.706581115722656  74.414459228515625
10143    15.38731575012207  16.976972579956055  73.833847045898438
10144    16.098567962646484  17.067161560058594  74.378982543945312
10145    14.542594909667969  16.696609497070312  74.621208190917969
10146    14.40770149230957  16.659791946411133  73.889030456542969
10147    12.997926712036133  17.367853164672852  75.355827331542969
10148    -0.16115120053291321  17.723163604736328  74.784774780273438
10149    0.19310739636421204  16.625158309936523  74.892074584960938
10150    0.38789379596710205  35.416130065917969  81.002174377441406
10151    65.267608642578125  15.360539436340332  74.520072937011719
10152    64.415969848632812  15.683050155639648  74.573257446289062
10153    63.872959136962891  16.450876235961914  74.870811462402344
10154    63.980270385742188  35.769977569580078  81.069244384765625
10155    66.018455505371094  34.543464660644531  81.974777221679688
10156    8.1675643920898438  36.067680358886719  74.336822509765625
10157    7.9264159202575684  26.463253021240234  72.812454223632812
10158    7.8455147743225098  27.618518829345703  70.016921997070312
10159    7.7710509300231934  29.725532531738281  72.945213317871094
10160    7.8291831016540527  26.808731079101562  74.866477966308594
10161    8.6525793075561523  36.453220367431641  74.194450378417969
10162    7.9267783164978027  25.618452072143555  74.343399047851562
10163    8.892486572265625  36.857856750488281  74.907310485839844
10164    21.219892501831055  22.882226943969727  74.840179443359375
10165    20.145578384399414  23.099571228027344  74.578483581542969
10166    18.760089874267578  23.269990921020508  74.422950744628906
10167    22.578329086303711  22.737693786621094  74.579109191894531
10168    7.7656431198120117  32.823627471923828  73.5509033203125
10169    17.431980133056641  23.381690979003906  74.342849731445312
10170    24.948738098144531  21.969409942626953  74.266586303710938
10171    24.854557037353516  22.455913543701172  73.960350036621094
10172    24.190858840942383  22.146005630493164  74.522857666015625
10173    23.877325057983398  22.644569396972656  74.153976440429688
10174    23.360639572143555  22.374977111816406  74.759254455566406
10175    22.600662231445312  22.322446823120117  75.310813903808594
10176    10.489892959594727  37.394554138183594  75.23870849609375
10177    15.221929550170898  37.500556945800781  74.914756774902344
10178    13.373205184936523  37.794040679931641  75.040351867675781
10179    14.281898498535156  37.463268280029297  74.757186889648438
10180    12.05766773223877  37.714248657226562  75.106796264648438
10181    9.4143276214599609  37.162540435791016  75.23956298828125
10182    22.328088760375977  40.569229125976562  74.446952819824219
10183    16.572174072265625  37.346199035644531  74.571258544921875
10184    21.007207870483398  38.116153717041016  74.876213073730469
10185    19.907075881958008  37.724494934082031  74.668571472167969
10186    18.253988265991211  37.456039428710938  74.596046447753906
10187    7.8374300003051758  34.617824554443359  74.825828552246094
10188    7.9743595123291016  35.292095184326172  73.719902038574219
10189    12.478878974914551  19.479530334472656  75.732261657714844
10190    12.37939453125  20.536788940429688  75.867156982421875
10191    16.932762145996094  17.132625579833984  74.515861511230469
10192    18.078422546386719  17.257038116455078  74.397209167480469
10193    24.465337753295898  20.486095428466797  74.835357666015625
10194    23.870445251464844  20.973472595214844  75.29583740234375
10195    24.068008422851562  20.111564636230469  75.169540405273438
10196    24.58293342590332  19.823978424072266  74.684196472167969
10197    19.600971221923828  17.273540496826172  74.476875305175781
10198    12.643998146057129  18.356130599975586  75.5654296875
10199    70.279556274414062  15.537364959716797  75.089836120605469
10200    12.318045616149902  21.491416931152344  75.880027770996094
10201    12.324384689331055  22.301218032836914  75.686187744140625
10202    22.817869186401367  17.968208312988281  74.5657958984375
10203    22.147769927978516  17.497951507568359  75.008895874023438
10204    21.010873794555664  17.278993606567383  74.811065673828125
10205    8.4378976821899414  15.208722114562988  74.666427612304688
10206    16.475900650024414  17.29420280456543  73.887680053710938
10207    63.561447143554688  17.362892150878906  74.738166809082031
10208    12.498129844665527  16.252317428588867  74.1494140625
10209    24.197685241699219  19.188209533691406  74.713943481445312
10210    24.706081390380859  18.691843032836914  73.971183776855469
10211    24.972332000732422  19.274528503417969  74.267005920410156
10212    23.745622634887695  18.366909027099609  74.030082702636719
10213    8.2594184875488281  24.529321670532227  74.859748840332031
10214    8.0192584991455078  25.000949859619141  74.608444213867188
10215    25.364677429199219  20.283109664916992  74.263916015625
10216    24.552886962890625  21.329946517944336  74.66619873046875
10217    23.468484878540039  21.821945190429688  75.207237243652344
10218    10.38884162902832  23.342445373535156  75.165092468261719
10219    9.7693958282470703  23.556369781494141  74.963882446289062
10220    14.207432746887207  23.194997787475586  74.925834655761719
10221    25.25373649597168  18.853219985961914  73.872901916503906
10222    11.292096138000488  23.249612808227539  75.031341552734375
10223    15.90864086151123  23.241533279418945  74.860626220703125
10224    12.651364326477051  23.003128051757812  75.134323120117188
10225    12.786466598510742  39.595100402832031  80.421913146972656
10226    12.319705009460449  39.371055603027344  79.589073181152344
10227    13.425739288330078  39.288997650146484  79.648200988769531
10228    14.307816505432129  39.432865142822266  80.329109191894531
10229    11.497714042663574  39.633701324462891  80.3802490234375
10230    11.176434516906738  39.319789886474609  79.498550415039062
10231    10.519692420959473  39.568283081054688  80.289215087890625
10232    10.055229187011719  39.265068054199219  79.701675415039062
10233    9.5630607604980469  39.586040496826172  80.591018676757812
10234    9.1441078186035156  39.113567352294922  79.837738037109375
10235    14.301481246948242  39.154308319091797  79.611900329589844
10236    15.015095710754395  39.136997222900391  79.811668395996094
10237    25.49760627746582  41.971672058105469  79.350975036621094
10238    25.362030029296875  42.997276306152344  79.259910583496094
10239    25.251510620117188  42.177093505859375  80.141700744628906
10240    25.461137771606445  41.425151824951172  79.667617797851562
10241    25.320793151855469  41.146442413330078  80.129989624023438
10242    18.608436584472656  45.561023712158203  80.072860717773438
10243    19.15980339050293  45.528152465820312  79.037353515625
10244    17.368728637695312  45.737785339355469  79.174468994140625
10245    17.159439086914062  45.741966247558594  80.29583740234375
10246    15.261374473571777  46.491260528564453  80.694816589355469
10247    16.12110710144043  46.127357482910156  79.946670532226562
10248    15.110346794128418  46.849086761474609  79.578804016113281
10249    17.383197784423828  39.021827697753906  79.627914428710938
10250    17.430292129516602  39.515789031982422  80.679359436035156
10251    15.892187118530273  39.285091400146484  80.224235534667969
10252    21.628156661987305  39.276657104492188  79.742156982421875
10253    22.522705078125  39.400634765625  79.449592590332031
10254    21.888101577758789  39.598869323730469  80.234992980957031
10255    21.776567459106445  39.137828826904297  79.200180053710938
10256    21.014715194702148  39.388996124267578  80.13739013671875
10257    20.675125122070312  39.874240875244141  80.833282470703125
10258    19.944868087768555  39.318832397460938  80.161506652832031
10259    19.114673614501953  39.617599487304688  80.770210266113281
10260    18.637105941772461  39.245437622070312  80.159751892089844
10261    22.842340469360352  39.728317260742188  80.105339050292969
10262    15.063749313354492  38.947990417480469  79.129264831542969
10263    19.261581420898438  38.943485260009766  79.336097717285156
10264    15.913466453552246  38.988918304443359  79.502243041992188
10265    7.9961214065551758  37.111316680908203  79.135063171386719
10266    8.3269948959350586  38.193004608154297  79.274208068847656
10267    8.0838861465454102  37.741455078125  80.115402221679688
10268    7.7486262321472168  34.928356170654297  79.302337646484375
10269    23.622274398803711  40.026111602783203  80.255950927734375
10270    23.529331207275391  39.692253112792969  79.529052734375
10271    24.342529296875  40.019447326660156  79.625556945800781
10272    24.462936401367188  40.298446655273438  80.301956176757812
10273    63.894393920898438  46.060722351074219  79.837333679199219
10274    64.448455810546875  47.442962646484375  79.875785827636719
10275    63.953643798828125  46.401210784912109  78.874267578125
10276    13.58049201965332  48.049030303955078  79.677452087402344
10277    13.493878364562988  48.066638946533203  80.463096618652344
10278    14.341325759887695  47.665962219238281  80.012306213378906
10279    14.174089431762695  47.75823974609375  80.727455139160156
10280    11.807287216186523  48.288822174072266  80.006744384765625
10281    24.850728988647461  44.13818359375  79.079078674316406
10282    25.054838180541992  43.717388153076172  79.889907836914062
10283    25.186977386474609  43.167213439941406  80.142799377441406
10284    24.584758758544922  44.217063903808594  80.183586120605469
10285    23.876325607299805  44.514842987060547  80.732933044433594
10286    24.000791549682617  44.713863372802734  79.75799560546875
10287    3.1667556762695312  48.014381408691406  80.429306030273438
10288    5.2827019691467285  48.410121917724609  79.962066650390625
10289    3.2459597587585449  48.299949645996094  79.286880493164062
10290    1.254993200302124  47.418479919433594  79.8656005859375
10291    71.167762756347656  33.520660400390625  79.675033569335938
10292    71.140541076660156  41.99822998046875  79.504783630371094
10293    71.003211975097656  41.305229187011719  80.628898620605469
10294    23.09687614440918  45.112049102783203  79.402976989746094
10295    23.148849487304688  44.984207153320312  80.39886474609375
10296    22.049617767333984  45.257110595703125  80.14251708984375
10297    21.997888565063477  45.33709716796875  79.146553039550781
10298    21.084589004516602  45.424400329589844  79.821662902832031
10299    20.004865646362305  45.495243072509766  79.795967102050781
10300    63.558147430419922  34.165271759033203  79.919303894042969
10301    63.642372131347656  42.604415893554688  79.709327697753906
10302    63.412822723388672  37.594940185546875  78.77288818359375
10303    14.651795387268066  47.220970153808594  80.631439208984375
10304    25.317550659179688  40.791069030761719  79.601966857910156
10305    25.236669540405273  40.633750915527344  80.089874267578125
10306    24.962686538696289  40.349651336669922  79.813194274902344
10307    24.97877311706543  40.485988616943359  80.30242919921875
10308    0.32045003771781921  45.968757629394531  79.749847412109375
10309    0.38325053453445435  46.408542633056641  78.807472229003906
10310    70.832595825195312  46.162368774414062  79.4940185546875
10311    70.838462829589844  45.3365478515625  80.448692321777344
10312    -0.031559973955154419  42.295242309570312  79.44854736328125
10313    25.714418411254883  20.212860107421875  80.039314270019531
10314    26.167072296142578  20.199319839477539  79.373207092285156
10315    25.579706192016602  20.543846130371094  79.424301147460938
10316    26.205251693725586  19.880180358886719  79.874526977539062
10317    26.511600494384766  19.675649642944336  79.322662353515625
10318    26.407781600952148  19.165449142456055  79.892120361328125
10319    24.984516143798828  20.475658416748047  80.129653930664062
10320    24.76848030090332  20.772382736206055  79.439300537109375
10321    24.07403564453125  20.633913040161133  80.190895080566406
10322    23.766101837158203  20.96295166015625  79.413848876953125
10323    22.967290878295898  20.781332015991211  80.22943115234375
10324    22.556621551513672  21.207433700561523  79.401329040527344
10325    21.79924201965332  20.978570938110352  80.24652099609375
10326    21.377107620239258  21.342985153198242  79.699172973632812
10327    20.852376937866211  21.155332565307617  80.212608337402344
10328    20.728710174560547  21.602842330932617  79.176712036132812
10329    18.784429550170898  21.591232299804688  79.47833251953125
10330    20.335910797119141  21.404209136962891  79.818244934082031
10331    19.793270111083984  21.136096954345703  80.336845397949219
10332    18.395147323608398  21.062839508056641  80.577384948730469
10333    17.058296203613281  21.272735595703125  80.363502502441406
10334    9.851628303527832  21.077346801757812  80.483062744140625
10335    10.418232917785645  21.357994079589844  79.721565246582031
10336    9.449254035949707  21.496379852294922  79.782119750976562
10337    11.279243469238281  21.017910003662109  80.451194763183594
10338    8.8309812545776367  21.439132690429688  80.47015380859375
10339    8.7926101684570312  21.818027496337891  79.725410461425781
10340    8.0589427947998047  22.072525024414062  80.899078369140625
10341    8.2636642456054688  22.419658660888672  79.954673767089844
10342    16.528764724731445  21.571556091308594  79.690010070800781
10343    15.244305610656738  21.193046569824219  80.483154296875
10344    14.87340259552002  21.623361587524414  79.406463623046875
10345    14.247067451477051  21.770242691040039  78.864112854003906
10346    13.363266944885254  21.573911666870117  79.10455322265625
10347    7.9830322265625  23.26445198059082  79.754753112792969
10348    7.8077268600463867  23.888710021972656  80.29754638671875
10349    7.8715553283691406  24.228647232055664  79.5177001953125
10350    7.9223198890686035  24.49421501159668  78.692344665527344
10351    7.6659736633300781  27.037668228149414  79.450172424316406
10352    12.258807182312012  21.334182739257812  79.651893615722656
10353    13.231386184692383  21.147739410400391  80.364761352539062
10354    11.386567115783691  21.400253295898438  79.38702392578125
10355    -0.34254485368728638  24.707786560058594  78.011978149414062
10356    -0.14505136013031006  33.210258483886719  79.717582702636719
10357    7.7519187927246094  28.466861724853516  76.828033447265625
10358    7.6616048812866211  31.193241119384766  78.707450866699219
10359    8.6543769836425781  39.059482574462891  80.519775390625
10360    8.5397844314575195  38.732280731201172  79.863967895507812
10361    20.810287475585938  39.079654693603516  79.458488464355469
10362    71.354522705078125  27.071731567382812  77.484512329101562
10363    71.197273254394531  22.921075820922852  79.252609252929688
10364    63.487815856933594  25.087579727172852  79.487762451171875
10365    63.363517761230469  27.804405212402344  77.748687744140625
10366    -0.22785656154155731  23.980684280395508  79.493385314941406
10367    21.777656555175781  21.496547698974609  79.065261840820312
10368    21.554412841796875  21.688518524169922  78.40008544921875
10369    20.334846496582031  21.864259719848633  78.388565063476562
10370    18.962440490722656  22.056882858276367  78.155540466308594
10371    16.873489379882812  21.980096817016602  78.5582275390625
10372    22.492698669433594  21.454784393310547  78.458580017089844
10373    13.975105285644531  21.87251091003418  78.289512634277344
10374    13.092585563659668  21.699075698852539  78.076812744140625
10375    11.449132919311523  21.602069854736328  78.635635375976562
10376    11.088065147399902  21.771507263183594  78.281341552734375
10377    10.787810325622559  21.611246109008789  78.934471130371094
10378    10.431687355041504  21.914999008178711  78.320480346679688
10379    7.7671527862548828  33.119342803955078  76.552314758300781
10380    9.9471340179443359  21.704999923706055  79.054222106933594
10381    8.1735973358154297  23.106101989746094  79.107101440429688
10382    12.230857849121094  21.547178268432617  78.635307312011719
10383    9.1350641250610352  21.924238204956055  79.102226257324219
10384    8.5643320083618164  22.259510040283203  79.26446533203125
10385    9.5871810913085938  22.146169662475586  78.314399719238281
10386    8.7440080642700195  22.54987907409668  78.420120239257812
10387    26.065576553344727  20.36737060546875  78.656150817871094
10388    26.477712631225586  19.884195327758789  78.651420593261719
10389    25.416206359863281  20.685670852661133  78.640518188476562
10390    24.55756950378418  20.912971496582031  78.569541931152344
10391    18.177408218383789  38.722797393798828  78.710334777832031
10392    19.318552017211914  38.676513671875  78.401397705078125
10393    16.546823501586914  38.698867797851562  78.499191284179688
10394    7.8590168952941895  25.599950790405273  77.815765380859375
10395    7.8914432525634766  35.957523345947266  78.14080810546875
10396    5.8614325523376465  12.30360221862793  80.257423400878906
10397    5.0461907386779785  12.17110538482666  79.444099426269531
10398    8.5207576751708984  12.188214302062988  79.279335021972656
10399    3.1700992584228516  12.494853973388672  80.103179931640625
10400    2.9955518245697021  12.360610961914062  79.122047424316406
10401    1.3977373838424683  13.05677604675293  79.780860900878906
10402    1.3715540170669556  12.827953338623047  78.795616149902344
10403    65.874252319335938  12.353734016418457  79.280853271484375
10404    67.026802062988281  12.162509918212891  79.190994262695312
10405    68.116020202636719  12.217405319213867  79.159370422363281
10406    64.678604125976562  12.847956657409668  78.85882568359375
10407    64.003028869628906  14.372111320495605  79.402557373046875
10408    24.387050628662109  15.914591789245605  79.703826904296875
10409    23.484624862670898  15.608329772949219  79.655303955078125
10410    24.383399963378906  15.890533447265625  78.666130065917969
10411    -0.22173960506916046  18.418691635131836  78.557418823242188
10412    71.078964233398438  16.554296493530273  78.689430236816406
10413    71.193252563476562  16.143314361572266  78.057510375976562
10414    71.300636291503906  18.925693511962891  77.99810791015625
10415    69.363937377929688  48.092624664306641  80.22479248046875
10416    69.039093017578125  48.335540771484375  79.031272888183594
10417    67.97216796875  48.291912078857422  80.167205810546875
10418    67.227767944335938  48.451446533203125  79.217964172363281
10419    66.439353942871094  48.258537292480469  80.23028564453125
10420    65.548904418945312  48.287441253662109  79.330429077148438
10421    65.286636352539062  48.009193420410156  80.332305908203125
10422    70.324363708496094  47.364837646484375  80.343101501464844
10423    70.189285278320312  47.819171905517578  79.422012329101562
10424    8.4037714004516602  48.429836273193359  79.866615295410156
10425    6.3682403564453125  48.502510070800781  79.117416381835938
10426    0.4135187566280365  14.26704216003418  79.360984802246094
10427    63.482978820800781  19.303037643432617  78.514938354492188
10428    63.691230773925781  15.693888664245605  78.832756042480469
10429    14.678243637084961  13.559902191162109  78.8646240234375
10430    15.270941734313965  14.256533622741699  78.405342102050781
10431    15.2459716796875  14.026679992675781  79.5347900390625
10432    0.017901692539453506  15.420557022094727  78.827598571777344
10433    26.428249359130859  17.175876617431641  79.304977416992188
10434    26.657009124755859  17.847949981689453  78.8857421875
10435    26.606466293334961  17.812889099121094  79.559272766113281
10436    71.335220336914062  19.537118911743164  76.730247497558594
10437    25.986207962036133  16.658832550048828  78.730323791503906
10438    25.99586296081543  16.679103851318359  79.654144287109375
10439    25.248804092407227  16.259998321533203  79.35504150390625
10440    23.522113800048828  21.161623001098633  78.382011413574219
10441    26.686830520629883  19.271350860595703  78.662086486816406
10442    26.671863555908203  19.091541290283203  79.232002258300781
10443    15.064985275268555  21.972936630249023  78.413139343261719
10444    26.736654281616211  18.582967758178711  78.720237731933594
10445    26.661798477172852  18.473041534423828  79.418235778808594
10446    16.014686584472656  14.582780838012695  78.943992614746094
10447    15.935595512390137  14.507672309875488  80.048019409179688
10448    20.302654266357422  15.242288589477539  80.068840026855469
10449    20.002490997314453  15.160456657409668  79.130210876464844
10450    21.286594390869141  15.251791000366211  79.207954406738281
10451    19.166036605834961  15.132916450500488  79.903099060058594
10452    18.617639541625977  15.07393741607666  79.168937683105469
10453    17.104608535766602  14.880100250244141  79.344322204589844
10454    16.738855361938477  14.866936683654785  80.381790161132812
10455    9.5723199844360352  40.026046752929688  81.245986938476562
10456    8.8755741119384766  39.676254272460938  81.180801391601562
10457    19.502050399780273  39.946292877197266  81.151039123535156
10458    24.669368743896484  40.753746032714844  80.655815124511719
10459    25.123752593994141  40.809299468994141  80.413101196289062
10460    23.773820877075195  40.612171173095703  80.885086059570312
10461    22.488752365112305  40.178882598876953  80.798477172851562
10462    24.920511245727539  17.004110336303711  80.861099243164062
10463    24.716047286987305  17.626947402954102  81.161834716796875
10464    26.105920791625977  17.767200469970703  80.466201782226562
10465    26.208440780639648  17.190887451171875  80.31317138671875
10466    26.435245513916016  17.481611251831055  79.99609375
10467    26.305337905883789  16.997289657592773  79.948272705078125
10468    25.345443725585938  17.952695846557617  80.895927429199219
10469    25.754632949829102  17.180625915527344  80.571128845214844
10470    26.031219482421875  16.855945587158203  80.206794738769531
10471    25.504161834716797  16.636058807373047  80.216217041015625
10472    24.701877593994141  16.280275344848633  80.319358825683594
10473    25.969621658325195  18.678709030151367  80.506385803222656
10474    25.193550109863281  19.068849563598633  80.873443603515625
10475    24.163393020629883  19.539566040039062  81.084968566894531
10476    26.445812225341797  18.239723205566406  80.038116455078125
10477    17.127328872680664  15.205500602722168  81.023674011230469
10478    17.925790786743164  15.060476303100586  80.157585144042969
10479    18.926279067993164  15.404360771179199  80.830032348632812
10480    15.781582832336426  14.734980583190918  81.002975463867188
10481    14.884645462036133  13.948636054992676  80.739067077636719
10482    23.129613876342773  15.636910438537598  80.6329345703125
10483    23.486537933349609  15.890305519104004  81.001823425292969
10484    22.959390640258789  15.811310768127441  81.166061401367188
10485    23.898548126220703  15.882278442382812  80.444557189941406
10486    22.150924682617188  15.667092323303223  80.956802368164062
10487    22.598258972167969  15.448581695556641  80.188743591308594
10488    21.608484268188477  15.349208831787109  80.158416748046875
10489    20.668033599853516  15.592196464538574  80.941619873046875
10490    17.250429153442383  20.940759658813477  80.902755737304688
10491    16.235626220703125  20.97895622253418  80.902854919433594
10492    17.964916229248047  20.522714614868164  81.244857788085938
10493    10.220163345336914  20.632797241210938  81.123886108398438
10494    9.2507162094116211  20.759885787963867  81.100509643554688
10495    8.5336246490478516  21.061969757080078  81.147773742675781
10496    24.389621734619141  20.234212875366211  80.654975891113281
10497    23.386171340942383  20.204038619995117  80.87664794921875
10498    25.84320068359375  19.589864730834961  80.38250732421875
10499    25.110332489013672  19.944780349731445  80.6083984375
10500    22.047626495361328  20.434053421020508  80.865371704101562
10501    20.802066802978516  20.74017333984375  80.726600646972656
10502    19.4644775390625  20.616428375244141  80.995216369628906
10503    70.706871032714844  14.362139701843262  79.262763977050781
10504    8.4705314636230469  12.247025489807129  80.387840270996094
10505    14.060799598693848  12.895983695983887  79.299148559570312
10506    13.049383163452148  12.437484741210938  79.723190307617188
10507    11.636865615844727  12.268993377685547  79.218475341796875
10508    22.446399688720703  15.380264282226562  79.342361450195312
10509    69.335372924804688  12.413674354553223  79.140090942382812
10510    70.093109130859375  12.955255508422852  79.683845520019531
10511    24.858301162719727  43.653621673583984  80.503776550292969
10512    24.948087692260742  42.980537414550781  80.613975524902344
10513    24.411283493041992  44.012176513671875  80.791984558105469
10514    24.476041793823242  43.362560272216797  80.983367919921875
10515    24.534713745117188  42.305919647216797  80.960700988769531
10516    20.167430877685547  45.180751800537109  80.813102722167969
10517    17.830673217773438  45.416103363037109  80.975852966308594
10518    16.154949188232422  45.769344329833984  81.018287658691406
10519    15.015833854675293  46.076210021972656  81.391387939453125
10520    24.25288200378418  41.316574096679688  81.050712585449219
10521    24.947238922119141  41.380355834960938  80.618385314941406
10522    64.024604797363281  45.524188995361328  80.50335693359375
10523    13.586955070495605  47.882675170898438  81.055389404296875
10524    14.052181243896484  47.431915283203125  81.220260620117188
10525    12.275376319885254  47.991439819335938  81.000404357910156
10526    9.6197795867919922  47.951492309570312  80.908393859863281
10527    64.708175659179688  46.936164855957031  80.845306396484375
10528    5.8741092681884766  47.798286437988281  80.885635375976562
10529    69.643379211425781  47.263362884521484  81.028953552246094
10530    68.474365234375  47.532543182373047  81.014144897460938
10531    70.391716003417969  46.588924407958984  80.986900329589844
10532    70.640304565429688  44.314399719238281  81.158447265625
10533    67.103507995605469  47.5115966796875  81.014976501464844
10534    65.762603759765625  47.324378967285156  81.014572143554688
10535    23.133682250976562  44.746299743652344  81.0498046875
10536    63.878105163574219  41.341156005859375  80.794670104980469
10537    14.485392570495605  46.739784240722656  81.306800842285156
10538    0.24999837577342987  41.055419921875  80.701423645019531
10539    22.156070709228516  44.942211151123047  80.982261657714844
10540    0.48918509483337402  45.407829284667969  80.443954467773438
10541    3.1847584247589111  47.211528778076172  81.180572509765625
10542    1.5774145126342773  46.894264221191406  80.890037536621094
10543    14.074399948120117  39.049365997314453  78.912567138671875
10544    70.772987365722656  41.548130035400391  81.215896606445312
10545    5.5470714569091797  12.307954788208008  78.548698425292969
10546    5.6652383804321289  12.848956108093262  77.519790649414062
10547    8.6910810470581055  12.504427909851074  78.044303894042969
10548    2.6351752281188965  12.86174201965332  77.658500671386719
10549    3.0366132259368896  12.516802787780762  78.22564697265625
10550    3.0104947090148926  13.440065383911133  77.102256774902344
10551    1.2588944435119629  13.403327941894531  77.675102233886719
10552    1.1633205413818359  14.160087585449219  77.208091735839844
10553    8.3885364532470703  13.503409385681152  76.813179016113281
10554    5.5384836196899414  13.460474967956543  76.84747314453125
10555    66.367355346679688  12.751409530639648  77.619644165039062
10556    65.208999633789062  12.839888572692871  77.693031311035156
10557    65.441917419433594  13.403509140014648  77.157310485839844
10558    64.486175537109375  13.437074661254883  77.695419311523438
10559    64.382102966308594  14.217793464660645  77.243736267089844
10560    69.890167236328125  12.970656394958496  77.957313537597656
10561    69.971839904785156  13.551518440246582  77.392829895019531
10562    70.564826965332031  13.886481285095215  78.240249633789062
10563    70.849159240722656  14.793350219726562  77.6766357421875
10564    69.214523315429688  12.900632858276367  77.580879211425781
10565    68.677001953125  13.28621768951416  77.076271057128906
10566    1.4921762943267822  12.830689430236816  78.087722778320312
10567    0.5616181492805481  13.596349716186523  78.405937194824219
10568    64.678848266601562  12.840180397033691  78.114265441894531
10569    65.561111450195312  12.506044387817383  78.258956909179688
10570    64.092864990234375  13.674652099609375  78.426734924316406
10571    13.039746284484863  12.565286636352539  78.748947143554688
10572    12.787282943725586  12.794295310974121  78.003501892089844
10573    13.887883186340332  13.125394821166992  78.282966613769531
10574    11.297595024108887  12.865584373474121  77.610877990722656
10575    11.243847846984863  12.429875373840332  78.400718688964844
10576    9.2029047012329102  12.979060173034668  77.330108642578125
10577    67.515899658203125  40.088199615478516  81.915046691894531
10578    5.9237451553344727  42.943580627441406  81.951927185058594
10579    15.934932708740234  15.145767211914062  77.232704162597656
10580    17.112974166870117  15.308598518371582  77.474868774414062
10581    16.002872467041016  14.82719898223877  77.952949523925781
10582    16.787559509277344  14.956238746643066  78.369331359863281
10583    17.985860824584961  15.153186798095703  78.297660827636719
10584    13.162049293518066  13.429910659790039  77.41827392578125
10585    11.293257713317871  13.572644233703613  76.927764892578125
10586    67.106681823730469  13.249814987182617  77.032730102539062
10587    0.24228078126907349  14.925804138183594  77.904884338378906
10588    -0.10440601408481598  16.449176788330078  77.791717529296875
10589    15.225520133972168  14.659025192260742  77.478485107421875
10590    67.965118408203125  12.75434398651123  77.593482971191406
10591    68.915611267089844  12.504509925842285  78.281867980957031
10592    67.11199951171875  12.342949867248535  78.414726257324219
10593    70.057586669921875  12.926939964294434  78.69775390625
10594    63.823005676269531  15.162740707397461  77.906333923339844
10595    14.468926429748535  13.922297477722168  77.739547729492188
10596    70.170707702636719  40.573944091796875  81.569313049316406
10597    69.916542053222656  45.243507385253906  81.458366394042969
10598    69.175949096679688  42.425495147705078  81.792213439941406
10599    4.4252119064331055  45.693305969238281  81.600799560546875
10600    2.0859837532043457  45.109043121337891  81.487159729003906
10601    7.6853327751159668  46.548679351806641  81.586273193359375
10602    68.798995971679688  45.450336456298828  81.563934326171875
10603    67.669235229492188  45.796649932861328  81.525115966796875
10604    66.408119201660156  45.111492156982422  81.569328308105469
10605    65.1064453125  45.037559509277344  81.445701599121094
10606    65.618812561035156  40.566635131835938  81.790374755859375
10607    2.9778604507446289  41.033149719238281  81.80950927734375
10608    9.4377326965332031  45.182830810546875  81.983840942382812
10609    10.851550102233887  47.224861145019531  81.571670532226562
10610    12.11162281036377  46.605064392089844  81.873771667480469
10611    0.85794985294342041  44.656196594238281  81.152252197265625
10612    64.313705444335938  44.739791870117188  81.162887573242188
10613    12.948772430419922  47.494678497314453  81.4912109375
10614    13.571671485900879  46.874706268310547  81.687690734863281
10615    64.481201171875  40.871688842773438  81.464286804199219
10616    1.097562313079834  40.793388366699219  81.447334289550781
10617    13.876435279846191  45.966407775878906  81.815284729003906
10618    13.000992774963379  46.324047088623047  81.936553955078125
10619    -0.41276660561561584  26.533239364624023  72.120376586914062
10620    8.3869333267211914  37.313472747802734  77.149993896484375
10621    8.9712047576904297  37.786277770996094  77.1304931640625
10622    7.9920196533203125  24.294424057006836  77.948013305664062
10623    10.794985771179199  22.38673210144043  76.890815734863281
10624    10.106614112854004  22.673698425292969  76.805328369140625
10625    20.346668243408203  22.145269393920898  77.429168701171875
10626    21.441831588745117  21.898916244506836  77.527999877929688
10627    19.315036773681641  22.307403564453125  77.314338684082031
10628    8.5419893264770508  23.247734069824219  77.3482666015625
10629    8.2487192153930664  23.416675567626953  78.058860778808594
10630    17.099845886230469  22.486841201782227  77.037002563476562
10631    10.91767406463623  38.665885925292969  77.71392822265625
10632    10.040072441101074  38.46185302734375  77.858772277832031
10633    10.511470794677734  38.249465942382812  77.127532958984375
10634    9.7360820770263672  38.036937713623047  77.111961364746094
10635    9.2251358032226562  38.25592041015625  77.911155700683594
10636    24.91362190246582  40.397758483886719  78.835639953613281
10637    7.9903130531311035  36.020057678222656  76.725440979003906
10638    11.132246017456055  38.454948425292969  76.995491027832031
10639    18.391439437866211  38.443759918212891  77.560089111328125
10640    8.6294479370117188  37.906246185302734  77.839073181152344
10641    14.682860374450684  38.673973083496094  77.256240844726562
10642    15.895028114318848  38.474422454833984  77.465309143066406
10643    21.375259399414062  38.889602661132812  77.961906433105469
10644    20.186513900756836  38.628459930419922  77.679862976074219
10645    16.949010848999023  38.413116455078125  77.543571472167969
10646    25.900533676147461  20.390781402587891  77.906402587890625
10647    26.348640441894531  19.959753036499023  77.9393310546875
10648    25.214578628540039  20.655776977539062  77.816452026367188
10649    23.270280838012695  15.599445343017578  78.541549682617188
10650    22.957118988037109  15.784832000732422  77.639480590820312
10651    23.896486282348633  15.877143859863281  77.848846435546875
10652    21.62242317199707  15.673338890075684  77.510910034179688
10653    22.14558219909668  15.443821907043457  78.366065979003906
10654    20.337709426879883  15.527984619140625  77.578041076660156
10655    20.885589599609375  15.334208488464355  78.28375244140625
10656    18.927316665649414  15.511326789855957  77.443893432617188
10657    19.496025085449219  15.258102416992188  78.260894775390625
10658    71.243644714355469  16.946321487426758  77.25396728515625
10659    71.173698425292969  16.043291091918945  77.61602783203125
10660    63.464412689208984  19.511835098266602  77.593612670898438
10661    63.561695098876953  16.956178665161133  77.768829345703125
10662    26.625650405883789  18.021438598632812  78.104911804199219
10663    26.693958282470703  18.740671157836914  78.12884521484375
10664    24.393835067749023  20.864511489868164  77.653678894042969
10665    23.679752349853516  21.051807403564453  77.331878662109375
10666    24.700494766235352  16.163995742797852  77.620170593261719
10667    25.357303619384766  16.304752349853516  78.186943054199219
10668    11.708114624023438  21.702142715454102  77.769363403320312
10669    12.451436996459961  21.545501708984375  77.511787414550781
10670    26.418722152709961  17.253803253173828  78.324790954589844
10671    -0.22424180805683136  18.539081573486328  77.670249938964844
10672    10.974048614501953  22.019817352294922  77.618438720703125
10673    16.06641960144043  22.251815795898438  77.729751586914062
10674    16.98223876953125  22.271467208862305  77.75323486328125
10675    14.790271759033203  22.245767593383789  77.359962463378906
10676    15.935295104980469  22.445980072021484  77.104660034179688
10677    13.782665252685547  22.121368408203125  76.945625305175781
10678    13.686611175537109  21.938560485839844  77.586868286132812
10679    8.6335554122924805  22.892875671386719  77.778289794921875
10680    9.2416105270385742  22.752361297607422  77.335807800292969
10681    10.180978775024414  22.30653190612793  77.566116333007812
10682    22.352941513061523  21.598960876464844  77.621841430664062
10683    23.045166015625  21.344427108764648  77.730918884277344
10684    13.060221672058105  21.7138671875  77.056686401367188
10685    18.010404586791992  22.290138244628906  77.610008239746094
10686    26.586090087890625  19.324909210205078  77.97613525390625
10687    70.146705627441406  48.004608154296875  78.656349182128906
10688    70.704322814941406  47.080223083496094  78.619216918945312
10689    64.555122375488281  47.883968353271484  78.950447082519531
10690    10.715850830078125  48.393974304199219  78.894248962402344
10691    8.5592126846313477  48.522258758544922  79.030227661132812
10692    9.5795803070068359  38.784843444824219  78.839057922363281
10693    15.959064483642578  46.120639801025391  78.744956970214844
10694    12.125838279724121  39.210369110107422  78.568443298339844
10695    13.121705055236816  39.187679290771484  78.753936767578125
10696    11.289321899414062  39.101718902587891  78.721717834472656
10697    11.579958915710449  39.005039215087891  78.020584106445312
10698    10.566638946533203  39.037723541259766  78.952278137207031
10699    8.8016958236694336  38.734066009521484  79.314239501953125
10700    22.354270935058594  39.193649291992188  78.426399230957031
10701    21.393207550048828  38.978080749511719  78.757575988769531
10702    25.428979873657227  41.252941131591797  79.015281677246094
10703    24.154148101806641  39.832073211669922  78.938003540039062
10704    8.2084770202636719  37.424629211425781  78.211463928222656
10705    8.7280235290527344  38.314929962158203  78.599761962890625
10706    71.297172546386719  37.539501190185547  77.82855224609375
10707    23.414588928222656  39.536594390869141  78.666610717773438
10708    20.432981491088867  38.823905944824219  78.620803833007812
10709    25.502845764160156  42.047252655029297  78.607398986816406
10710    25.471294403076172  42.799114227294922  78.289222717285156
10711    14.969671249389648  38.788185119628906  78.222465515136719
10712    10.959685325622559  38.914230346679688  78.38909912109375
10713    10.403587341308594  38.774650573730469  78.374404907226562
10714    63.553104400634766  42.880683898925781  78.373725891113281
10715    14.255533218383789  47.539752960205078  78.891700744628906
10716    71.10101318359375  44.266094207763672  78.230911254882812
10717    20.710512161254883  45.444869995117188  79.003326416015625
10718    12.996218681335449  48.134750366210938  78.962760925292969
10719    1.3391687870025635  47.884933471679688  78.926925659179688
10720    -0.094078861176967621  43.293136596679688  78.229377746582031
10721    25.325050354003906  43.557731628417969  78.371170043945312
10722    25.116828918457031  44.085643768310547  78.223899841308594
10723    24.715042114257812  44.391624450683594  78.202789306640625
10724    6.5176610946655273  45.359024047851562  69.011497497558594
10725    5.2285804748535156  45.464588165283203  69.164695739746094
10726    6.0092902183532715  45.201057434082031  69.701454162597656
10727    67.690635681152344  45.458873748779297  69.337615966796875
10728    66.350494384765625  45.43646240234375  69.263320922851562
10729    66.906845092773438  45.190803527832031  70.009017944335938
10730    65.367103576660156  44.982448577880859  70.002876281738281
10731    64.99359130859375  45.188678741455078  69.072288513183594
10732    1.9266409873962402  45.10809326171875  69.808616638183594
10733    1.203344464302063  45.249111175537109  69.038871765136719
10734    0.71091026067733765  44.771965026855469  69.551559448242188
10735    0.24078422784805298  44.676849365234375  68.689132690429688
10736    7.0393862724304199  45.163463592529297  69.316741943359375
10737    69.058158874511719  45.495578765869141  68.901542663574219
10738    68.388015747070312  45.205341339111328  69.897666931152344
10739    4.795860767364502  45.205810546875  69.929428100585938
10740    3.9810440540313721  45.311855316162109  69.710456848144531
10741    3.3597455024719238  45.55108642578125  69.093978881835938
10742    3.1093904972076416  45.264812469482422  69.792335510253906
10743    2.0639541149139404  45.449821472167969  69.149360656738281
10744    11.165828704833984  56.575298309326172  68.954971313476562
10745    23.116209030151367  56.446918487548828  68.955894470214844
10746    16.692850112915039  57.1094970703125  69.33099365234375
10747    31.825338363647461  57.104515075683594  69.364791870117188
10748    5.0222539901733398  56.512847900390625  68.508537292480469
10749    7.0761909484863281  57.094245910644531  69.1160888671875
10750    64.391555786132812  44.634628295898438  69.548896789550781
10751    63.988021850585938  44.477611541748047  68.572319030761719
10752    70.673591613769531  44.517612457275391  69.179939270019531
10753    70.218215942382812  45.125995635986328  68.771286010742188
10754    69.686294555664062  45.029037475585938  69.676658630371094
10755    63.784812927246094  43.579120635986328  69.307106018066406
10756    64.366188049316406  44.401142120361328  70.296409606933594
10757    13.324932098388672  44.025798797607422  69.898414611816406
10758    13.416452407836914  44.215675354003906  70.890823364257812
10759    14.004395484924316  43.869338989257812  70.207290649414062
10760    14.308370590209961  43.884292602539062  71.044586181640625
10761    12.308762550354004  44.389244079589844  70.354690551757812
10762    12.689682006835938  44.084171295166016  69.487129211425781
10763    11.863800048828125  44.244281768798828  69.209869384765625
10764    10.919398307800293  44.570384979248047  69.90185546875
10765    11.180830001831055  44.448051452636719  69.129058837890625
10766    10.615050315856934  44.530551910400391  68.96466064453125
10767    7.9608159065246582  44.854042053222656  70.465126037597656
10768    9.4999752044677734  44.71710205078125  69.421821594238281
10769    8.0626487731933594  44.966175079345703  69.190071105957031
10770    6.7729101181030273  45.004428863525391  70.093154907226562
10771    5.1886639595031738  45.023799896240234  70.487869262695312
10772    71.213035583496094  42.311531066894531  69.748374938964844
10773    70.805130004882812  43.953971862792969  70.217079162597656
10774    65.001007080078125  44.701793670654297  70.79119873046875
10775    66.056243896484375  44.920257568359375  70.781837463378906
10776    70.062454223632812  44.641666412353516  70.457206726074219
10777    68.91949462890625  44.929271697998047  70.645866394042969
10778    2.7121341228485107  57.043613433837891  68.554801940917969
10779    67.499954223632812  45.000095367431641  70.746597290039062
10780    63.582744598388672  43.438358306884766  68.35595703125
10781    41.983325958251953  56.383678436279297  68.907821655273438
10782    48.947288513183594  57.218788146972656  69.329147338867188
10783    3.30863356590271  45.040031433105469  70.446250915527344
10784    28.183650970458984  37.595554351806641  69.963905334472656
10785    29.086385726928711  37.866428375244141  69.746994018554688
10786    28.265403747558594  38.603668212890625  70.210243225097656
10787    24.910573959350586  41.385688781738281  70.224319458007812
10788    25.570466995239258  41.608676910400391  68.96484375
10789    24.164213180541992  41.613956451416016  69.875595092773438
10790    30.534152984619141  38.446083068847656  69.309410095214844
10791    30.584075927734375  37.718555450439453  69.202789306640625
10792    30.976634979248047  37.981163024902344  68.902877807617188
10793    30.738361358642578  37.368495941162109  68.904144287109375
10794    29.652412414550781  37.115428924560547  69.182403564453125
10795    30.036575317382812  37.80908203125  69.443077087402344
10796    27.355339050292969  37.167446136474609  69.961105346679688
10797    26.878267288208008  36.368850708007812  69.1163330078125
10798    28.446182250976562  36.897956848144531  69.3388671875
10799    29.754528045654297  38.793666839599609  69.698272705078125
10800    29.062501907348633  38.684780120849609  69.966987609863281
10801    30.334211349487305  37.291755676269531  69.120269775390625
10802    30.434114456176758  39.455314636230469  69.338676452636719
10803    29.830181121826172  39.777629852294922  69.62017822265625
10804    29.059600830078125  39.557456970214844  69.927047729492188
10805    13.815948486328125  35.73272705078125  70.073043823242188
10806    14.314095497131348  35.433967590332031  68.986312866210938
10807    15.745372772216797  35.550529479980469  69.163047790527344
10808    18.447231292724609  35.900081634521484  70.046829223632812
10809    19.645830154418945  35.757289886474609  69.377609252929688
10810    19.960832595825195  35.993480682373047  70.093620300292969
10811    16.586217880249023  35.796226501464844  69.931770324707031
10812    17.265365600585938  35.602710723876953  69.146354675292969
10813    18.146821975708008  35.713409423828125  69.446342468261719
10814    23.170360565185547  35.929042816162109  69.288436889648438
10815    23.701950073242188  36.162181854248047  69.736030578613281
10816    22.580440521240234  36.12640380859375  69.953155517578125
10817    21.51002311706543  35.892978668212891  69.496444702148438
10818    18.835886001586914  36.168220520019531  70.823799133300781
10819    20.997533798217773  36.353862762451172  70.840446472167969
10820    23.003896713256836  36.494480133056641  70.584281921386719
10821    24.534496307373047  36.554710388183594  70.167381286621094
10822    25.939748764038086  37.058650970458984  70.305282592773438
10823    25.584585189819336  36.414970397949219  69.602958679199219
10824    28.139814376831055  39.87255859375  70.188026428222656
10825    31.088090896606445  39.026039123535156  68.819816589355469
10826    16.064487457275391  42.883419036865234  69.344223022460938
10827    15.673696517944336  43.098102569580078  70.1214599609375
10828    63.533599853515625  41.653915405273438  69.218101501464844
10829    63.431858062744141  41.610931396484375  67.574905395507812
10830    15.28195858001709  42.943126678466797  68.9029541015625
10831    18.093557357788086  42.743621826171875  70.730499267578125
10832    18.2513427734375  42.668178558349609  69.208541870117188
10833    28.735271453857422  40.425750732421875  69.787757873535156
10834    28.892929077148438  41.021854400634766  69.127418518066406
10835    28.004858016967773  40.743827819824219  69.862525939941406
10836    15.091779708862305  43.482646942138672  71.180122375488281
10837    14.678282737731934  43.429447174072266  69.956008911132812
10838    -0.15652728080749512  44.046730041503906  68.727706909179688
10839    0.053087037056684494  44.050956726074219  69.531265258789062
10840    1.6765316724777222  44.779258728027344  70.714225769042969
10841    0.76293230056762695  44.517097473144531  70.335189819335938
10842    -0.28554651141166687  43.379409790039062  68.633811950683594
10843    -0.27046367526054382  42.755645751953125  69.480033874511719
10844    30.243560791015625  40.317867279052734  69.236053466796875
10845    23.319223403930664  41.818012237548828  69.495468139648438
10846    22.312673568725586  41.993900299072266  69.922630310058594
10847    30.851264953613281  40.065761566162109  68.871070861816406
10848    29.487205505371094  40.433528900146484  69.497611999511719
10849    30.59412956237793  40.664573669433594  68.780502319335938
10850    29.979896545410156  40.883693695068359  68.85772705078125
10851    27.838630676269531  41.230560302734375  69.332923889160156
10852    27.061452865600586  41.000400543212891  69.985824584960938
10853    25.907487869262695  41.172172546386719  70.167800903320312
10854    12.187356948852539  57.938148498535156  69.355972290039062
10855    4.9782595634460449  58.326934814453125  68.580238342285156
10856    4.3723201751708984  57.581092834472656  68.9354248046875
10857    1.4072072505950928  58.386970520019531  65.94512939453125
10858    1.6227893829345703  57.525791168212891  67.57666015625
10859    25.76268196105957  58.647041320800781  69.411827087402344
10860    23.960395812988281  57.739978790283203  69.540657043457031
10861    43.220184326171875  59.080062866210938  69.276100158691406
10862    38.485519409179688  57.995021820068359  69.534523010253906
10863    55.8287353515625  58.241542816162109  69.283500671386719
10864    13.069905281066895  59.054962158203125  68.977058410644531
10865    4.7040729522705078  59.238090515136719  67.80902099609375
10866    65.694190979003906  58.813182830810547  68.048370361328125
10867    65.33941650390625  57.864402770996094  68.744636535644531
10868    69.242759704589844  57.753070831298828  66.631256103515625
10869    1.3363559246063232  59.345088958740234  64.371307373046875
10870    61.63543701171875  57.2803955078125  69.168952941894531
10871    65.40179443359375  56.800636291503906  68.816650390625
10872    67.310195922851562  57.278602600097656  68.633087158203125
10873    57.576316833496094  56.591579437255859  68.93017578125
10874    68.361549377441406  56.8909912109375  68.061332702636719
10875    27.53227424621582  3.2877416610717773  69.401504516601562
10876    18.274637222290039  4.0756258964538574  68.992019653320312
10877    11.232532501220703  3.3853061199188232  69.195320129394531
10878    7.3064913749694824  3.9957571029663086  68.708641052246094
10879    34.485794067382812  4.1705999374389648  69.018150329589844
10880    4.1586813926696777  3.4446661472320557  68.79693603515625
10881    2.224778413772583  3.7069494724273682  67.798469543457031
10882    63.475357055664062  3.4508304595947266  68.909393310546875
10883    64.338874816894531  2.5309195518493652  68.69720458984375
10884    68.232551574707031  3.128157377243042  67.653030395507812
10885    68.928276062011719  2.1328315734863281  66.466278076171875
10886    57.932609558105469  3.6371655464172363  69.235679626464844
10887    56.658729553222656  3.0087254047393799  69.339744567871094
10888    47.155204772949219  3.6592624187469482  69.293975830078125
10889    42.948127746582031  2.6703510284423828  69.521934509277344
10890    6.4522213935852051  15.27685546875  69.058387756347656
10891    7.3374342918395996  15.369545936584473  68.666275024414062
10892    7.00604248046875  15.488326072692871  69.340713500976562
10893    5.1665234565734863  15.106287002563477  69.014198303222656
10894    5.9920864105224609  15.430002212524414  69.62738037109375
10895    57.432563781738281  4.1560730934143066  68.753898620605469
10896    46.563793182373047  4.248298168182373  68.957374572753906
10897    29.060718536376953  2.2993118762969971  69.569313049316406
10898    14.560542106628418  2.342792272567749  69.376045227050781
10899    5.0495328903198242  2.7707178592681885  68.826683044433594
10900    54.133663177490234  1.8400083780288696  69.118911743164062
10901    38.702888488769531  1.7607364654541016  69.38677978515625
10902    1.7600463628768921  3.0817725658416748  67.9970703125
10903    12.774951934814453  25.050649642944336  69.590034484863281
10904    11.068987846374512  25.022993087768555  69.990570068359375
10905    17.21367073059082  24.720270156860352  69.945854187011719
10906    17.378952026367188  24.944263458251953  69.152481079101562
10907    15.870135307312012  24.802331924438477  69.866836547851562
10908    13.995367050170898  25.126455307006836  69.130813598632812
10909    14.143791198730469  24.837549209594727  70.034309387207031
10910    15.110573768615723  24.613496780395508  70.628158569335938
10911    9.6190671920776367  25.290788650512695  69.562538146972656
10912    8.2270641326904297  25.709030151367188  70.87872314453125
10913    8.7729101181030273  25.398330688476562  70.210952758789062
10914    8.2670783996582031  25.932111740112305  69.618095397949219
10915    8.7497329711914062  25.622186660766602  69.111900329589844
10916    7.9916200637817383  26.434213638305664  70.114883422851562
10917    20.263496398925781  24.526506423950195  70.090431213378906
10918    18.845699310302734  24.765727996826172  69.546531677246094
10919    17.917770385742188  24.490320205688477  70.628585815429688
10920    19.485513687133789  24.231815338134766  71.213478088378906
10921    16.315179824829102  24.596481323242188  70.502716064453125
10922    27.220146179199219  23.480888366699219  70.767265319824219
10923    28.388706207275391  23.214118957519531  70.668807983398438
10924    28.180925369262695  23.566173553466797  70.038139343261719
10925    21.752618789672852  24.213991165161133  70.724494934082031
10926    30.189294815063477  21.477075576782227  69.502029418945312
10927    30.131771087646484  22.204374313354492  69.324691772460938
10928    29.824003219604492  22.184526443481445  70.267135620117188
10929    29.940681457519531  21.103799819946289  70.688735961914062
10930    29.766733169555664  22.852510452270508  69.478179931640625
10931    29.244804382324219  22.858852386474609  70.457366943359375
10932    27.198125839233398  23.973423004150391  69.624237060546875
10933    26.230314254760742  24.412378311157227  69.008819580078125
10934    25.137025833129883  24.151782989501953  69.949630737304688
10935    23.560102462768555  24.297496795654297  70.026657104492188
10936    22.524248123168945  24.593715667724609  69.438163757324219
10937    29.454021453857422  23.404298782348633  69.137535095214844
10938    29.033348083496094  23.313329696655273  69.844024658203125
10939    28.708225250244141  23.721115112304688  69.306831359863281
10940    24.606842041015625  24.562593460083008  69.071807861328125
10941    8.4328136444091797  34.707645416259766  69.024955749511719
10942    8.3900241851806641  34.843818664550781  70.153541564941406
10943    7.9638328552246094  33.976650238037109  70.41326904296875
10944    7.8508968353271484  34.034049987792969  72.511581420898438
10945    11.234824180603027  35.582180023193359  70.012763977050781
10946    11.169018745422363  35.345325469970703  69.223793029785156
10947    9.9793844223022461  35.534458160400391  70.220054626464844
10948    10.0589599609375  35.301986694335938  69.441360473632812
10949    9.2045364379882812  35.354911804199219  70.259223937988281
10950    8.9496898651123047  35.036117553710938  69.341438293457031
10951    20.846288681030273  24.825939178466797  69.031036376953125
10952    7.9820351600646973  15.652148246765137  69.064483642578125
10953    6.9589285850524902  15.670907020568848  69.999687194824219
10954    11.265284538269043  16.086362838745117  70.40185546875
10955    10.65345573425293  16.088747024536133  69.643600463867188
10956    12.039095878601074  16.348663330078125  69.577957153320312
10957    12.53001880645752  16.244623184204102  70.698989868164062
10958    3.133223295211792  15.441004753112793  69.946517944335938
10959    2.5444402694702148  15.696698188781738  70.64215087890625
10960    1.9541130065917969  15.552604675292969  70.043800354003906
10961    9.0691404342651367  15.899812698364258  69.510643005371094
10962    13.030685424804688  16.507482528686523  69.810691833496094
10963    69.974220275878906  15.473658561706543  69.388031005859375
10964    70.618766784667969  15.791101455688477  69.230758666992188
10965    70.301841735839844  15.880788803100586  69.926399230957031
10966    68.911895751953125  15.175764083862305  69.165382385253906
10967    69.426795959472656  15.604592323303223  69.999176025390625
10968    5.4397196769714355  15.586969375610352  70.22308349609375
10969    4.086359977722168  15.618971824645996  70.516342163085938
10970    4.6038494110107422  15.398694038391113  69.807884216308594
10971    66.714424133300781  15.424842834472656  69.938751220703125
10972    66.165290832519531  15.685211181640625  70.672073364257812
10973    65.608390808105469  15.5406494140625  70.037590026855469
10974    69.980873107910156  16.137487411499023  70.858779907226562
10975    68.577217102050781  15.737282752990723  70.762374877929688
10976    68.119873046875  15.431299209594727  69.930747985839844
10977    13.633312225341797  16.584096908569336  70.300247192382812
10978    13.61276912689209  16.432415008544922  71.361213684082031
10979    67.367134094238281  15.611754417419434  70.563713073730469
10980    67.367462158203125  15.128449440002441  69.219749450683594
10981    10.304095268249512  16.09471321105957  68.987991333007812
10982    65.008125305175781  15.843826293945312  70.549591064453125
10983    64.279411315917969  16.140279769897461  70.300926208496094
10984    64.758880615234375  15.657158851623535  69.781852722167969
10985    63.781414031982422  17.21583366394043  70.424102783203125
10986    63.605842590332031  17.167760848999023  69.265907287597656
10987    64.017074584960938  16.151094436645508  69.553245544433594
10988    14.231887817382812  17.015451431274414  69.911598205566406
10989    14.274335861206055  16.775110244750977  70.785987854003906
10990    21.575944900512695  18.071506500244141  68.804405212402344
10991    23.086427688598633  18.152751922607422  68.709007263183594
10992    22.864723205566406  18.079206466674805  70.029869079589844
10993    64.539466857910156  15.450057029724121  68.924125671386719
10994    66.007736206054688  3.8499841690063477  68.107933044433594
10995    3.7063257694244385  15.178073883056641  69.302528381347656
10996    65.766349792480469  15.23185920715332  69.239593505859375
10997    2.1873090267181396  15.243443489074707  69.251762390136719
10998    0.87062555551528931  15.471107482910156  68.908538818359375
10999    1.0756570100784302  15.673535346984863  69.776901245117188
11000    0.30136251449584961  16.209611892700195  69.50048828125
11001    1.312569260597229  15.858802795410156  70.537979125976562
11002    0.5591120719909668  16.179332733154297  70.271148681640625
11003    0.049927469342947006  17.378528594970703  70.298263549804688
11004    -0.12660899758338928  17.351230621337891  69.085884094238281
11005    70.853363037109375  16.664405822753906  70.071632385253906
11006    29.751649856567383  19.308933258056641  69.664039611816406
11007    29.679935455322266  19.395769119262695  70.881851196289062
11008    29.359401702880859  18.882839202880859  70.27655029296875
11009    29.117944717407227  18.819034576416016  71.26513671875
11010    24.591287612915039  18.153345108032227  71.177963256835938
11011    24.811405181884766  18.235919952392578  69.253173828125
11012    26.116584777832031  18.272928237915039  70.197418212890625
11013    63.451793670654297  18.963388442993164  69.487953186035156
11014    30.17286491394043  20.656181335449219  69.572212219238281
11015    29.996891021728516  20.052539825439453  70.16595458984375
11016    20.300662994384766  17.950115203857422  70.358963012695312
11017    -0.28683182597160339  19.421005249023438  69.07366943359375
11018    17.512851715087891  17.779792785644531  70.85162353515625
11019    16.605857849121094  17.805929183959961  69.704544067382812
11020    16.133560180664062  17.633800506591797  70.506874084472656
11021    15.589579582214355  17.662525177001953  69.527481079101562
11022    15.102864265441895  17.245515823364258  70.743934631347656
11023    14.723880767822266  17.433832168579102  69.41412353515625
11024    71.051849365234375  16.314968109130859  69.042831420898438
11025    71.251922607421875  17.203004837036133  69.238975524902344
11026    28.598072052001953  18.54871940612793  70.359687805175781
11027    23.634775161743164  24.761812210083008  68.742645263671875
11028    13.76723575592041  17.346214294433594  68.901069641113281
11029    13.163512229919434  17.716327667236328  68.366386413574219
11030    12.709834098815918  17.202665328979492  68.4862060546875
11031    12.714922904968262  17.639833450317383  68.116584777832031
11032    13.591328620910645  16.815757751464844  69.56829833984375
11033    12.940690994262695  16.790403366088867  69.162612915039062
11034    12.195725440979004  16.674640655517578  68.807746887207031
11035    27.437860488891602  18.375095367431641  70.173484802246094
11036    71.357345581054688  18.046070098876953  68.807960510253906
11037    71.378768920898438  19.772005081176758  68.615333557128906
11038    7.0248785018920898  60.371395111083984  64.113975524902344
11039    16.191194534301758  60.428421020507812  65.609596252441406
11040    2.0387566089630127  60.065746307373047  62.375381469726562
11041    69.381515502929688  58.709800720214844  65.912078857421875
11042    12.850693702697754  43.330318450927734  68.636070251464844
11043    13.065150260925293  42.902725219726562  68.403923034667969
11044    21.318119049072266  42.282779693603516  69.522903442382812
11045    19.074600219726562  42.619251251220703  69.695854187011719
11046    14.226767539978027  43.105876922607422  68.917800903320312
11047    13.622507095336914  42.82464599609375  68.393577575683594
11048    13.463944435119629  43.219734191894531  68.832260131835938
11049    12.500205993652344  43.797622680664062  68.859931945800781
11050    13.150021553039551  43.699123382568359  69.178375244140625
11051    13.860248565673828  43.5789794921875  69.468482971191406
11052    57.823085784912109  59.411808013916016  68.8997802734375
11053    49.243263244628906  59.989200592041016  68.270057678222656
11054    28.064571380615234  59.874538421630859  68.1256103515625
11055    64.21142578125  59.824680328369141  67.364723205566406
11056    59.081489562988281  60.031963348388672  68.101531982421875
11057    10.721110343933105  59.912754058837891  67.723503112792969
11058    3.9315323829650879  59.892375946044922  66.444976806640625
11059    69.021659851074219  1.1571590900421143  65.205093383789062
11060    67.89581298828125  0.530689537525177  64.844589233398438
11061    1.544842004776001  2.3170397281646729  66.88616943359375
11062    1.64149010181427  1.3818559646606445  66.345100402832031
11063    2.7959663867950439  0.75137197971343994  66.801414489746094
11064    64.422416687011719  0.39491108059883118  66.293045043945312
11065    41.122669219970703  -0.015446731820702553  63.253929138183594
11066    28.650970458984375  0.16420161724090576  66.230384826660156
11067    5.7129917144775391  0.30964574217796326  64.688735961914062
11068    14.94338321685791  0.2088669091463089  66.300697326660156
11069    55.593227386474609  0.22195738554000854  64.934646606445312
11070    20.503803253173828  17.624164581298828  73.596969604492188
11071    18.61027717590332  17.49785041809082  73.718170166015625
11072    18.920969009399414  17.731983184814453  72.38482666015625
11073    17.372013092041016  17.538631439208984  73.25701904296875
11074    17.141084671020508  17.640033721923828  72.274490356445312
11075    16.213552474975586  17.391458511352539  72.947242736816406
11076    16.156879425048828  17.507291793823242  71.658912658691406
11077    15.283337593078613  17.115106582641602  72.378776550292969
11078    70.93841552734375  17.281316757202148  73.530319213867188
11079    70.769447326660156  17.044757843017578  72.485801696777344
11080    71.135902404785156  18.779853820800781  72.123222351074219
11081    63.854148864746094  17.625852584838867  72.672386169433594
11082    63.471431732177734  19.999095916748047  73.506446838378906
11083    63.511829376220703  19.767755508422852  71.258979797363281
11084    63.750431060791016  17.268875122070312  74.013801574707031
11085    14.557939529418945  16.713787078857422  73.021949768066406
11086    14.472900390625  16.758733749389648  71.804359436035156
11087    64.519096374511719  16.272651672363281  73.278915405273438
11088    64.51239013671875  16.460365295410156  72.084739685058594
11089    65.598419189453125  15.936678886413574  72.431678771972656
11090    65.756736755371094  15.644963264465332  73.550346374511719
11091    70.358062744140625  16.347057342529297  73.012840270996094
11092    70.503570556640625  16.22308349609375  73.796470642089844
11093    24.582647323608398  18.334197998046875  73.3433837890625
11094    23.732986450195312  18.105243682861328  72.712608337402344
11095    25.03016471862793  18.249303817749023  72.486587524414062
11096    22.403587341308594  17.909357070922852  73.47967529296875
11097    21.278545379638672  17.867910385131836  72.363838195800781
11098    28.863471984863281  19.346874237060547  72.416824340820312
11099    29.148698806762695  19.011720657348633  71.980735778808594
11100    29.321142196655273  19.373003005981445  72.135780334472656
11101    27.645017623901367  18.679533004760742  72.193077087402344
11102    28.605335235595703  18.848533630371094  72.054367065429688
11103    28.086431503295898  19.279064178466797  72.689094543457031
11104    26.601877212524414  18.788284301757812  72.945549011230469
11105    26.400867462158203  18.371086120605469  71.72686767578125
11106    27.311279296875  19.117317199707031  72.975990295410156
11107    69.833633422851562  15.844548225402832  73.513786315917969
11108    69.42425537109375  15.944278717041016  72.696174621582031
11109    25.513864517211914  18.564825057983398  73.2210693359375
11110    22.602933883666992  17.959732055664062  72.57330322265625
11111    -0.25593289732933044  20.690481185913086  73.46575927734375
11112    -0.2202722579240799  20.290773391723633  70.957786560058594
11113    12.349313735961914  16.039371490478516  73.237472534179688
11114    11.353093147277832  15.861760139465332  73.561714172363281
11115    11.872361183166504  15.938454627990723  72.902839660644531
11116    9.5869712829589844  15.692061424255371  73.283836364746094
11117    8.7961196899414062  15.808786392211914  72.094902038574219
11118    10.940896034240723  15.879538536071777  72.591987609863281
11119    7.1479816436767578  15.595748901367188  73.282333374023438
11120    1.0722970962524414  16.340900421142578  73.260505676269531
11121    0.91717427968978882  16.522911071777344  72.043807983398438
11122    2.4750351905822754  15.953718185424805  72.319480895996094
11123    3.1531755924224854  15.634234428405762  73.523727416992188
11124    5.3228621482849121  15.747052192687988  72.24810791015625
11125    5.1387996673583984  15.603091239929199  73.26519775390625
11126    0.1760416179895401  17.86566162109375  72.613990783691406
11127    0.065283052623271942  17.539417266845703  74.024650573730469
11128    67.374046325683594  15.537681579589844  73.501930236816406
11129    66.739891052246094  15.731223106384277  72.720779418945312
11130    68.776649475097656  15.631141662597656  73.428047180175781
11131    68.077438354492188  15.761333465576172  72.5909423828125
11132    12.492561340332031  16.105642318725586  72.24871826171875
11133    13.163477897644043  16.253568649291992  73.322830200195312
11134    13.768600463867188  16.411537170410156  72.537330627441406
11135    13.936854362487793  16.473089218139648  73.438743591308594
11136    29.230680465698242  20.714382171630859  72.270347595214844
11137    28.636575698852539  21.166721343994141  72.688522338867188
11138    28.493886947631836  20.20012092590332  72.770675659179688
11139    19.441011428833008  23.740873336791992  72.826942443847656
11140    20.156673431396484  23.437793731689453  73.537353515625
11141    20.707220077514648  23.677530288696289  72.651748657226562
11142    29.019296646118164  21.560482025146484  72.305587768554688
11143    28.383535385131836  21.862829208374023  72.591041564941406
11144    27.652040481567383  22.024787902832031  72.920280456542969
11145    27.775737762451172  21.181137084960938  73.104217529296875
11146    26.564010620117188  20.953098297119141  73.689064025878906
11147    27.070224761962891  21.76692008972168  73.323402404785156
11148    24.665441513061523  22.863128662109375  73.441024780273438
11149    25.447662353515625  23.053142547607422  72.665390014648438
11150    24.347383499145508  23.149349212646484  72.923851013183594
11151    28.988510131835938  22.175966262817383  71.845489501953125
11152    27.893146514892578  22.52537727355957  72.28472900390625
11153    26.691568374633789  22.863628387451172  72.445663452148438
11154    26.932008743286133  22.365316390991211  73.023483276367188
11155    18.413707733154297  23.562129974365234  73.622123718261719
11156    25.798748016357422  22.593250274658203  73.316398620605469
11157    23.461191177368164  23.010349273681641  73.613021850585938
11158    23.259206771850586  23.321767807006836  72.846717834472656
11159    21.830181121826172  23.159500122070312  73.816780090332031
11160    21.810075759887695  23.505121231079102  72.809059143066406
11161    20.557924270629883  23.935379028320312  71.903663635253906
11162    18.766746520996094  23.98658561706543  72.2135009765625
11163    29.166437149047852  19.858602523803711  72.370109558105469
11164    27.361713409423828  19.953313827514648  73.271217346191406
11165    71.231437683105469  18.674928665161133  70.2745361328125
11166    29.456533432006836  19.199403762817383  71.679054260253906
11167    29.576953887939453  19.873691558837891  71.800163269042969
11168    29.499357223510742  21.438116073608398  71.728065490722656
11169    29.710338592529297  20.68536376953125  71.599418640136719
11170    20.603710174560547  42.628776550292969  73.289413452148438
11171    21.383205413818359  42.235546112060547  73.204742431640625
11172    13.964679718017578  44.107677459716797  73.094779968261719
11173    14.671018600463867  43.767578125  73.24859619140625
11174    -0.24907083809375763  42.036220550537109  72.888008117675781
11175    0.17602150142192841  43.464485168457031  72.963409423828125
11176    71.247146606445312  41.982456207275391  73.173736572265625
11177    63.338493347167969  40.504329681396484  72.462440490722656
11178    63.44537353515625  41.908618927001953  72.717872619628906
11179    15.29695987701416  43.464923858642578  73.464553833007812
11180    16.030191421508789  43.203441619873047  72.730140686035156
11181    20.501707077026367  42.943096160888672  74.217491149902344
11182    19.684164047241211  42.767730712890625  72.811553955078125
11183    19.429983139038086  43.07861328125  73.991111755371094
11184    18.503217697143555  42.946235656738281  73.049880981445312
11185    22.209707260131836  40.939308166503906  73.559150695800781
11186    21.830984115600586  41.806732177734375  73.443283081054688
11187    17.03192138671875  43.090690612792969  73.214530944824219
11188    2.5205376148223877  44.994483947753906  73.634300231933594
11189    4.5088596343994141  45.216621398925781  73.929573059082031
11190    4.2820820808410645  44.978961944580078  73.115081787109375
11191    1.1600592136383057  44.541591644287109  73.340263366699219
11192    1.2488001585006714  44.881134033203125  74.143707275390625
11193    70.8878173828125  43.934566497802734  73.505050659179688
11194    63.792392730712891  43.145732879638672  72.75390625
11195    21.883890151977539  38.424304962158203  73.668258666992188
11196    21.116605758666992  37.914089202880859  74.062545776367188
11197    17.862766265869141  37.070354461669922  73.7059326171875
11198    18.66387939453125  36.83294677734375  72.863319396972656
11199    19.320600509643555  37.198043823242188  73.604423522949219
11200    22.346906661987305  39.958419799804688  73.511245727539062
11201    22.227161407470703  39.382778167724609  73.793510437011719
11202    6.6058650016784668  45.319293975830078  74.153579711914062
11203    10.846880912780762  44.998508453369141  74.277809143066406
11204    9.0197610855102539  45.200687408447266  74.079795837402344
11205    69.552528381347656  45.012050628662109  73.834281921386719
11206    70.338050842285156  44.768001556396484  73.9932861328125
11207    70.331283569335938  44.552249908447266  73.226715087890625
11208    68.368766784667969  45.095729827880859  73.587158203125
11209    65.740242004394531  44.992832183837891  73.522781372070312
11210    64.641815185546875  44.832729339599609  74.089813232421875
11211    67.212173461914062  45.051986694335938  73.302375793457031
11212    13.014590263366699  44.4288330078125  73.062835693359375
11213    12.053798675537109  44.669212341308594  73.078590393066406
11214    10.819231986999512  44.869152069091797  73.430419921875
11215    7.0824928283691406  45.022499084472656  73.134712219238281
11216    9.3339872360229492  44.977298736572266  73.270095825195312
11217    69.506813049316406  44.789039611816406  72.960700988769531
11218    64.567619323730469  44.451408386230469  73.239341735839844
11219    15.256402969360352  43.481155395507812  72.39886474609375
11220    2.7481973171234131  44.785575866699219  72.532936096191406
11221    1.0548522472381592  44.355770111083984  72.29730224609375
11222    70.323188781738281  44.415267944335938  72.315849304199219
11223    70.800140380859375  44.017253875732422  72.554428100585938
11224    71.135711669921875  42.888950347900391  71.991867065429688
11225    63.439762115478516  40.935012817382812  70.775062561035156
11226    63.820266723632812  43.196903228759766  71.238937377929688
11227    14.537553787231445  43.858425140380859  72.173530578613281
11228    17.969644546508789  42.848060607910156  72.107955932617188
11229    16.971803665161133  42.939617156982422  71.749221801757812
11230    21.31096076965332  42.231868743896484  72.374565124511719
11231    21.801691055297852  41.871528625488281  72.699531555175781
11232    12.232189178466797  44.560806274414062  71.965042114257812
11233    11.400399208068848  44.752033233642578  72.727241516113281
11234    5.23712158203125  44.886573791503906  72.218467712402344
11235    9.9852390289306641  44.811870574951172  72.323127746582031
11236    7.6602034568786621  44.854846954345703  71.745437622070312
11237    20.495010375976562  42.509246826171875  71.998725891113281
11238    19.340482711791992  42.666740417480469  71.348686218261719
11239    0.26126191020011902  43.736454010009766  71.810447692871094
11240    -0.23363551497459412  42.083778381347656  71.282905578613281
11241    22.534862518310547  40.12213134765625  72.881927490234375
11242    22.306781768798828  41.1805419921875  72.642005920410156
11243    22.50799560546875  38.897068023681641  72.911087036132812
11244    15.970110893249512  43.144050598144531  71.3841552734375
11245    13.671834945678711  44.230312347412109  72.036514282226562
11246    63.910636901855469  17.298297882080078  71.557640075683594
11247    67.111282348632812  15.791942596435547  71.591842651367188
11248    9.7654037475585938  15.935641288757324  70.6923828125
11249    11.033940315246582  15.985415458679199  71.451507568359375
11250    65.392562866210938  15.971194267272949  71.39910888671875
11251    64.380302429199219  16.37446403503418  71.074935913085938
11252    68.960807800292969  15.933680534362793  71.735206604003906
11253    5.4530911445617676  15.724550247192383  70.927764892578125
11254    7.5580782890319824  15.809979438781738  70.951881408691406
11255    70.147232055664062  16.353475570678711  72.038352966308594
11256    70.786712646484375  17.163536071777344  71.398628234863281
11257    0.20073790848255157  17.456691741943359  71.47125244140625
11258    64.445701599121094  44.205158233642578  72.142234802246094
11259    69.640327453613281  44.663108825683594  72.147140502929688
11260    68.429763793945312  44.873237609863281  72.5186767578125
11261    0.67469453811645508  16.424369812011719  71.036750793457031
11262    66.846420288085938  44.896804809570312  72.501174926757812
11263    65.473297119140625  44.722095489501953  72.446083068847656
11264    3.5172724723815918  15.78919792175293  71.361419677734375
11265    1.7778017520904541  15.987525939941406  71.345329284667969
11266    8.082118034362793  25.739688873291016  71.90997314453125
11267    7.9467687606811523  26.36614990234375  71.221420288085938
11268    10.238348960876465  24.099390029907227  73.275260925292969
11269    10.98523998260498  24.273962020874023  72.429367065429688
11270    9.6646356582641602  24.526321411132812  72.168426513671875
11271    14.515923500061035  23.834817886352539  73.337867736816406
11272    15.982599258422852  24.048027038574219  72.491584777832031
11273    14.072225570678711  24.173746109008789  72.2923583984375
11274    12.223860740661621  23.92839241027832  73.279869079589844
11275    12.336172103881836  24.348972320556641  71.927291870117188
11276    8.9446020126342773  24.482908248901367  73.246940612792969
11277    8.7492942810058594  24.788347244262695  72.289505004882812
11278    8.2997856140136719  25.211273193359375  72.666908264160156
11279    8.211359977722168  25.00177001953125  73.859016418457031
11280    16.590459823608398  23.687271118164062  73.556022644042969
11281    21.675075531005859  23.740512847900391  72.154373168945312
11282    17.413610458374023  23.956674575805664  72.599311828613281
11283    18.124895095825195  23.799261093139648  72.972099304199219
11284    16.461881637573242  36.894096374511719  73.449050903320312
11285    14.551641464233398  36.818565368652344  73.399833679199219
11286    15.764012336730957  36.559661865234375  72.549583435058594
11287    20.350645065307617  36.901462554931641  72.408676147460938
11288    20.624847412109375  37.399288177490234  73.430992126464844
11289    17.669084548950195  36.836681365966797  73.140586853027344
11290    17.474546432495117  36.637847900390625  72.558387756347656
11291    11.016261100769043  36.663417816162109  73.359115600585938
11292    10.628125190734863  36.398262023925781  72.651161193847656
11293    12.02110481262207  36.436759948730469  72.54742431640625
11294    21.362031936645508  37.2945556640625  72.690261840820312
11295    21.443019866943359  37.692062377929688  73.282882690429688
11296    12.695903778076172  36.761096954345703  73.387504577636719
11297    13.870917320251465  36.493270874023438  72.533332824707031
11298    22.074480056762695  37.794841766357422  72.706672668457031
11299    9.909571647644043  36.495830535888672  73.165931701660156
11300    9.6312904357910156  36.171207427978516  72.357566833496094
11301    9.0554170608520508  36.329799652099609  73.283493041992188
11302    8.7561883926391602  36.006317138671875  72.576408386230469
11303    8.3420772552490234  35.861377716064453  73.186981201171875
11304    8.4540815353393555  35.66424560546875  72.163825988769531
11305    8.1385784149169922  35.030265808105469  71.920181274414062
11306    13.790726661682129  13.522000312805176  81.436775207519531
11307    13.679874420166016  12.926634788513184  81.329421997070312
11308    11.071347236633301  15.278841018676758  81.992889404296875
11309    7.601219654083252  16.798261642456055  81.968170166015625
11310    3.8335740566253662  17.851984024047852  81.84686279296875
11311    1.5090752840042114  18.844852447509766  81.584197998046875
11312    67.225395202636719  14.908891677856445  81.532974243164062
11313    68.486747741699219  15.498992919921875  81.587417602539062
11314    12.555169105529785  13.082897186279297  81.531524658203125
11315    12.458295822143555  13.981982231140137  81.79754638671875
11316    67.253547668457031  20.483772277832031  81.924644470214844
11317    65.630058288574219  18.400590896606445  81.816352844238281
11318    66.07342529296875  15.274910926818848  81.604576110839844
11319    64.708198547363281  19.054601669311523  81.60455322265625
11320    64.9903564453125  15.215604782104492  81.4859619140625
11321    70.235572814941406  18.765792846679688  81.474014282226562
11322    69.152717590332031  19.617080688476562  81.804183959960938
11323    69.7303466796875  15.339588165283203  81.538673400878906
11324    70.402931213378906  15.13535213470459  81.34417724609375
11325    64.71337890625  15.724789619445801  74.010368347167969
11326    1.3319698572158813  15.747735977172852  74.012008666992188
11327    0.54109281301498413  16.204183578491211  74.155235290527344
11328    70.145248413085938  15.742432594299316  74.264869689941406
11329    69.396293640136719  15.526249885559082  74.016395568847656
11330    64.1492919921875  16.1220703125  74.149055480957031
11331    10.108965873718262  15.562009811401367  74.169776916503906
11332    8.6057682037353516  15.480998039245605  73.91644287109375
11333    7.1739096641540527  15.366361618041992  74.097564697265625
11334    5.3514156341552734  15.418817520141602  73.904609680175781
11335    23.288562774658203  16.118892669677734  81.324447631835938
11336    21.321901321411133  16.276191711425781  81.571617126464844
11337    22.573909759521484  16.171550750732422  81.466461181640625
11338    19.601406097412109  16.119234085083008  81.548690795898438
11339    7.6549129486083984  21.428369522094727  82.151870727539062
11340    17.699211120605469  15.915652275085449  81.581245422363281
11341    15.778642654418945  15.458555221557617  81.628311157226562
11342    12.891613960266113  14.786857604980469  81.947547912597656
11343    14.223342895507812  14.550215721130371  81.614151000976562
11344    11.524215698242188  37.069343566894531  74.248336791992188
11345    14.920943260192871  23.527280807495117  74.173622131347656
11346    13.403046607971191  23.528984069824219  74.198310852050781
11347    12.015555381774902  23.498085021972656  74.381027221679688
11348    10.701594352722168  23.65301513671875  74.318939208984375
11349    26.265596389770508  21.953874588012695  73.605987548828125
11350    25.507835388183594  22.157905578613281  73.893180847167969
11351    9.4495325088500977  23.934419631958008  74.205123901367188
11352    8.6652870178222656  24.278707504272461  74.274147033691406
11353    15.086513519287109  37.166519165039062  74.227241516113281
11354    9.776972770690918  36.816566467285156  74.201034545898438
11355    13.360312461853027  37.210559844970703  74.29315185546875
11356    20.763158798217773  17.439567565917969  74.305511474609375
11357    21.674142837524414  17.603178024291992  74.305915832519531
11358    17.411632537841797  17.384883880615234  74.002304077148438
11359    25.838611602783203  19.207624435424805  73.744529724121094
11360    26.720209121704102  19.315313339233398  73.410881042480469
11361    26.38679313659668  19.897314071655273  73.742179870605469
11362    25.55242919921875  21.483087539672852  74.108421325683594
11363    23.599905014038086  0.55230528116226196  68.346046447753906
11364    41.274211883544922  0.75646263360977173  68.015670776367188
11365    66.491500854492188  44.851619720458984  71.595779418945312
11366    67.955032348632812  44.877517700195312  71.57891845703125
11367    14.231388092041016  0.73189842700958252  68.732170104980469
11368    6.9728808403015137  0.64728266000747681  68.024345397949219
11369    11.086186408996582  44.646411895751953  71.120292663574219
11370    9.5597057342529297  44.749282836914062  70.882614135742188
11371    0.85809171199798584  44.366390228271484  71.289588928222656
11372    0.12376881390810013  43.698875427246094  70.717414855957031
11373    6.1211714744567871  44.895656585693359  71.122085571289062
11374    4.0373620986938477  44.881416320800781  71.417106628417969
11375    64.364776611328125  44.244281768798828  71.155967712402344
11376    63.878959655761719  43.595882415771484  70.399200439453125
11377    69.29815673828125  44.743881225585938  71.466690063476562
11378    70.264457702636719  44.411354064941406  71.372642517089844
11379    65.236030578613281  44.657245635986328  71.516487121582031
11380    23.652793884277344  1.3506672382354736  69.275115966796875
11381    23.607223510742188  37.078956604003906  71.184013366699219
11382    24.715948104858398  37.219181060791016  70.957023620605469
11383    26.860345840454102  37.773342132568359  70.512977600097656
11384    27.63444709777832  37.82781982421875  70.292739868164062
11385    26.713903427124023  38.652366638183594  70.787750244140625
11386    26.000383377075195  38.028953552246094  70.891838073730469
11387    25.319509506225586  37.624263763427734  71.012626647949219
11388    17.290973663330078  36.039085388183594  70.659278869628906
11389    17.012172698974609  36.313163757324219  71.584365844726562
11390    15.481631278991699  36.054428100585938  70.934646606445312
11391    22.109960556030273  37.045562744140625  71.762214660644531
11392    27.412765502929688  39.253273010253906  70.547927856445312
11393    27.395133972167969  38.374530792236328  70.529922485351562
11394    25.167007446289062  38.463020324707031  71.326667785644531
11395    25.938573837280273  39.020561218261719  71.092147827148438
11396    18.955480575561523  36.510074615478516  71.826278686523438
11397    22.137022018432617  41.776031494140625  71.668601989746094
11398    23.147594451904297  41.533695220947266  70.810455322265625
11399    11.75873851776123  35.894168853759766  70.924324035644531
11400    11.091012001037598  36.153511047363281  71.852119445800781
11401    9.9369535446166992  35.774890899658203  71.101661682128906
11402    13.238279342651367  36.154857635498047  71.528793334960938
11403    8.7142505645751953  35.445045471191406  71.246955871582031
11404    8.9591102600097656  35.844356536865234  71.887725830078125
11405    15.064290046691895  36.307060241699219  71.820487976074219
11406    20.56939697265625  42.448436737060547  70.671653747558594
11407    26.384790420532227  40.541400909423828  70.609443664550781
11408    25.625593185424805  40.653102874755859  70.86279296875
11409    24.965124130249023  40.931652069091797  70.876220703125
11410    21.364736557006836  42.230270385742188  71.0775146484375
11411    27.277231216430664  40.260974884033203  70.3953857421875
11412    2.1412081718444824  44.722892761230469  71.485466003417969
11413    70.849441528320312  43.775711059570312  71.438743591308594
11414    25.822439193725586  39.970035552978516  71.056938171386719
11415    26.600606918334961  39.655563354492188  70.808181762695312
11416    25.29669189453125  39.416114807128906  71.330184936523438
11417    25.071660995483398  40.194076538085938  71.259986877441406
11418    24.117290496826172  41.195907592773438  70.872627258300781
11419    65.227165222167969  1.4974684715270996  68.1326904296875
11420    4.8278193473815918  1.8527703285217285  68.616355895996094
11421    9.8418979644775391  1.2972649335861206  69.121810913085938
11422    59.522167205810547  0.82658576965332031  68.052772521972656
11423    3.8913834095001221  1.1204416751861572  68.372154235839844
11424    66.679039001464844  0.78525453805923462  67.379730224609375
11425    24.405118942260742  38.353870391845703  71.608680725097656
11426    23.645515441894531  38.707847595214844  71.958724975585938
11427    24.024921417236328  37.757251739501953  71.551979064941406
11428    24.728469848632812  37.796577453613281  71.341598510742188
11429    23.032600402832031  38.662429809570312  72.340957641601562
11430    23.009531021118164  37.907890319824219  72.062446594238281
11431    24.26618766784668  40.45404052734375  71.419342041015625
11432    23.447759628295898  40.825344085693359  71.575035095214844
11433    24.486696243286133  39.353279113769531  71.604263305664062
11434    22.771444320678711  41.183849334716797  71.8338623046875
11435    23.02302360534668  39.415378570556641  72.392143249511719
11436    22.927532196044922  40.443050384521484  72.238922119140625
11437    23.613800048828125  39.874542236328125  71.9124755859375
11438    23.231805801391602  23.651020050048828  71.89544677734375
11439    29.604114532470703  21.951433181762695  71.177391052246094
11440    29.87005615234375  20.195302963256836  71.090232849121094
11441    8.9210844039916992  24.861133575439453  71.629707336425781
11442    28.644777297973633  22.782180786132812  71.339469909667969
11443    29.34303092956543  22.467418670654297  71.059349060058594
11444    27.572616577148438  23.062892913818359  71.550773620605469
11445    26.221286773681641  23.274703979492188  71.754074096679688
11446    24.690670013427734  23.370559692382812  72.158897399902344
11447    27.764850616455078  18.427652359008789  71.179428100585938
11448    22.634775161743164  18.007257461547852  71.579841613769531
11449    28.411958694458008  18.56806755065918  71.429946899414062
11450    17.563579559326172  24.190258026123047  71.751312255859375
11451    15.791569709777832  24.372753143310547  71.372657775878906
11452    13.893974304199219  24.498710632324219  71.206329345703125
11453    12.432902336120605  24.707881927490234  70.738327026367188
11454    10.920065879821777  24.602506637573242  71.389091491699219
11455    8.4038362503051758  25.188018798828125  71.749420166015625
11456    23.560108184814453  23.984949111938477  70.858650207519531
11457    22.152610778808594  23.908422470092773  71.510154724121094
11458    25.370391845703125  23.70054817199707  70.997039794921875
11459    9.577967643737793  24.934045791625977  70.877716064453125
11460    8.6906147003173828  25.166240692138672  71.076080322265625
11461    25.320148468017578  35.098739624023438  49.165866851806641
11462    24.797845840454102  34.448345184326172  49.96636962890625
11463    24.578348159790039  35.150459289550781  49.938961029052734
11464    24.161966323852539  34.619132995605469  50.429679870605469
11465    63.133159637451172  31.399803161621094  50.001087188720703
11466    63.071353912353516  33.698337554931641  51.488929748535156
11467    62.982688903808594  33.147815704345703  49.521595001220703
11468    25.786706924438477  34.312103271484375  48.940208435058594
11469    34.564094543457031  33.244220733642578  50.174247741699219
11470    35.951374053955078  33.261226654052734  46.226436614990234
11471    37.966506958007812  33.257164001464844  47.38836669921875
11472    24.967927932739258  33.880237579345703  50.544132232666016
11473    26.352399826049805  33.804965972900391  49.030426025390625
11474    26.685295104980469  33.537155151367188  50.060401916503906
11475    31.720514297485352  33.256618499755859  50.567024230957031
11476    32.670001983642578  33.268726348876953  48.213050842285156
11477    30.382986068725586  33.289409637451172  50.021694183349609
11478    30.393289566040039  33.321163177490234  48.190696716308594
11479    28.58677864074707  33.362117767333984  49.989566802978516
11480    28.623287200927734  33.429859161376953  48.168968200683594
11481    62.706474304199219  26.717754364013672  48.974864959716797
11482    63.02130126953125  27.177061080932617  49.752662658691406
11483    62.953075408935547  27.691398620605469  48.374935150146484
11484    62.963432312011719  26.453971862792969  50.090808868408203
11485    56.638477325439453  26.782938003540039  48.880722045898438
11486    55.160030364990234  26.972929000854492  49.514377593994141
11487    55.7149658203125  26.681299209594727  50.099994659423828
11488    50.505756378173828  27.198347091674805  51.048702239990234
11489    52.35406494140625  27.251562118530273  47.812202453613281
11490    49.013454437255859  27.295122146606445  48.852973937988281
11491    54.039447784423828  27.155433654785156  48.562522888183594
11492    63.129890441894531  28.530231475830078  49.961784362792969
11493    63.136363983154297  29.601408004760742  47.466987609863281
11494    63.077014923095703  28.549104690551758  47.614631652832031
11495    38.703529357910156  33.250003814697266  49.599735260009766
11496    56.641227722167969  26.480379104614258  49.632656097412109
11497    56.102436065673828  26.245059967041016  50.438316345214844
11498    60.842929840087891  34.825923919677734  49.336589813232422
11499    60.529293060302734  34.448856353759766  48.693641662597656
11500    61.458362579345703  34.374153137207031  48.629226684570312
11501    61.700588226318359  34.623054504394531  49.219932556152344
11502    59.467372894287109  34.897457122802734  49.452114105224609
11503    59.688228607177734  34.370231628417969  48.693134307861328
11504    62.797245025634766  34.437225341796875  50.419219970703125
11505    62.681472778320312  33.717460632324219  48.741657257080078
11506    58.280559539794922  34.753414154052734  49.590095520019531
11507    58.885887145996094  34.412002563476562  49.031246185302734
11508    57.976238250732422  34.243190765380859  49.094970703125
11509    62.269882202148438  34.550975799560547  49.523712158203125
11510    62.163143157958984  34.145782470703125  48.57110595703125
11511    -0.48915064334869385  34.855167388916016  50.434066772460938
11512    -0.43113383650779724  39.113983154296875  51.684211730957031
11513    -0.44003641605377197  40.684257507324219  49.600612640380859
11514    24.226968765258789  35.824047088623047  50.213382720947266
11515    24.185972213745117  36.76434326171875  50.326133728027344
11516    24.965267181396484  36.123664855957031  49.481986999511719
11517    24.986412048339844  37.083797454833984  49.607044219970703
11518    23.866598129272461  35.144523620605469  50.575748443603516
11519    46.456165313720703  33.316776275634766  49.995571136474609
11520    43.500965118408203  33.288352966308594  50.419643402099609
11521    40.506416320800781  33.259498596191406  50.726665496826172
11522    42.376266479492188  33.273468017578125  48.385730743408203
11523    56.700332641601562  34.202152252197266  49.792133331298828
11524    56.088157653808594  33.735153198242188  49.165664672851562
11525    57.394634246826172  33.879127502441406  48.704837799072266
11526    71.424934387207031  24.026491165161133  54.069610595703125
11527    61.891876220703125  21.723972320556641  49.740352630615234
11528    62.392322540283203  21.770402908325195  49.857326507568359
11529    61.930797576904297  22.665473937988281  49.935325622558594
11530    62.469707489013672  22.897153854370117  50.054065704345703
11531    23.541299819946289  24.437288284301758  49.249900817871094
11532    24.000673294067383  23.875669479370117  48.764514923095703
11533    23.535663604736328  23.549684524536133  49.475234985351562
11534    24.072690963745117  23.201828002929688  49.032264709472656
11535    23.110694885253906  23.268280029296875  50.137962341308594
11536    22.931251525878906  24.073863983154297  50.045009613037109
11537    57.030017852783203  25.968954086303711  49.975528717041016
11538    62.779243469238281  22.622552871704102  50.310466766357422
11539    62.689540863037109  23.632553100585938  50.250358581542969
11540    33.006145477294922  21.649908065795898  50.350582122802734
11541    32.317340850830078  21.703969955444336  49.585113525390625
11542    32.826816558837891  21.581838607788086  48.311271667480469
11543    62.225170135498047  23.943571090698242  50.002883911132812
11544    62.260478973388672  25.162784576416016  49.767349243164062
11545    61.725917816162109  24.68366813659668  49.832050323486328
11546    23.168252944946289  24.994401931762695  49.709197998046875
11547    23.680074691772461  25.386569976806641  49.15460205078125
11548    31.609518051147461  21.751708984375  48.816764831542969
11549    31.797605514526367  21.829132080078125  50.811729431152344
11550    62.700283050537109  24.701356887817383  50.197292327880859
11551    24.099578857421875  24.830018997192383  48.539237976074219
11552    61.375385284423828  21.352748870849609  49.564823150634766
11553    60.471744537353516  21.174776077270508  49.417022705078125
11554    61.281909942626953  20.443788528442383  48.930233001708984
11555    71.344139099121094  20.34660530090332  52.743732452392578
11556    71.423202514648438  18.87696647644043  49.336246490478516
11557    62.467414855957031  20.706735610961914  49.488792419433594
11558    62.833709716796875  21.183046340942383  50.159648895263672
11559    49.22698974609375  20.685136795043945  48.174247741699219
11560    50.519657135009766  20.557355880737305  48.002857208251953
11561    49.957698822021484  20.677927017211914  49.060379028320312
11562    61.975452423095703  20.969001770019531  49.422840118408203
11563    60.046360015869141  20.373027801513672  48.701160430908203
11564    59.244735717773438  21.140253067016602  49.383224487304688
11565    58.357563018798828  20.830970764160156  49.190906524658203
11566    58.431491851806641  21.303524017333984  49.58819580078125
11567    57.616840362548828  21.29395866394043  49.709785461425781
11568    57.609340667724609  20.562284469604492  48.916759490966797
11569    58.330833435058594  20.466100692749023  48.766586303710938
11570    56.817592620849609  20.87408447265625  49.531867980957031
11571    56.506866455078125  21.405509948730469  50.255504608154297
11572    30.644081115722656  21.880344390869141  49.578083038330078
11573    28.654317855834961  22.018527984619141  50.110939025878906
11574    28.532197952270508  22.001157760620117  47.864810943603516
11575    29.63603401184082  21.937917709350586  49.042339324951172
11576    29.789718627929688  21.965017318725586  50.363307952880859
11577    27.166204452514648  22.114713668823242  49.644168853759766
11578    24.214767456054688  22.476762771606445  50.663600921630859
11579    24.733100891113281  22.748750686645508  48.924289703369141
11580    25.762851715087891  22.318353652954102  49.309669494628906
11581    23.726005554199219  22.917816162109375  49.829425811767578
11582    36.629798889160156  27.393604278564453  50.794956207275391
11583    38.421375274658203  27.374185562133789  48.062255859375
11584    35.747459411621094  27.379724502563477  48.183212280273438
11585    23.851619720458984  26.092636108398438  49.289798736572266
11586    24.627304077148438  26.578685760498047  49.032020568847656
11587    24.36735725402832  25.847702026367188  48.467121124267578
11588    23.233791351318359  25.760181427001953  49.828464508056641
11589    23.489299774169922  26.402521133422852  50.084815979003906
11590    62.73809814453125  25.832866668701172  49.887439727783203
11591    62.160991668701172  26.009908676147461  49.180248260498047
11592    46.199886322021484  27.290643692016602  52.006813049316406
11593    44.336978912353516  27.339691162109375  49.689445495605469
11594    40.730998992919922  27.366340637207031  48.873851776123047
11595    39.589916229248047  27.373937606811523  51.720283508300781
11596    32.348159790039062  27.361049652099609  48.012248992919922
11597    31.20262336730957  27.330591201782227  45.771232604980469
11598    29.045330047607422  27.279802322387695  48.310066223144531
11599    59.273406982421875  25.792047500610352  49.346805572509766
11600    60.046028137207031  26.169107437133789  48.683052062988281
11601    58.998908996582031  26.266939163208008  48.705665588378906
11602    60.227428436279297  25.798341751098633  49.244918823242188
11603    58.152534484863281  25.8880615234375  49.517250061035156
11604    57.745460510253906  26.447341918945312  48.891799926757812
11605    24.032281875610352  26.874176025390625  50.80078125
11606    26.206029891967773  27.047050476074219  48.804355621337891
11607    25.224876403808594  27.118251800537109  50.888603210449219
11608    61.190052032470703  26.085042953491211  48.757606506347656
11609    60.778812408447266  25.527500152587891  49.456951141357422
11610    61.569915771484375  25.455354690551758  49.489036560058594
11611    58.947898864746094  51.701999664306641  48.735286712646484
11612    60.078044891357422  51.556598663330078  48.607368469238281
11613    59.4432373046875  51.978153228759766  49.203872680664062
11614    71.355262756347656  50.067447662353516  47.807868957519531
11615    71.342369079589844  52.267433166503906  49.930572509765625
11616    62.221977233886719  51.487018585205078  49.863765716552734
11617    62.365856170654297  51.136562347412109  48.934864044189453
11618    62.786647796630859  50.364215850830078  49.101852416992188
11619    61.954097747802734  51.681045532226562  49.338768005371094
11620    60.967216491699219  51.865821838378906  49.245132446289062
11621    61.865768432617188  51.484664916992188  48.872943878173828
11622    61.318492889404297  51.270450592041016  48.404880523681641
11623    58.394237518310547  51.947444915771484  49.119338989257812
11624    56.433872222900391  51.785045623779297  49.156669616699219
11625    57.834930419921875  51.562488555908203  48.592281341552734
11626    57.524906158447266  52.015884399414062  49.367427825927734
11627    55.860427856445312  52.165065765380859  50.347171783447266
11628    54.75030517578125  51.800071716308594  49.362541198730469
11629    56.832229614257812  52.120994567871094  49.793022155761719
11630    45.93768310546875  52.542301177978516  49.322013854980469
11631    47.2008056640625  52.349380493164062  48.126823425292969
11632    47.564647674560547  52.409442901611328  49.772708892822266
11633    63.425140380859375  48.479877471923828  49.416133880615234
11634    63.310615539550781  49.516098022460938  49.989639282226562
11635    63.143146514892578  49.167564392089844  48.868408203125
11636    71.254570007324219  48.801471710205078  48.752712249755859
11637    7.660377025604248  48.267086029052734  44.935699462890625
11638    7.5307884216308594  49.460784912109375  48.223533630371094
11639    7.5029988288879395  47.835693359375  47.546825408935547
11640    -0.40638196468353271  46.772758483886719  48.337982177734375
11641    -0.2499241828918457  49.809112548828125  50.017101287841797
11642    -0.43186983466148376  48.759819030761719  47.621612548828125
11643    -0.27718368172645569  48.367485046386719  49.950893402099609
11644    71.206382751464844  47.101047515869141  48.9443359375
11645    53.495349884033203  51.782222747802734  49.166339874267578
11646    53.289737701416016  51.566364288330078  48.192779541015625
11647    54.073085784912109  51.582252502441406  48.65411376953125
11648    52.161178588867188  51.865341186523438  48.994731903076172
11649    50.46990966796875  52.058696746826172  49.229866027832031
11650    51.161727905273438  51.824783325195312  47.935783386230469
11651    48.363304138183594  52.2171630859375  48.522567749023438
11652    49.030841827392578  52.217548370361328  49.424530029296875
11653    63.072978973388672  50.099899291992188  49.900947570800781
11654    -0.46995753049850464  46.657619476318359  45.210243225097656
11655    45.683094024658203  52.492839813232422  47.381271362304688
11656    60.899093627929688  52.123462677001953  49.918453216552734
11657    59.77008056640625  52.173244476318359  49.810138702392578
11658    58.483547210693359  52.16265869140625  49.634178161621094
11659    57.596221923828125  52.206836700439453  49.880790710449219
11660    44.403778076171875  52.632896423339844  48.710639953613281
11661    37.693153381347656  52.78912353515625  47.702987670898438
11662    40.926353454589844  52.730594635009766  44.2752685546875
11663    43.163623809814453  52.645709991455078  46.578929901123047
11664    42.063007354736328  52.722434997558594  48.997966766357422
11665    37.427894592285156  52.800064086914062  44.704460144042969
11666    61.630756378173828  51.93243408203125  49.745159149169922
11667    30.245504379272461  52.861618041992188  48.155559539794922
11668    27.0706787109375  52.873851776123047  45.806636810302734
11669    33.024784088134766  52.839885711669922  45.848354339599609
11670    24.16008186340332  52.890079498291016  47.782680511474609
11671    18.860280990600586  52.897411346435547  46.242847442626953
11672    45.100406646728516  39.635360717773438  48.493465423583984
11673    43.478900909423828  39.647670745849609  46.643562316894531
11674    33.149036407470703  38.932346343994141  49.416801452636719
11675    34.280967712402344  39.092868804931641  49.406497955322266
11676    33.863548278808594  39.008296966552734  47.670955657958984
11677    40.961074829101562  39.590946197509766  46.8135986328125
11678    41.214153289794922  39.538394927978516  49.068012237548828
11679    39.134407043457031  39.5262451171875  48.352046966552734
11680    61.575321197509766  39.436153411865234  49.818878173828125
11681    62.318283081054688  39.690971374511719  50.168067932128906
11682    62.036510467529297  40.202239990234375  49.523605346679688
11683    60.356357574462891  40.039340972900391  48.899013519287109
11684    60.482345581054688  39.418601989746094  49.513446807861328
11685    61.185520172119141  40.060798645019531  49.138492584228516
11686    50.687309265136719  39.824573516845703  49.374580383300781
11687    51.290584564208984  39.984401702880859  48.093204498291016
11688    49.707870483398438  39.823371887207031  48.737510681152344
11689    56.600921630859375  39.319011688232422  49.824672698974609
11690    56.181007385253906  39.821331024169922  49.170829772949219
11691    55.386226654052734  39.600811004638672  49.905799865722656
11692    53.985610961914062  39.733684539794922  49.991062164306641
11693    55.120441436767578  39.970268249511719  48.978572845458984
11694    53.451259613037109  40.006641387939453  48.855434417724609
11695    63.101448059082031  42.705421447753906  49.121864318847656
11696    63.455001831054688  43.575496673583984  49.766185760498047
11697    63.177532196044922  43.418537139892578  48.732402801513672
11698    63.251960754394531  42.430118560791016  49.909629821777344
11699    51.810985565185547  39.728889465332031  50.122825622558594
11700    52.012523651123047  39.929912567138672  49.053970336914062
11701    49.923847198486328  39.903846740722656  47.519874572753906
11702    48.169574737548828  39.781223297119141  47.467395782470703
11703    25.606185913085938  37.685256958007812  49.2137451171875
11704    25.582185745239258  36.920158386230469  48.84539794921875
11705    24.532430648803711  37.549434661865234  50.278797149658203
11706    26.789510726928711  38.392864227294922  49.792148590087891
11707    26.322750091552734  38.16107177734375  49.072601318359375
11708    25.002645492553711  38.086505889892578  50.638851165771484
11709    -0.37033599615097046  41.385585784912109  50.661277770996094
11710    71.381317138671875  38.176029205322266  52.576080322265625
11711    71.392974853515625  40.108108520507812  48.342678070068359
11712    71.307388305664062  39.893466949462891  52.017185211181641
11713    32.000362396240234  38.782489776611328  50.680820465087891
11714    32.545555114746094  38.843837738037109  47.832023620605469
11715    33.526054382324219  38.970680236816406  50.927310943603516
11716    30.729324340820312  38.686832427978516  48.493755340576172
11717    7.394528865814209  43.608730316162109  49.567111968994141
11718    7.5213274955749512  44.375572204589844  47.930233001708984
11719    7.1502690315246582  45.604022979736328  49.59564208984375
11720    -0.28590905666351318  45.373428344726562  49.590602874755859
11721    0.062238693237304688  46.084098815917969  50.097076416015625
11722    -0.28420588374137878  45.804523468017578  49.60308837890625
11723    -0.20829091966152191  44.883895874023438  49.812046051025391
11724    7.4801654815673828  45.663448333740234  47.882846832275391
11725    62.771385192871094  41.669212341308594  49.110954284667969
11726    63.099395751953125  41.578937530517578  50.115020751953125
11727    71.265861511230469  42.666614532470703  49.962387084960938
11728    71.130340576171875  44.351070404052734  49.930549621582031
11729    71.132301330566406  43.448814392089844  50.383392333984375
11730    70.889663696289062  45.758033752441406  50.135040283203125
11731    71.223609924316406  45.937831878662109  49.379985809326172
11732    71.042839050292969  46.743129730224609  49.897987365722656
11733    63.352912902832031  45.151473999023438  48.508975982666016
11734    63.788352966308594  45.955551147460938  49.664279937744141
11735    63.418712615966797  45.916259765625  48.693145751953125
11736    63.42626953125  44.480781555175781  49.107372283935547
11737    -0.19713664054870605  47.017669677734375  49.833820343017578
11738    -0.16263970732688904  48.302196502685547  50.357601165771484
11739    62.757164001464844  40.632484436035156  50.106922149658203
11740    7.323173999786377  46.911411285400391  48.754688262939453
11741    71.22607421875  45.192180633544922  49.445064544677734
11742    60.679458618164062  40.593952178955078  48.248355865478516
11743    59.642528533935547  40.284626007080078  48.394462585449219
11744    57.861865997314453  39.317298889160156  49.500560760498047
11745    58.542251586914062  39.944843292236328  48.708347320556641
11746    57.216552734375  39.845649719238281  48.912738800048828
11747    58.986434936523438  39.298969268798828  49.465583801269531
11748    59.643386840820312  39.7462158203125  49.106990814208984
11749    59.717624664306641  39.310249328613281  49.523235321044922
11750    62.328048706054688  40.835910797119141  49.177467346191406
11751    7.5215811729431152  41.943363189697266  50.136299133300781
11752    7.3907828330993652  43.051166534423828  50.360439300537109
11753    7.6225852966308594  39.50994873046875  50.405632019042969
11754    7.4952311515808105  41.124866485595703  51.134193420410156
11755    56.0322265625  20.907369613647461  49.900638580322266
11756    -0.25871697068214417  42.392532348632812  50.603889465332031
11757    -0.22583049535751343  43.255348205566406  50.153827667236328
11758    -0.20459900796413422  41.908432006835938  51.003131866455078
11759    71.255119323730469  41.185966491699219  50.968143463134766
11760    63.522750854492188  46.992088317871094  49.048358917236328
11761    61.689311981201172  40.630504608154297  48.767940521240234
11762    39.256359100341797  52.766647338867188  50.580612182617188
11763    58.394878387451172  52.24212646484375  50.39276123046875
11764    57.079849243164062  52.232852935791016  50.239925384521484
11765    54.868183135986328  52.316017150878906  51.104240417480469
11766    55.549503326416016  52.289264678955078  50.907222747802734
11767    55.823371887207031  52.299629211425781  51.288543701171875
11768    43.888816833496094  52.687431335449219  50.113883972167969
11769    45.988777160644531  52.622142791748047  50.753852844238281
11770    32.656871795654297  52.833732604980469  49.997825622558594
11771    60.147205352783203  52.185634613037109  50.446247100830078
11772    61.372940063476562  51.995735168457031  50.332176208496094
11773    26.948198318481445  52.869533538818359  49.613250732421875
11774    21.631290435791016  52.867870330810547  49.398689270019531
11775    16.168220520019531  52.824649810791016  48.766014099121094
11776    12.091093063354492  52.674278259277344  47.946804046630859
11777    14.258233070373535  52.859142303466797  44.783950805664062
11778    7.4854927062988281  15.019960403442383  48.574760437011719
11779    7.4642167091369629  16.20585823059082  49.167514801025391
11780    7.3016829490661621  15.239136695861816  49.669834136962891
11781    7.1515512466430664  14.204120635986328  49.539253234863281
11782    71.224136352539062  13.548185348510742  49.877220153808594
11783    71.2218017578125  14.22347354888916  49.878368377685547
11784    70.889266967773438  13.924226760864258  50.276912689208984
11785    71.130622863769531  12.663535118103027  50.1785888671875
11786    63.314647674560547  13.352437973022461  48.626842498779297
11787    63.791946411132812  14.237585067749023  49.761207580566406
11788    63.38494873046875  14.401759147644043  48.667331695556641
11789    63.465065002441406  12.905872344970703  49.364131927490234
11790    7.493494987487793  14.381917953491211  48.091102600097656
11791    7.4248290061950684  13.183770179748535  47.811061859130859
11792    63.573741912841797  15.493719100952148  49.438072204589844
11793    63.108726501464844  12.120820999145508  48.468814849853516
11794    63.385810852050781  11.775744438171387  49.612094879150391
11795    -0.20442342758178711  16.060405731201172  49.654827117919922
11796    -0.17514023184776306  16.847488403320312  50.328575134277344
11797    -0.29096558690071106  17.535232543945312  49.951904296875
11798    71.204391479492188  15.299650192260742  49.960544586181641
11799    71.383270263671875  15.179814338684082  49.035785675048828
11800    71.253158569335938  16.758861541748047  50.277275085449219
11801    63.402194976806641  16.996164321899414  49.414924621582031
11802    63.391193389892578  18.192873001098633  50.364246368408203
11803    63.135746002197266  18.848197937011719  49.623134613037109
11804    7.6239633560180664  17.398736953735352  48.619823455810547
11805    7.5105290412902832  17.63416862487793  49.964996337890625
11806    0.055185843259096146  14.466815948486328  49.927646636962891
11807    -0.29168245196342468  14.773818969726562  49.315345764160156
11808    63.061794281005859  11.381584167480469  48.822002410888672
11809    63.262351989746094  15.211704254150391  47.68170166015625
11810    55.118289947509766  20.738727569580078  49.864925384521484
11811    55.089927673339844  20.314821243286133  48.459407806396484
11812    56.393039703369141  20.453723907470703  48.872879028320312
11813    71.042549133300781  14.868204116821289  50.183441162109375
11814    59.852451324462891  9.2547378540039062  48.443199157714844
11815    58.337982177734375  9.0190525054931641  48.739616394042969
11816    59.54913330078125  8.7102012634277344  49.239585876464844
11817    62.608451843261719  9.9296159744262695  49.123126983642578
11818    62.348060607910156  9.1474418640136719  49.847187042236328
11819    62.878009796142578  9.8045787811279297  50.016139984130859
11820    62.054523468017578  9.175206184387207  49.202667236328125
11821    61.660011291503906  8.7536630630493164  49.527355194091797
11822    61.1068115234375  9.0130949020385742  48.940608978271484
11823    60.800914764404297  8.5991754531860352  49.468761444091797
11824    71.36236572265625  10.130657196044922  49.986824035644531
11825    71.283027648925781  11.324726104736328  50.161312103271484
11826    71.251495361328125  9.9653968811035156  50.977359771728516
11827    57.896888732910156  8.6318655014038086  49.414131164550781
11828    -0.29944440722465515  14.244039535522461  49.211921691894531
11829    -0.2516692578792572  13.431382179260254  49.102046966552734
11830    56.843856811523438  8.8481197357177734  49.161670684814453
11831    56.972091674804688  8.5739107131958008  49.661891937255859
11832    55.364654541015625  8.8717098236083984  49.310958862304688
11833    56.015266418457031  8.4944648742675781  50.257942199707031
11834    57.337070465087891  8.474085807800293  49.911476135253906
11835    54.224777221679688  8.5463247299194336  50.307182312011719
11836    53.815818786621094  8.9326820373535156  49.110450744628906
11837    -0.414324551820755  18.863183975219727  47.942012786865234
11838    -0.27897492051124573  19.117319107055664  50.655319213867188
11839    -0.41954097151756287  22.262563705444336  49.984107971191406
11840    71.135566711425781  11.703862190246582  50.469253540039062
11841    63.010196685791016  10.873061180114746  49.097843170166016
11842    63.158935546875  10.600064277648926  49.838294982910156
11843    7.9004950523376465  9.8123073577880859  47.171577453613281
11844    7.5736193656921387  11.214775085449219  47.153068542480469
11845    7.5869665145874023  10.427321434020996  48.854957580566406
11846    62.156017303466797  20.111444473266602  48.926776885986328
11847    38.960407257080078  21.112264633178711  48.460723876953125
11848    38.224308013916016  21.110591888427734  45.657840728759766
11849    40.857761383056641  21.016986846923828  46.316677093505859
11850    36.362712860107422  21.245615005493164  48.157386779785156
11851    34.377357482910156  21.411045074462891  48.75665283203125
11852    33.540721893310547  21.527053833007812  49.533149719238281
11853    58.957332611083984  20.465667724609375  48.753501892089844
11854    71.354621887207031  17.893163681030273  50.45233154296875
11855    48.597675323486328  20.822868347167969  49.703662872314453
11856    47.823951721191406  20.793312072753906  48.326751708984375
11857    62.994327545166016  20.188512802124023  50.082630157470703
11858    62.723762512207031  19.798299789428711  49.177982330322266
11859    51.109260559082031  20.672840118408203  49.459354400634766
11860    51.894618988037109  20.372133255004883  47.285678863525391
11861    7.6774215698242188  19.456031799316406  48.065456390380859
11862    7.6303796768188477  20.913339614868164  51.245323181152344
11863    7.6143484115600586  18.774763107299805  49.863868713378906
11864    53.526660919189453  20.288467407226562  47.73907470703125
11865    53.464893341064453  20.700098037719727  49.955699920654297
11866    71.39324951171875  8.8915185928344727  50.434329986572266
11867    8.615666389465332  8.820490837097168  47.735488891601562
11868    35.586307525634766  7.8462357521057129  48.224845886230469
11869    33.194599151611328  7.8155627250671387  46.924301147460938
11870    32.044338226318359  7.8070640563964844  48.51123046875
11871    -0.3733481764793396  10.378089904785156  49.104793548583984
11872    -0.26008042693138123  10.825631141662598  50.079486846923828
11873    -0.20112532377243042  11.877347946166992  49.609844207763672
11874    -0.22078017890453339  10.334304809570312  50.518951416015625
11875    61.147445678710938  8.5158729553222656  49.846004486083984
11876    61.738620758056641  8.6738052368164062  50.000995635986328
11877    60.0657958984375  8.4735355377197266  49.896595001220703
11878    58.556766510009766  8.469416618347168  49.897541046142578
11879    47.259952545166016  8.34906005859375  48.835273742675781
11880    46.51507568359375  8.330500602722168  47.058864593505859
11881    45.556598663330078  8.1642494201660156  48.84051513671875
11882    51.995895385742188  8.7870388031005859  49.317943572998047
11883    52.911823272705078  9.1364841461181641  47.947574615478516
11884    51.614147186279297  8.9277610778808594  48.304512023925781
11885    50.445762634277344  8.6832656860351562  49.074893951416016
11886    50.675380706787109  8.8804454803466797  47.329803466796875
11887    40.567729949951172  7.9353790283203125  47.080387115478516
11888    37.792461395263672  7.8677902221679688  44.719905853271484
11889    27.523183822631836  7.7879595756530762  47.5384521484375
11890    30.012016296386719  7.8002161979675293  45.557758331298828
11891    25.07451057434082  7.7777047157287598  44.782444000244141
11892    20.488500595092773  7.7615556716918945  45.428764343261719
11893    49.096992492675781  8.6150522232055664  48.02423095703125
11894    26.038530349731445  36.885593414306641  48.083099365234375
11895    26.076753616333008  37.441368103027344  48.297168731689453
11896    26.267906188964844  36.469306945800781  47.419017791748047
11897    25.772014617919922  35.963726043701172  48.407299041748047
11898    26.262174606323242  35.330760955810547  47.496936798095703
11899    61.298801422119141  34.155582427978516  47.903907775878906
11900    61.952312469482422  34.037509918212891  47.907669067382812
11901    26.482091903686523  37.398227691650391  47.410064697265625
11902    26.640203475952148  37.945472717285156  47.941555023193359
11903    29.343570709228516  38.612594604492188  50.440227508544922
11904    28.664117813110352  38.535152435302734  48.483730316162109
11905    27.420293807983398  38.329170227050781  48.044063568115234
11906    27.672372817993164  38.528884887695312  50.645587921142578
11907    7.6421761512756348  37.772777557373047  51.745273590087891
11908    62.947731018066406  32.507545471191406  47.197071075439453
11909    62.508499145507812  33.54205322265625  47.357921600341797
11910    25.898519515991211  34.983272552490234  48.375034332275391
11911    26.270910263061523  34.562641143798828  47.927043914794922
11912    53.028919219970703  33.439083099365234  50.118637084960938
11913    51.898868560791016  33.368667602539062  49.074699401855469
11914    53.950199127197266  33.403793334960938  47.983867645263672
11915    58.409042358398438  33.884620666503906  48.058712005615234
11916    59.301448822021484  34.087299346923828  48.175121307373047
11917    57.839179992675781  33.647258758544922  47.28924560546875
11918    56.017124176025391  33.493064880371094  47.394828796386719
11919    54.732944488525391  33.504093170166016  49.110996246337891
11920    60.398754119873047  34.163414001464844  47.991958618164062
11921    52.333614349365234  40.113243103027344  47.633205413818359
11922    52.273372650146484  40.192611694335938  46.077167510986328
11923    7.6243000030517578  41.034194946289062  47.363636016845703
11924    52.503360748291016  40.054634094238281  48.328170776367188
11925    50.792705535888672  40.016815185546875  46.626316070556641
11926    49.656475067138672  39.933734893798828  45.379779815673828
11927    56.372264862060547  40.167484283447266  48.271030426025391
11928    53.292743682861328  40.192668914794922  47.533149719238281
11929    59.793895721435547  40.637660980224609  47.848335266113281
11930    58.760406494140625  40.624824523925781  47.491794586181641
11931    57.581512451171875  40.269443511962891  48.052272796630859
11932    55.001152038574219  40.298236846923828  47.618240356445312
11933    63.096797943115234  43.844631195068359  47.517360687255859
11934    38.895988464355469  39.518638610839844  46.821929931640625
11935    37.601840972900391  39.450901031494141  48.378669738769531
11936    35.172206878662109  39.184162139892578  47.575935363769531
11937    34.694683074951172  39.086948394775391  46.380645751953125
11938    36.996517181396484  39.374935150146484  46.963874816894531
11939    36.027244567871094  39.298427581787109  49.263999938964844
11940    48.173992156982422  39.827114105224609  44.843906402587891
11941    61.492164611816406  40.974559783935547  48.097240447998047
11942    61.017314910888672  41.080238342285156  47.542057037353516
11943    56.643440246582031  27.029077529907227  47.360942840576172
11944    62.545284271240234  27.095314025878906  47.39801025390625
11945    57.763401031494141  26.801284790039062  47.900749206542969
11946    29.873525619506836  27.289350509643555  45.087642669677734
11947    27.944002151489258  27.162815093994141  45.514884948730469
11948    61.552505493164062  26.465913772583008  47.816459655761719
11949    60.7591552734375  26.41132926940918  47.901844024658203
11950    25.594074249267578  26.767711639404297  47.902938842773438
11951    24.990154266357422  26.374982833862305  47.929515838623047
11952    24.770175933837891  25.944620132446289  47.842151641845703
11953    44.009891510009766  27.341945648193359  46.929767608642578
11954    38.128410339355469  27.362688064575195  46.212287902832031
11955    31.756011962890625  33.292446136474609  46.577411651611328
11956    26.719875335693359  34.034053802490234  47.781135559082031
11957    27.405939102172852  33.631549835205078  48.068439483642578
11958    62.124160766601562  41.184135437011719  48.436763763427734
11959    47.168231964111328  52.279827117919922  45.581840515136719
11960    71.338241577148438  44.355129241943359  48.264064788818359
11961    63.229789733886719  45.492244720458984  47.322761535644531
11962    -0.37894731760025024  44.4263916015625  49.0765380859375
11963    56.394111633300781  50.909641265869141  47.360126495361328
11964    57.964214324951172  50.78643798828125  47.378398895263672
11965    56.826698303222656  51.288261413574219  48.197471618652344
11966    54.765411376953125  51.392066955566406  48.240310668945312
11967    55.393802642822266  51.112579345703125  47.596210479736328
11968    55.735805511474609  51.380111694335938  48.359439849853516
11969    53.625202178955078  51.260887145996094  46.688907623291016
11970    54.639087677001953  51.130943298339844  47.142070770263672
11971    54.066154479980469  51.379352569580078  47.895805358886719
11972    52.321987152099609  51.554595947265625  47.006702423095703
11973    63.174064636230469  47.424240112304688  47.240135192871094
11974    62.413963317871094  41.72564697265625  48.036464691162109
11975    61.77215576171875  41.424903869628906  47.488986968994141
11976    62.835964202880859  42.537094116210938  48.052570343017578
11977    62.092372894287109  51.040004730224609  48.418384552001953
11978    59.158248901367188  51.199367523193359  48.078411102294922
11979    48.278587341308594  52.161869049072266  47.072151184082031
11980    62.477108001708984  50.299057006835938  48.000526428222656
11981    61.8443603515625  50.695339202880859  47.880741119384766
11982    61.292640686035156  50.862857818603516  47.873870849609375
11983    60.504756927490234  50.982841491699219  47.908992767333984
11984    62.902416229248047  49.041282653808594  47.495941162109375
11985    49.701805114746094  51.989585876464844  47.455699920654297
11986    -0.42525380849838257  12.907557487487793  46.8922119140625
11987    21.38892936706543  7.7614703178405762  43.335292816162109
11988    61.796695709228516  19.628257751464844  48.219932556152344
11989    33.8609619140625  21.415451049804688  46.322303771972656
11990    25.165746688842773  23.064182281494141  47.693164825439453
11991    25.832279205322266  22.520654678344727  47.842189788818359
11992    55.216094970703125  19.976995468139648  46.737789154052734
11993    56.715755462646484  19.893589019775391  47.149906158447266
11994    60.896495819091797  19.782646179199219  48.101760864257812
11995    59.335369110107422  20.059316635131836  48.219730377197266
11996    60.017589569091797  19.819717407226562  47.953250885009766
11997    50.884117126464844  20.413074493408203  46.372428894042969
11998    57.416408538818359  20.144680023193359  48.135147094726562
11999    58.407241821289062  20.139572143554688  48.235038757324219
12000    43.383949279785156  20.969930648803711  47.785663604736328
12001    62.391807556152344  19.381660461425781  48.326431274414062
12002    34.970191955566406  21.315650939941406  47.131538391113281
12003    62.770717620849609  18.536104202270508  47.789463043212891
12004    62.228408813476562  18.974164962768555  47.499359130859375
12005    60.511207580566406  19.38429069519043  47.227497100830078
12006    61.517070770263672  19.243234634399414  47.431247711181641
12007    63.120277404785156  16.981136322021484  47.263694763183594
12008    50.293910980224609  20.433492660522461  44.590866088867188
12009    49.722434997558594  20.562915802001953  46.251945495605469
12010    24.42387580871582  24.194488525390625  48.134693145751953
12011    24.785528182983398  25.170883178710938  47.594486236572266
12012    24.516664505004883  23.407291412353516  48.324409484863281
12013    62.097602844238281  26.519609451293945  48.221046447753906
12014    59.839870452880859  26.440160751342773  48.034423828125
12015    59.043033599853516  26.643533706665039  47.696098327636719
12016    48.295742034912109  20.706594467163086  46.223133087158203
12017    46.429233551025391  20.836894989013672  46.912082672119141
12018    45.359401702880859  20.867959976196289  44.685733795166016
12019    30.330162048339844  21.830781936645508  47.545139312744141
12020    26.934442520141602  22.200504302978516  47.897239685058594
12021    49.701900482177734  8.8094062805175781  45.511192321777344
12022    47.970493316650391  8.5471935272216797  45.913497924804688
12023    45.320041656494141  8.203303337097168  45.969341278076172
12024    54.505477905273438  9.4136133193969727  47.534751892089844
12025    53.552097320556641  9.4386606216430664  46.504318237304688
12026    52.808078765869141  9.2782135009765625  46.789859771728516
12027    57.34613037109375  9.2693185806274414  48.367130279541016
12028    61.931385040283203  9.485804557800293  48.713764190673828
12029    61.181652069091797  9.6718273162841797  48.151775360107422
12030    -0.39593744277954102  15.077985763549805  48.291404724121094
12031    56.189334869384766  9.2296762466430664  48.46649169921875
12032    43.738502502441406  8.0437898635864258  47.919040679931641
12033    55.112648010253906  9.1983871459960938  48.487663269042969
12034    52.003139495849609  9.1224164962768555  46.898715972900391
12035    33.849067687988281  7.8251767158508301  44.560455322265625
12036    71.325263977050781  13.41865062713623  49.573612213134766
12037    63.197700500488281  13.72591495513916  47.618953704833984
12038    63.092475891113281  12.784455299377441  47.717205047607422
12039    60.058376312255859  9.7642965316772461  47.784107208251953
12040    58.585094451904297  9.6129169464111328  47.857059478759766
12041    56.894336700439453  9.6721277236938477  47.585391998291016
12042    55.682937622070312  9.4851760864257812  47.8074951171875
12043    71.396446228027344  12.306192398071289  48.805927276611328
12044    62.624607086181641  10.910316467285156  48.142219543457031
12045    62.1214599609375  10.013458251953125  48.309871673583984
12046    70.586708068847656  42.550323486328125  51.588951110839844
12047    70.897041320800781  41.811195373535156  51.692123413085938
12048    70.97857666015625  42.82684326171875  50.939720153808594
12049    4.4273781776428223  43.528289794921875  51.671306610107422
12050    3.595369815826416  44.109062194824219  51.428321838378906
12051    2.923264741897583  43.145492553710938  51.862220764160156
12052    1.9605944156646729  43.898830413818359  51.389766693115234
12053    1.7122130393981934  43.157291412353516  51.708900451660156
12054    66.679161071777344  42.214847564697266  52.534015655517578
12055    68.456871032714844  42.594890594482422  52.210369110107422
12056    66.673324584960938  43.176185607910156  51.845790863037109
12057    65.465141296386719  43.21685791015625  51.669834136962891
12058    65.219398498535156  42.387237548828125  52.103630065917969
12059    0.18366365134716034  44.005752563476562  50.644222259521484
12060    0.092508099973201752  42.953201293945312  50.912113189697266
12061    0.76326882839202881  43.942737579345703  51.04296875
12062    0.91799008846282959  43.069580078125  51.475841522216797
12063    71.172996520996094  42.127716064453125  50.890918731689453
12064    68.173057556152344  43.543979644775391  51.667129516601562
12065    69.385513305664062  43.427696228027344  51.579242706298828
12066    70.383628845214844  43.252758026123047  51.308219909667969
12067    69.881050109863281  42.675506591796875  51.876110076904297
12068    2.9466938972473145  44.802314758300781  51.175079345703125
12069    65.750114440917969  43.984275817871094  51.347404479980469
12070    64.520103454589844  44.216373443603516  50.857807159423828
12071    64.659706115722656  43.174125671386719  51.374225616455078
12072    68.891769409179688  44.313846588134766  51.282215118408203
12073    67.355918884277344  44.139106750488281  51.418281555175781
12074    2.4318132400512695  45.505180358886719  50.966800689697266
12075    1.5364590883255005  44.750881195068359  51.034828186035156
12076    1.1458636522293091  45.377120971679688  50.778404235839844
12077    6.3542380332946777  44.05712890625  51.049942016601562
12078    6.6418490409851074  43.187564849853516  51.309242248535156
12079    7.0823330879211426  43.611289978027344  50.648746490478516
12080    7.2357950210571289  42.631023406982422  50.980785369873047
12081    5.1457023620605469  44.296257019042969  51.279159545898438
12082    5.6432499885559082  43.408645629882812  51.578468322753906
12083    55.567592620849609  39.028728485107422  50.717693328857422
12084    54.5533447265625  39.424976348876953  50.715175628662109
12085    54.381881713867188  39.006137847900391  51.663455963134766
12086    1.4803801774978638  42.355514526367188  52.150230407714844
12087    0.21450966596603394  41.855472564697266  51.729240417480469
12088    71.097816467285156  41.116722106933594  51.860000610351562
12089    63.273208618164062  41.249122619628906  50.828163146972656
12090    63.910320281982422  41.927162170410156  51.506557464599609
12091    63.424072265625  42.046844482421875  50.618427276611328
12092    63.425876617431641  40.915687561035156  51.526664733886719
12093    56.021915435791016  38.160114288330078  50.9708251953125
12094    55.314601898193359  38.534778594970703  51.423778533935547
12095    2.9382262229919434  42.204360961914062  52.543384552001953
12096    -0.28167849779129028  40.902332305908203  51.491363525390625
12097    -0.16433329880237579  40.962261199951172  52.006237030029297
12098    71.182510375976562  40.635250091552734  52.055522918701172
12099    63.11273193359375  40.479419708251953  51.038368225097656
12100    63.255435943603516  40.114101409912109  51.740226745605469
12101    -0.30346766114234924  40.168460845947266  52.376567840576172
12102    6.1393957138061523  42.660335540771484  51.87896728515625
12103    4.7149090766906738  42.586593627929688  52.212505340576172
12104    63.782024383544922  43.075164794921875  50.662120819091797
12105    6.8444404602050781  42.50445556640625  51.603240966796875
12106    70.096359252929688  44.116641998291016  51.074653625488281
12107    7.4264006614685059  41.921745300292969  50.99468994140625
12108    7.1520624160766602  41.754669189453125  51.716800689697266
12109    7.3568282127380371  41.026985168457031  51.816158294677734
12110    6.8891081809997559  44.631549835205078  50.433746337890625
12111    6.5627913475036621  45.458980560302734  50.512542724609375
12112    6.0878801345825195  44.902366638183594  50.892543792724609
12113    67.998336791992188  44.806011199951172  51.192920684814453
12114    67.925796508789062  45.517559051513672  51.011238098144531
12115    66.751541137695312  44.837726593017578  51.167167663574219
12116    66.242500305175781  45.507534027099609  50.963626861572266
12117    2.4711055755615234  48.249958038330078  51.307964324951172
12118    1.056485652923584  48.291603088378906  51.086044311523438
12119    1.3878687620162964  47.522331237792969  50.930622100830078
12120    2.2874577045440674  47.557262420654297  51.078014373779297
12121    65.531379699707031  44.820842742919922  51.036144256591797
12122    64.967987060546875  45.283729553222656  50.759120941162109
12123    63.984264373779297  44.828033447265625  50.198875427246094
12124    5.6836700439453125  45.605709075927734  50.834651947021484
12125    5.1575102806091309  45.056777954101562  51.056892395019531
12126    4.163877010345459  45.509315490722656  51.008880615234375
12127    68.905372619628906  45.067058563232422  51.063758850097656
12128    4.2395467758178711  44.789089202880859  51.195320129394531
12129    5.893315315246582  46.932254791259766  50.756557464599609
12130    6.8128190040588379  46.890552520751953  50.206707000732422
12131    6.4194903373718262  47.517532348632812  50.697532653808594
12132    4.5095572471618652  46.951633453369141  50.958507537841797
12133    5.4032535552978516  47.637069702148438  51.00091552734375
12134    2.0997660160064697  46.860816955566406  50.895584106445312
12135    3.3700125217437744  46.932792663574219  50.983951568603516
12136    3.603438138961792  47.629730224609375  51.134750366210938
12137    0.41798585653305054  47.361446380615234  50.542018890380859
12138    0.83091145753860474  46.796436309814453  50.614906311035156
12139    70.63037109375  44.791042327880859  50.576198577880859
12140    70.305503845214844  45.5001220703125  50.637931823730469
12141    69.831001281738281  44.933921813964844  50.927593231201172
12142    69.429603576660156  45.611900329589844  50.866218566894531
12143    70.8236083984375  43.827445983886719  50.707172393798828
12144    0.64234274625778198  44.6634521484375  50.787792205810547
12145    0.2382178008556366  44.955532073974609  50.393791198730469
12146    63.834281921386719  43.969806671142578  50.411579132080078
12147    56.236526489257812  37.009544372558594  51.049530029296875
12148    55.705074310302734  36.530200958251953  51.615447998046875
12149    56.229179382324219  35.685317993164062  50.992679595947266
12150    55.343593597412109  35.854385375976562  52.144454956054688
12151    55.153129577636719  37.25054931640625  52.397632598876953
12152    23.206844329833984  36.999347686767578  51.258068084716797
12153    23.469051361083984  35.963714599609375  50.910884857177734
12154    22.249233245849609  34.820098876953125  52.055736541748047
12155    22.283641815185547  35.957817077636719  51.982002258300781
12156    23.052257537841797  35.007312774658203  51.314956665039062
12157    55.728862762451172  35.719024658203125  51.531211853027344
12158    22.273080825805664  34.321926116943359  52.185279846191406
12159    22.706155776977539  34.469802856445312  51.716278076171875
12160    -0.34424087405204773  39.068328857421875  53.773307800292969
12161    62.788059234619141  36.706554412841797  51.546436309814453
12162    63.057041168212891  37.846588134765625  52.425083160400391
12163    62.668617248535156  37.353603363037109  51.302227020263672
12164    63.015052795410156  36.487056732177734  52.391513824462891
12165    55.564197540283203  37.699546813964844  51.597896575927734
12166    -0.4605850875377655  36.744709014892578  54.017799377441406
12167    71.414291381835938  36.574012756347656  55.111667633056641
12168    71.436172485351562  34.906402587890625  49.606220245361328
12169    54.895088195800781  38.307426452636719  52.126285552978516
12170    55.489570617675781  34.210693359375  50.893466949462891
12171    56.225284576416016  34.721439361572266  50.650093078613281
12172    55.677921295166016  35.065387725830078  51.384960174560547
12173    54.349040985107422  34.009620666503906  52.261562347412109
12174    54.262496948242188  33.656768798828125  50.867721557617188
12175    55.100105285644531  34.774726867675781  52.100093841552734
12176    53.572025299072266  33.648735046386719  52.162021636962891
12177    44.875770568847656  33.31341552734375  51.790271759033203
12178    52.360221862792969  33.516376495361328  52.307151794433594
12179    50.602577209472656  33.394031524658203  51.295921325683594
12180    62.754314422607422  35.700885772705078  51.243793487548828
12181    63.047183990478516  35.2640380859375  52.504196166992188
12182    62.726497650146484  38.343879699707031  51.287731170654297
12183    23.209262847900391  34.402252197265625  51.315132141113281
12184    48.2686767578125  39.618743896484375  50.086040496826172
12185    43.407882690429688  39.443058013916016  50.820850372314453
12186    36.675296783447266  39.2884521484375  50.986637115478516
12187    38.095489501953125  39.435100555419922  49.703605651855469
12188    39.385581970214844  39.370925903320312  51.048934936523438
12189    71.136054992675781  40.240493774414062  52.754650115966797
12190    62.808731079101562  39.56365966796875  50.957466125488281
12191    63.106163024902344  39.116981506347656  51.941753387451172
12192    53.081809997558594  39.435035705566406  51.196815490722656
12193    7.4742841720581055  40.302982330322266  51.769565582275391
12194    22.862041473388672  37.504543304443359  51.682144165039062
12195    23.513572692871094  37.721290588378906  51.347061157226562
12196    22.334020614624023  37.156684875488281  52.041606903076172
12197    22.452705383300781  37.717578887939453  52.22509765625
12198    22.775417327880859  38.091945648193359  52.843597412109375
12199    25.533979415893555  38.415493011474609  52.227882385253906
12200    34.854362487792969  39.145622253417969  50.892917633056641
12201    7.3890113830566406  39.867443084716797  52.70928955078125
12202    7.5772147178649902  39.284969329833984  51.995162963867188
12203    65.138931274414062  47.498798370361328  50.868453979492188
12204    64.161026000976562  47.307949066162109  50.290477752685547
12205    64.577278137207031  46.740367889404297  50.489471435546875
12206    28.055686950683594  38.570819854736328  52.417869567871094
12207    33.710613250732422  52.795639038085938  51.127788543701172
12208    27.198284149169922  52.799774169921875  51.014205932617188
12209    47.536834716796875  52.574958801269531  51.607093811035156
12210    46.585445404052734  52.641685485839844  51.478721618652344
12211    47.567222595214844  52.527900695800781  50.952548980712891
12212    51.476615905761719  52.351940155029297  51.485477447509766
12213    48.998508453369141  52.438610076904297  51.465499877929688
12214    51.072044372558594  52.193107604980469  50.398422241210938
12215    48.538009643554688  52.456230163574219  51.069133758544922
12216    45.146762847900391  52.699146270751953  51.552490234375
12217    43.698471069335938  52.722225189208984  51.123245239257812
12218    19.732339859008789  52.778102874755859  50.803455352783203
12219    61.797145843505859  51.716045379638672  50.922714233398438
12220    62.663414001464844  50.990421295166016  50.633029937744141
12221    61.970897674560547  51.545513153076172  51.860870361328125
12222    62.941612243652344  51.04339599609375  51.859664916992188
12223    14.606683731079102  52.633792877197266  50.937702178955078
12224    59.727115631103516  52.020641326904297  51.959068298339844
12225    58.116630554199219  52.131141662597656  51.955665588378906
12226    59.232215881347656  52.161090850830078  51.160976409912109
12227    53.481552124023438  52.386039733886719  51.677822113037109
12228    53.636787414550781  52.293678283691406  51.029800415039062
12229    54.535499572753906  52.376003265380859  51.936729431152344
12230    55.651901245117188  52.299182891845703  52.213432312011719
12231    10.404741287231445  52.318973541259766  49.921333312988281
12232    8.6209745407104492  51.637367248535156  47.980453491210938
12233    9.626225471496582  52.320327758789062  46.305809020996094
12234    1.9445092678070068  49.157821655273438  51.6644287109375
12235    0.70666944980621338  49.128097534179688  51.341098785400391
12236    5.3763623237609863  49.40167236328125  51.737377166748047
12237    3.8400943279266357  49.241798400878906  51.815643310546875
12238    5.016237735748291  48.531604766845703  51.34417724609375
12239    3.7339472770690918  48.40185546875  51.407806396484375
12240    66.443870544433594  49.991912841796875  52.293651580810547
12241    65.092536926269531  49.851837158203125  51.955375671386719
12242    65.712654113769531  49.132682800292969  51.609947204589844
12243    0.021584166213870049  49.218196868896484  50.867488861083984
12244    0.1886313408613205  48.266517639160156  50.683330535888672
12245    63.914703369140625  48.287139892578125  50.347122192382812
12246    64.812126159667969  48.275718688964844  50.981220245361328
12247    70.110084533691406  48.261928558349609  50.942523956298828
12248    68.822723388671875  48.539989471435547  51.369007110595703
12249    69.168777465820312  47.632465362548828  51.017520904541016
12250    70.196067810058594  47.485324859619141  50.748828887939453
12251    67.365249633789062  47.627098083496094  51.132225036621094
12252    67.526031494140625  48.407310485839844  51.408435821533203
12253    0.46223044395446777  49.800182342529297  51.647106170654297
12254    70.0849609375  49.201190948486328  51.388999938964844
12255    70.852859497070312  48.906703948974609  50.501003265380859
12256    70.78564453125  47.628444671630859  50.318336486816406
12257    69.293731689453125  49.410533905029297  51.763931274414062
12258    6.2871856689453125  49.169933319091797  51.212326049804688
12259    6.3223538398742676  48.232940673828125  50.839447021484375
12260    67.682228088378906  49.268741607666016  51.825187683105469
12261    66.243392944335938  48.244400024414062  51.286006927490234
12262    64.473258972167969  49.155513763427734  51.254924774169922
12263    63.700702667236328  49.455810546875  50.800498962402344
12264    7.0924921035766602  48.595226287841797  49.894657135009766
12265    6.9281516075134277  47.713741302490234  50.232425689697266
12266    66.041587829589844  47.548511505126953  51.061958312988281
12267    65.851737976074219  46.8421630859375  50.871265411376953
12268    69.646514892578125  46.911964416503906  50.802642822265625
12269    70.574554443359375  46.837207794189453  50.456535339355469
12270    68.260444641113281  46.946624755859375  50.963851928710938
12271    67.120346069335938  46.928497314453125  50.980548858642578
12272    0.17390398681163788  50.266521453857422  51.699928283691406
12273    48.483325958251953  52.382255554199219  50.425891876220703
12274    49.507057189941406  52.294242858886719  50.433151245117188
12275    7.8407778739929199  50.81024169921875  49.536056518554688
12276    54.497772216796875  52.156578063964844  50.439655303955078
12277    53.101322174072266  52.080760955810547  50.19708251953125
12278    7.0731277465820312  50.027793884277344  50.888839721679688
12279    70.055496215820312  49.876075744628906  51.888156890869141
12280    69.308013916015625  50.176010131835938  52.332515716552734
12281    61.054653167724609  51.86676025390625  51.738971710205078
12282    60.679706573486328  52.036361694335938  51.088508605957031
12283    71.134010314941406  50.614341735839844  50.711429595947266
12284    63.243888854980469  50.295181274414062  50.859184265136719
12285    57.935531616210938  52.213260650634766  51.195732116699219
12286    56.862041473388672  52.230648040771484  51.704475402832031
12287    56.981315612792969  52.250419616699219  50.846031188964844
12288    63.733455657958984  50.475704193115234  51.860332489013672
12289    64.234199523925781  49.888069152832031  51.656791687011719
12290    1.2544883489608765  49.884376525878906  52.00848388671875
12291    6.1968207359313965  49.999496459960938  51.880226135253906
12292    5.1194705963134766  50.026050567626953  52.259311676025391
12293    4.1568922996520996  50.0504150390625  52.384979248046875
12294    2.8556163311004639  50.12408447265625  52.43463134765625
12295    70.650123596191406  50.084274291992188  51.619369506835938
12296    67.916969299316406  50.284694671630859  52.587799072265625
12297    6.3657875061035156  16.432134628295898  50.969337463378906
12298    6.4536256790161133  15.653950691223145  50.729194641113281
12299    7.0435953140258789  15.949396133422852  50.322780609130859
12300    3.6157255172729492  15.763814926147461  51.139671325683594
12301    4.5151782035827637  15.078607559204102  50.9599609375
12302    5.4240689277648926  15.770754814147949  51.016460418701172
12303    3.3732881546020508  15.061461448669434  50.983489990234375
12304    2.1010663509368896  14.993310928344727  50.889244079589844
12305    2.290238618850708  15.692352294921875  51.078685760498047
12306    0.82902127504348755  14.971413612365723  50.579616546630859
12307    1.3856140375137329  15.674711227416992  50.922466278076172
12308    5.9038152694702148  15.059212684631348  50.770435333251953
12309    6.8329811096191406  15.069525718688965  50.328353881835938
12310    70.626899719238281  12.940877914428711  50.629791259765625
12311    70.304336547851562  13.63344669342041  50.665298461914062
12312    69.825637817382812  13.061989784240723  50.939735412597656
12313    69.4288330078125  13.740654945373535  50.872081756591797
12314    68.902778625488281  13.194916725158691  51.068061828613281
12315    67.927238464355469  13.647017478942871  51.012424468994141
12316    68.000221252441406  12.936616897583008  51.196029663085938
12317    66.75860595703125  12.968241691589355  51.167793273925781
12318    2.4746620655059814  16.398805618286133  51.318878173828125
12319    5.5380043983459473  17.559970855712891  51.792705535888672
12320    3.9000132083892822  17.448726654052734  51.883396148681641
12321    5.0694317817687988  16.68333625793457  51.385200500488281
12322    69.645927429199219  15.035367965698242  50.817153930664062
12323    70.574386596679688  14.952232360839844  50.533515930175781
12324    70.195274353027344  15.59334659576416  50.796920776367188
12325    68.259063720703125  15.075345993041992  50.967082977294922
12326    69.165969848632812  15.753893852233887  51.032527923583984
12327    67.358489990234375  15.761468887329102  51.13983154296875
12328    67.118659973144531  15.060541152954102  50.983108520507812
12329    66.244911193847656  13.638967514038086  50.963455200195312
12330    65.849945068359375  14.984894752502441  50.879867553710938
12331    66.03375244140625  15.690523147583008  51.072929382324219
12332    64.577308654785156  14.926416397094727  50.528224945068359
12333    65.130744934082031  15.663910865783691  50.897022247314453
12334    0.4119294285774231  15.648128509521484  50.4927978515625
12335    70.076255798339844  12.238511085510254  51.098060607910156
12336    70.818412780761719  11.988784790039062  50.757400512695312
12337    68.872200012207031  12.435861587524414  51.297420501708984
12338    5.1630535125732422  13.194998741149902  51.037166595458984
12339    4.2563881874084473  12.924487113952637  51.189296722412109
12340    5.1526675224304199  12.439210891723633  51.243465423583984
12341    67.364776611328125  12.283222198486328  51.420997619628906
12342    64.161712646484375  15.559929847717285  50.392925262451172
12343    65.755767822265625  12.11078929901123  51.348697662353516
12344    65.534576416015625  12.950916290283203  51.033130645751953
12345    2.9687747955322266  12.93194580078125  51.176654815673828
12346    1.5493242740631104  12.874916076660156  51.032020568847656
12347    2.0079400539398193  12.016745567321777  51.405937194824219
12348    63.980373382568359  13.028735160827637  50.210254669189453
12349    63.806846618652344  12.126449584960938  50.352214813232422
12350    64.499267578125  12.354721069335938  50.838432312011719
12351    6.0893149375915527  13.080690383911133  50.790054321289062
12352    6.347409725189209  12.2418212890625  50.813152313232422
12353    6.8929891586303711  13.044990539550781  49.979869842529297
12354    7.1025176048278809  11.945740699768066  49.673664093017578
12355    4.1702675819396973  13.639766693115234  51.005287170410156
12356    64.967666625976562  13.427664756774902  50.758579254150391
12357    1.1486891508102417  13.506983757019043  50.75347900390625
12358    0.64531773328781128  12.800089836120605  50.751247406005859
12359    0.23675006628036499  13.175345420837402  50.22613525390625
12360    6.5643315315246582  13.695966720581055  50.415870666503906
12361    5.6861124038696289  13.752330780029297  50.810874938964844
12362    1.0374581813812256  16.466512680053711  51.081783294677734
12363    2.4380373954772949  13.631318092346191  50.964191436767578
12364    70.107376098632812  16.350452423095703  51.022796630859375
12365    70.079414367675781  17.286643981933594  51.461940765380859
12366    68.811592102050781  16.668186187744141  51.392242431640625
12367    69.281539916992188  17.544279098510742  51.794658660888672
12368    67.645622253417969  17.445652008056641  51.88055419921875
12369    -0.21867372095584869  20.494632720947266  52.743526458740234
12370    0.075969502329826355  18.882497787475586  52.031753540039062
12371    65.618316650390625  17.328187942504883  51.669368743896484
12372    66.217704772949219  16.399868011474609  51.309906005859375
12373    67.507827758789062  16.552192687988281  51.427566528320312
12374    63.721233367919922  17.846567153930664  50.959770202636719
12375    63.904029846191406  16.601367950439453  50.453598022460938
12376    64.402000427246094  17.3695068359375  51.309833526611328
12377    64.78131103515625  16.471307754516602  51.029426574707031
12378    6.3376626968383789  17.355537414550781  51.434558868408203
12379    7.1104698181152344  17.228660583496094  50.734577178955078
12380    6.9062662124633789  18.258386611938477  51.744586944580078
12381    0.38616439700126648  18.058504104614258  51.719203948974609
12382    -0.012540867552161217  17.676809310913086  50.971752166748047
12383    0.65661168098449707  17.327770233154297  51.357414245605469
12384    6.3065834045410156  18.022836685180664  51.926162719726562
12385    5.5670418739318848  18.350559234619141  52.397598266601562
12386    4.2327432632446289  18.500482559204102  52.709648132324219
12387    2.517359733581543  18.332008361816406  52.517715454101562
12388    1.1130975484848022  18.042150497436523  52.017768859863281
12389    1.8730188608169556  17.321138381958008  51.685531616210938
12390    70.851272583007812  16.908544540405273  50.909088134765625
12391    70.785057067871094  15.711055755615234  50.543437957763672
12392    0.17280115187168121  16.599136352539062  50.661418914794922
12393    3.7653601169586182  16.554092407226562  51.428230285644531
12394    -0.34727510809898376  8.7935113906860352  50.640178680419922
12395    -0.19802895188331604  9.3311901092529297  51.399345397949219
12396    -0.27318578958511353  9.6674423217773438  50.739971160888672
12397    57.89508056640625  8.5280323028564453  51.997386932373047
12398    58.817123413085938  8.5201892852783203  51.365402221679688
12399    57.753177642822266  8.4449977874755859  51.200817108154297
12400    59.177024841308594  8.6120595932006836  51.907344818115234
12401    48.861289978027344  8.2435321807861328  51.296710968017578
12402    48.711418151855469  8.3928852081298828  50.027927398681641
12403    47.783031463623047  8.2184915542602539  50.952163696289062
12404    56.692947387695312  8.4137907028198242  51.856410980224609
12405    56.567276000976562  8.388737678527832  51.071914672851562
12406    55.774478912353516  8.3110628128051758  51.688770294189453
12407    55.694366455078125  8.3316440582275391  51.110111236572266
12408    54.935016632080078  8.3171224594116211  51.063259124755859
12409    54.859951019287109  8.4013681411743164  50.671630859375
12410    54.125614166259766  8.3413829803466797  51.026760101318359
12411    52.639892578125  8.3437776565551758  51.192665100097656
12412    52.447441101074219  8.5568008422851562  50.331123352050781
12413    50.618709564208984  8.4868307113647461  50.337211608886719
12414    50.988506317138672  8.3408975601196289  51.169567108154297
12415    53.477058410644531  8.2492971420288086  51.748435974121094
12416    46.976634979248047  8.2094564437866211  50.463130950927734
12417    71.228477478027344  9.2483758926391602  51.557083129882812
12418    71.135169982910156  9.4797992706298828  51.722721099853516
12419    71.182388305664062  10.496719360351562  50.925651550292969
12420    70.928443908691406  10.040309906005859  51.685394287109375
12421    62.693473815917969  9.4475555419921875  50.745185852050781
12422    63.593597412109375  10.18907642364502  51.458271026611328
12423    63.224704742431641  10.219990730285645  50.545372009277344
12424    62.677028656005859  9.3843221664428711  51.647445678710938
12425    7.9060168266296387  9.3668403625488281  50.110305786132812
12426    7.5788640975952148  10.04515552520752  49.795112609863281
12427    7.3063826560974121  9.9631881713867188  51.343437194824219
12428    61.620868682861328  8.9080820083618164  51.2694091796875
12429    61.9263916015625  9.0472593307495117  52.333858489990234
12430    60.393543243408203  8.7616300582885742  52.13104248046875
12431    60.068496704101562  8.6080045700073242  51.259654998779297
12432    68.042366027832031  10.585507392883301  52.385566711425781
12433    69.799835205078125  10.743583679199219  51.94879150390625
12434    69.292045593261719  11.515301704406738  51.632213592529297
12435    44.226734161376953  8.0097522735595703  51.505874633789062
12436    45.396350860595703  8.0767574310302734  50.609085083007812
12437    43.494979858398438  7.980771541595459  50.898429870605469
12438    46.45477294921875  8.1066598892211914  51.441314697265625
12439    46.279109954833984  8.1908626556396484  49.889625549316406
12440    44.180187225341797  8.0224342346191406  49.871723175048828
12441    41.8546142578125  7.9540438652038574  49.860458374023438
12442    31.165632247924805  7.8942775726318359  51.062568664550781
12443    36.413097381591797  7.9034614562988281  50.234195709228516
12444    30.189945220947266  7.8291745185852051  49.710788726806641
12445    55.01068115234375  8.2603015899658203  51.558738708496094
12446    8.6802291870117188  8.7020330429077148  50.746383666992188
12447    0.85888880491256714  11.181498527526855  51.454460144042969
12448    0.076149925589561462  11.195504188537598  50.733879089355469
12449    0.13011962175369263  10.100764274597168  51.507129669189453
12450    1.0518364906311035  10.426581382751465  52.082271575927734
12451    71.23309326171875  8.4756879806518555  52.542678833007812
12452    54.583423614501953  8.2542209625244141  52.180431365966797
12453    0.18580871820449829  12.213139533996582  50.524753570556641
12454    0.76326096057891846  12.079317092895508  51.017810821533203
12455    68.099449157714844  11.660076141357422  51.706363677978516
12456    66.750892639160156  11.42609691619873  51.809852600097656
12457    4.4436769485473633  11.678929328918457  51.675296783447266
12458    3.6463553905487061  12.259181976318359  51.425697326660156
12459    3.1093595027923584  11.386127471923828  51.848430633544922
12460    65.462150573730469  11.221881866455078  51.75091552734375
12461    64.531585693359375  11.302377700805664  51.346378326416016
12462    63.694618225097656  11.23060417175293  50.598133087158203
12463    5.606513500213623  11.539554595947266  51.532852172851562
12464    6.6190729141235352  11.328551292419434  51.025554656982422
12465    70.356231689453125  11.371488571166992  51.339218139648438
12466    70.981590270996094  11.042749404907227  50.975193023681641
12467    7.270906925201416  10.782426834106445  50.115192413330078
12468    4.5861911773681641  10.69759464263916  52.296833038330078
12469    6.0720510482788086  10.777020454406738  51.861572265625
12470    64.700294494628906  10.555641174316406  51.95928955078125
12471    65.985092163085938  10.605166435241699  52.264350891113281
12472    6.827704906463623  10.618205070495605  51.413326263427734
12473    2.4319381713867188  10.415132522583008  52.502170562744141
12474    1.7991524934768677  11.117575645446777  51.850906372070312
12475    70.578773498535156  10.679281234741211  51.615409851074219
12476    7.4001402854919434  18.950418472290039  51.33441162109375
12477    28.769874572753906  27.354339599609375  51.909156799316406
12478    29.780796051025391  27.348932266235352  50.293643951416016
12479    28.214191436767578  27.31617546081543  50.990283966064453
12480    23.152421951293945  33.868240356445312  52.201824188232422
12481    23.830484390258789  34.186698913574219  50.990303039550781
12482    24.072002410888672  33.587173461914062  52.883201599121094
12483    54.459407806396484  26.831611633300781  51.088203430175781
12484    54.2515869140625  26.618978500366211  52.107460021972656
12485    55.222923278808594  26.403903961181641  51.199733734130859
12486    54.766559600830078  26.167156219482422  52.155223846435547
12487    41.973472595214844  27.338546752929688  53.024368286132812
12488    24.115888595581055  27.144838333129883  52.904010772705078
12489    22.171159744262695  26.835084915161133  52.651233673095703
12490    22.543403625488281  26.480146408081055  51.234821319580078
12491    21.553747177124023  26.470640182495117  52.171993255615234
12492    21.79505729675293  26.227766036987305  51.5941162109375
12493    20.822772979736328  25.350849151611328  52.431793212890625
12494    21.303295135498047  26.079927444458008  52.039272308349609
12495    21.537288665771484  25.786272048950195  51.659496307373047
12496    62.955150604248047  24.108453750610352  50.793491363525391
12497    63.0958251953125  26.236494064331055  51.354511260986328
12498    62.947029113769531  25.411523818969727  50.538585662841797
12499    63.137435913085938  23.820671081542969  52.114128112792969
12500    55.765419006347656  26.041313171386719  51.012554168701172
12501    55.460750579833984  25.728799819946289  51.626304626464844
12502    56.291294097900391  25.509632110595703  50.841251373291016
12503    55.808029174804688  24.9166259765625  51.594806671142578
12504    26.596759796142578  27.228376388549805  50.892646789550781
12505    30.429859161376953  27.381893157958984  51.558265686035156
12506    22.14263916015625  25.8671875  51.086273193359375
12507    26.553861618041992  33.396690368652344  52.096649169921875
12508    26.959089279174805  33.325088500976562  53.577079772949219
12509    28.5753173828125  33.310157775878906  51.655609130859375
12510    53.157299041748047  26.851018905639648  52.543144226074219
12511    53.096836090087891  27.047750473022461  51.137199401855469
12512    22.831075668334961  34.138786315917969  51.848968505859375
12513    46.455459594726562  21.022504806518555  50.788543701171875
12514    43.636817932128906  21.086458206176758  50.493888854980469
12515    46.120353698730469  20.917373657226562  49.288993835449219
12516    40.71240234375  21.106267929077148  49.833408355712891
12517    40.816287994384766  21.040182113647461  48.47283935546875
12518    -0.37722977995872498  22.507781982421875  54.529659271240234
12519    38.017070770263672  21.240938186645508  50.314033508300781
12520    54.126251220703125  21.343477249145508  51.743785858154297
12521    54.299949645996094  20.986522674560547  50.823749542236328
12522    55.347057342529297  21.333806991577148  50.913017272949219
12523    54.884906768798828  21.740348815917969  51.949726104736328
12524    53.251873016357422  21.075834274291992  51.356380462646484
12525    51.477092742919922  21.049903869628906  51.321842193603516
12526    34.49725341796875  21.507499694824219  51.265331268310547
12527    34.045871734619141  21.50880241394043  50.448814392089844
12528    35.517471313476562  21.394008636474609  50.549613952636719
12529    48.716060638427734  21.038263320922852  51.187099456787109
12530    32.882991790771484  21.773429870605469  51.757301330566406
12531    64.862770080566406  18.038421630859375  51.993873596191406
12532    71.133277893066406  18.496761322021484  51.622982025146484
12533    70.646881103515625  18.114933013916016  51.792282104492188
12534    70.049835205078125  17.984378814697266  51.930179595947266
12535    69.318992614746094  18.331953048706055  52.390880584716797
12536    67.994590759277344  18.493677139282227  52.705417633056641
12537    66.271354675292969  18.326467514038086  52.509445190429688
12538    64.144538879394531  18.061758041381836  51.684207916259766
12539    63.877605438232422  18.68311882019043  51.970836639404297
12540    63.472118377685547  19.277795791625977  51.508129119873047
12541    33.855796813964844  21.637102127075195  51.676017761230469
12542    56.133216857910156  22.095392227172852  50.993434906005859
12543    55.503009796142578  21.987993240356445  51.5618896484375
12544    21.255884170532227  24.033390045166016  51.964626312255859
12545    22.126920700073242  24.001581192016602  50.978790283203125
12546    21.736907958984375  23.399806976318359  51.57537841796875
12547    22.22553825378418  23.225042343139648  51.144290924072266
12548    21.722671508789062  25.05694580078125  51.380867004394531
12549    62.986648559570312  26.034896850585938  50.472637176513672
12550    21.341293334960938  23.244892120361328  52.141868591308594
12551    56.397933959960938  24.386425018310547  51.090896606445312
12552    55.862880706787109  23.862510681152344  51.686454772949219
12553    25.413166046142578  22.16044807434082  53.080852508544922
12554    24.245206832885742  22.280342102050781  52.259567260742188
12555    25.675594329833984  22.20649528503418  51.125652313232422
12556    56.486900329589844  23.168741226196289  51.047306060791016
12557    55.766822814941406  22.765085220336914  51.662570953369141
12558    22.692745208740234  22.524139404296875  52.363304138183594
12559    22.889917373657227  22.864839553833008  50.914997100830078
12560    21.951910018920898  22.926647186279297  51.817955017089844
12561    63.009983062744141  22.516216278076172  50.941650390625
12562    63.170791625976562  21.210212707519531  51.537628173828125
12563    29.304901123046875  22.018882751464844  52.105430603027344
12564    30.516645431518555  21.940347671508789  51.041027069091797
12565    30.085311889648438  33.269794464111328  51.563144683837891
12566    57.188758850097656  34.980785369873047  50.128494262695312
12567    46.847572326660156  33.378978729248047  52.850551605224609
12568    49.339088439941406  33.341178894042969  49.227733612060547
12569    23.634395599365234  34.595401763916016  50.88372802734375
12570    62.166816711425781  36.430934906005859  50.690330505371094
12571    58.258785247802734  35.64886474609375  50.069129943847656
12572    57.947948455810547  36.924179077148438  50.324108123779297
12573    57.081436157226562  36.268527984619141  50.539211273193359
12574    62.367431640625  35.236133575439453  50.325107574462891
12575    60.949146270751953  36.355602264404297  50.223808288574219
12576    61.551406860351562  35.318328857421875  49.90374755859375
12577    60.121837615966797  37.345115661621094  50.182735443115234
12578    58.815387725830078  37.666339874267578  50.160476684570312
12579    59.019874572753906  36.545810699462891  50.188331604003906
12580    59.924953460693359  36.245395660400391  50.138782501220703
12581    60.325599670410156  35.503196716308594  49.885086059570312
12582    59.341140747070312  35.700889587402344  49.994308471679688
12583    30.593143463134766  38.677154541015625  50.474945068359375
12584    61.483680725097656  37.4862060546875  50.406997680664062
12585    56.969646453857422  37.665699005126953  50.542697906494141
12586    22.569612503051758  25.151288986206055  50.455284118652344
12587    22.778631210327148  26.025299072265625  50.493873596191406
12588    58.521400451660156  25.195531845092773  49.924125671386719
12589    57.519294738769531  25.362707138061523  50.146743774414062
12590    56.918815612792969  25.478717803955078  50.396953582763672
12591    57.751369476318359  24.50139045715332  50.351264953613281
12592    58.797821044921875  24.236930847167969  50.162372589111328
12593    59.796360015869141  25.098882675170898  49.770023345947266
12594    60.912940979003906  24.80040168762207  49.810501098632812
12595    59.999191284179688  23.859872817993164  50.059127807617188
12596    58.951274871826172  23.271516799926758  50.185585021972656
12597    57.878761291503906  23.330694198608398  50.387393951416016
12598    61.288276672363281  23.679792404174805  49.984279632568359
12599    60.517986297607422  22.837577819824219  50.018871307373047
12600    59.587390899658203  22.811819076538086  50.077053070068359
12601    56.957115173339844  24.883743286132812  50.601844787597656
12602    57.061603546142578  23.888950347900391  50.706214904785156
12603    33.00323486328125  27.397808074951172  51.184410095214844
12604    6.3336219787597656  46.184532165527344  50.52008056640625
12605    5.0811128616333008  46.271072387695312  50.854106903076172
12606    3.344463586807251  46.310642242431641  50.932193756103516
12607    67.102394104003906  46.306926727294922  50.930595397949219
12608    65.65277099609375  46.020305633544922  50.823455810546875
12609    64.667434692382812  45.984134674072266  50.507389068603516
12610    1.879408597946167  46.049098968505859  50.839118957519531
12611    0.90795689821243286  46.053642272949219  50.602176666259766
12612    70.080093383789062  46.185928344726562  50.64019775390625
12613    68.82977294921875  46.267078399658203  50.873714447021484
12614    11.03391170501709  52.691452026367188  43.994842529296875
12615    59.658859252929688  38.627223968505859  49.868633270263672
12616    62.296798706054688  37.636978149414062  50.803653717041016
12617    62.0904541015625  38.667629241943359  50.487384796142578
12618    60.951835632324219  38.517230987548828  50.062347412109375
12619    50.455406188964844  39.38427734375  51.700973510742188
12620    58.418178558349609  38.610832214355469  49.921234130859375
12621    57.870399475097656  37.915779113769531  50.240978240966797
12622    57.358879089355469  38.619514465332031  50.098533630371094
12623    56.500156402587891  38.619686126708984  50.443046569824219
12624    23.861047744750977  37.359878540039062  50.763206481933594
12625    57.514972686767578  8.4231595993041992  50.463062286376953
12626    59.106025695800781  8.4584712982177734  50.617412567138672
12627    61.980697631835938  8.8694324493408203  50.445087432861328
12628    60.911125183105469  8.5701436996459961  50.451457977294922
12629    21.505807876586914  7.8065242767333984  48.849849700927734
12630    10.053290367126465  8.281468391418457  49.107383728027344
12631    15.468550682067871  7.795051097869873  45.870380401611328
12632    15.57100772857666  7.8577280044555664  49.064357757568359
12633    12.169952392578125  7.9577150344848633  47.541370391845703
12634    59.88616943359375  21.986932754516602  49.840087890625
12635    60.875541687011719  21.98695182800293  49.829349517822266
12636    58.573867797851562  22.140373229980469  49.988147735595703
12637    57.160327911376953  22.309932708740234  50.447967529296875
12638    61.520912170410156  22.052911758422852  49.844730377197266
12639    57.110324859619141  23.132026672363281  50.661445617675781
12640    61.279468536376953  22.64837646484375  49.968185424804688
12641    22.625997543334961  23.401117324829102  50.604637145996094
12642    27.235006332397461  22.092718124389648  51.807365417480469
12643    1.8808729648590088  14.176196098327637  50.830886840820312
12644    0.90744549036026001  14.208544731140137  50.558914184570312
12645    3.3467273712158203  14.438090324401855  50.930736541748047
12646    67.102340698242188  14.438149452209473  50.931949615478516
12647    5.0843048095703125  14.401912689208984  50.852123260498047
12648    65.653244018554688  14.15869140625  50.82623291015625
12649    64.668312072753906  14.153993606567383  50.525588989257812
12650    68.829582214355469  14.395613670349121  50.877452850341797
12651    6.338139533996582  14.368583679199219  50.513763427734375
12652    70.079818725585938  14.314906120300293  50.665447235107422
12653    51.982467651367188  51.459415435791016  44.762020111083984
12654    48.943687438964844  52.009510040283203  44.714519500732422
12655    61.339424133300781  49.012432098388672  44.850112915039062
12656    62.035503387451172  48.467155456542969  44.160903930664062
12657    62.126731872558594  48.868186950683594  45.436222076416016
12658    60.504520416259766  49.506584167480469  45.555469512939453
12659    59.163173675537109  49.735576629638672  45.427883148193359
12660    60.304546356201172  49.192916870117188  44.380191802978516
12661    61.394145965576172  49.367927551269531  45.774299621582031
12662    58.081459045410156  49.921401977539062  45.367023468017578
12663    57.836833953857422  49.863193511962891  44.700286865234375
12664    58.500946044921875  49.690502166748047  44.7183837890625
12665    57.113014221191406  50.212863922119141  45.461616516113281
12666    56.135498046875  50.493869781494141  45.676792144775391
12667    55.536960601806641  50.615592956542969  45.26446533203125
12668    45.537689208984375  52.463218688964844  44.583694458007812
12669    46.68353271484375  52.321739196777344  43.769046783447266
12670    54.576824188232422  50.896472930908203  45.228759765625
12671    -0.45797273516654968  54.053108215332031  47.222705841064453
12672    30.303670883178711  52.852550506591797  44.067539215087891
12673    57.219280242919922  10.645689010620117  44.076763153076172
12674    55.916488647460938  10.227323532104492  44.051750183105469
12675    58.329769134521484  11.012134552001953  43.764640808105469
12676    59.473464965820312  11.308615684509277  43.761260986328125
12677    58.655811309814453  10.984212875366211  44.7999267578125
12678    62.297199249267578  12.414896011352539  44.058082580566406
12679    61.625953674316406  11.972972869873047  44.024482727050781
12680    62.3148193359375  12.211212158203125  44.955364227294922
12681    62.071964263916016  12.397861480712891  43.102291107177734
12682    60.779972076416016  11.484808921813965  44.716842651367188
12683    60.585281372070312  11.656055450439453  43.539653778076172
12684    61.731178283691406  11.616656303405762  45.378364562988281
12685    60.125354766845703  11.401734352111816  44.333728790283203
12686    57.876979827880859  10.802594184875488  44.761089324951172
12687    62.723747253417969  12.824729919433594  44.600032806396484
12688    58.934703826904297  19.069391250610352  44.152122497558594
12689    57.686737060546875  19.228960037231445  43.460834503173828
12690    56.248283386230469  19.56678581237793  44.593143463134766
12691    56.746170043945312  19.411201477050781  43.771293640136719
12692    59.985439300537109  18.857107162475586  44.08349609375
12693    62.399887084960938  18.121852874755859  45.014514923095703
12694    62.628284454345703  17.657194137573242  43.752490997314453
12695    62.813911437988281  17.525850296020508  44.905158996582031
12696    62.216564178466797  18.117538452148438  44.112419128417969
12697    62.282398223876953  17.918895721435547  43.033317565917969
12698    61.895404815673828  18.138919830322266  42.503414154052734
12699    61.638156890869141  18.350444793701172  43.648788452148438
12700    54.425296783447266  19.882568359375  44.207607269287109
12701    55.367801666259766  19.75727653503418  44.836456298828125
12702    60.995769500732422  18.681438446044922  44.647212982177734
12703    60.709602355957031  18.641475677490234  43.490718841552734
12704    50.934783935546875  20.322647094726562  43.684398651123047
12705    41.653308868408203  20.982154846191406  43.997730255126953
12706    61.794021606445312  18.456960678100586  44.877307891845703
12707    60.436248779296875  18.796825408935547  44.472332000732422
12708    62.840187072753906  13.346124649047852  43.52386474609375
12709    63.060417175292969  13.987126350402832  44.524593353271484
12710    62.981319427490234  13.402541160583496  44.832469940185547
12711    62.517910003662109  12.746275901794434  43.536640167236328
12712    63.052177429199219  16.591428756713867  44.831737518310547
12713    63.134563446044922  15.173067092895508  45.105724334716797
12714    31.378259658813477  7.8114204406738281  44.190078735351562
12715    25.730453491210938  23.558870315551758  45.172012329101562
12716    25.636590957641602  23.864376068115234  45.676979064941406
12717    25.575298309326172  24.577522277832031  45.105831146240234
12718    25.508708953857422  24.533796310424805  45.958763122558594
12719    25.594749450683594  23.831850051879883  44.518047332763672
12720    25.850034713745117  23.188501358032227  44.665672302246094
12721    26.04857063293457  22.955947875976562  45.132541656494141
12722    25.848358154296875  26.002017974853516  45.555923461914062
12723    26.127561569213867  26.366125106811523  44.592899322509766
12724    25.718046188354492  25.633598327636719  44.920249938964844
12725    25.618797302246094  25.278347015380859  45.580730438232422
12726    25.724948883056641  25.887739181518555  44.001571655273438
12727    25.539649963378906  25.214563369750977  44.432624816894531
12728    25.468002319335938  24.56922721862793  44.307071685791016
12729    25.885211944580078  23.175519943237305  45.762832641601562
12730    31.613712310791016  21.68360710144043  47.190574645996094
12731    30.918243408203125  21.714279174804688  45.752052307128906
12732    32.282001495361328  21.57020378112793  45.676746368408203
12733    38.830471038818359  21.069379806518555  43.512992858886719
12734    26.356117248535156  22.647315979003906  44.409183502197266
12735    27.091764450073242  22.258087158203125  44.565963745117188
12736    26.615245819091797  22.510461807250977  45.571659088134766
12737    27.653373718261719  22.126571655273438  45.083084106445312
12738    27.592233657836914  22.144067764282227  46.304576873779297
12739    51.413948059082031  27.286041259765625  46.115764617919922
12740    47.761669158935547  27.318391799926758  46.403358459472656
12741    62.13922119140625  27.278860092163086  44.997081756591797
12742    61.444660186767578  27.167108535766602  44.591758728027344
12743    61.603191375732422  26.98204231262207  45.533348083496094
12744    62.864372253417969  27.904682159423828  46.586147308349609
12745    63.018520355224609  28.879657745361328  45.626346588134766
12746    62.647182464599609  27.916017532348633  44.579944610595703
12747    26.822044372558594  34.194755554199219  45.411151885986328
12748    27.575069427490234  33.806102752685547  45.814048767089844
12749    26.83697509765625  34.404476165771484  46.002433776855469
12750    26.173727035522461  33.967018127441406  44.150711059570312
12751    27.171382904052734  33.788402557373047  44.645149230957031
12752    26.26115608215332  34.374256134033203  44.982967376708984
12753    62.492183685302734  27.317680358886719  45.958000183105469
12754    62.101280212402344  27.017831802368164  45.80584716796875
12755    39.318145751953125  27.346887588500977  44.364368438720703
12756    60.761947631835938  26.984046936035156  45.469112396240234
12757    60.558753967285156  27.127288818359375  44.530811309814453
12758    59.637294769287109  27.039390563964844  45.414196014404297
12759    58.086837768554688  27.102104187011719  45.532989501953125
12760    62.131431579589844  26.895647048950195  46.563396453857422
12761    61.725193023681641  26.830362319946289  46.189151763916016
12762    27.076236724853516  27.013900756835938  45.755378723144531
12763    27.238798141479492  27.033784866333008  45.067535400390625
12764    26.412763595581055  26.690832138061523  45.627033233642578
12765    26.92875862121582  26.89952278137207  44.006725311279297
12766    41.103649139404297  27.350486755371094  45.960025787353516
12767    62.797634124755859  12.647262573242188  45.805011749267578
12768    62.406890869140625  11.94748592376709  45.858043670654297
12769    59.660678863525391  11.086092948913574  45.181190490722656
12770    57.383888244628906  10.581297874450684  45.293972015380859
12771    56.562393188476562  10.267525672912598  45.595306396484375
12772    61.628742218017578  11.182408332824707  46.184333801269531
12773    60.836147308349609  11.136438369750977  45.734107971191406
12774    55.683822631835938  10.033576965332031  45.565620422363281
12775    63.085735321044922  13.764121055603027  46.000816345214844
12776    62.948013305664062  13.138609886169434  45.3382568359375
12777    46.630378723144531  8.3892183303833008  44.357196807861328
12778    58.096775054931641  10.725046157836914  45.498279571533203
12779    58.748115539550781  10.869106292724609  45.463512420654297
12780    54.709930419921875  9.7831993103027344  45.399528503417969
12781    54.98687744140625  9.989588737487793  43.106956481933594
12782    53.912143707275391  9.7069339752197266  43.250968933105469
12783    53.239467620849609  20.112644195556641  45.429222106933594
12784    53.788406372070312  19.957902908325195  43.265548706054688
12785    54.376857757568359  19.991640090942383  45.904129028320312
12786    61.175750732421875  18.797922134399414  45.662551879882812
12787    61.947467803955078  18.5872802734375  45.908596038818359
12788    57.999580383300781  19.282499313354492  44.833717346191406
12789    62.513626098632812  18.310152053833008  46.331645965576172
12790    35.597023010253906  21.254941940307617  44.628753662109375
12791    56.121902465820312  19.71967887878418  45.786823272705078
12792    62.914520263671875  17.589427947998047  46.249526977539062
12793    57.104705810546875  19.484884262084961  45.191654205322266
12794    60.048835754394531  18.991722106933594  45.325603485107422
12795    38.882675170898438  39.487663269042969  44.977519989013672
12796    55.1546630859375  40.661407470703125  44.900920867919922
12797    56.328895568847656  40.946277618408203  43.820278167724609
12798    55.067737579345703  40.725482940673828  43.166717529296875
12799    56.243061065673828  40.773490905761719  45.559822082519531
12800    50.981533050537109  40.083106994628906  44.895458221435547
12801    29.980236053466797  38.607822418212891  45.842681884765625
12802    28.381082534790039  38.420070648193359  46.368816375732422
12803    27.534450531005859  38.127429962158203  45.549018859863281
12804    27.769802093505859  38.293598175048828  44.181495666503906
12805    26.890068054199219  37.976943969726562  44.505435943603516
12806    26.772266387939453  37.550827026367188  45.696929931640625
12807    26.171483993530273  37.130599975585938  45.206432342529297
12808    26.020866394042969  37.714061737060547  44.402248382568359
12809    25.451749801635742  37.172466278076172  44.724594116210938
12810    25.406309127807617  37.654548645019531  43.984149932861328
12811    24.959159851074219  37.15179443359375  44.364036560058594
12812    24.782264709472656  37.274932861328125  43.685626983642578
12813    35.704196929931641  39.164424896240234  44.948383331298828
12814    37.413185119628906  39.348640441894531  44.727935791015625
12815    57.295524597167969  40.988864898681641  45.285282135009766
12816    63.000873565673828  48.016780853271484  46.400001525878906
12817    62.974174499511719  47.127170562744141  44.866756439208984
12818    63.036045074462891  44.025726318359375  45.695182800292969
12819    62.592514038085938  47.987098693847656  44.447406768798828
12820    62.720233917236328  48.513057708740234  45.972209930419922
12821    61.874092102050781  49.597457885742188  46.482509613037109
12822    59.943878173828125  49.155750274658203  43.730781555175781
12823    62.636711120605469  42.777240753173828  44.77496337890625
12824    62.142269134521484  42.238441467285156  45.014022827148438
12825    62.581348419189453  42.540889739990234  45.685142517089844
12826    62.218349456787109  42.122066497802734  46.101226806640625
12827    60.605728149414062  41.561355590820312  45.703659057617188
12828    61.426044464111328  41.811420440673828  45.528057098388672
12829    60.589736938476562  41.705917358398438  44.707023620605469
12830    60.025360107421875  41.514034271240234  45.3658447265625
12831    59.790878295898438  41.565784454345703  44.553977966308594
12832    59.210403442382812  41.332382202148438  45.462142944335938
12833    59.010139465332031  41.459262847900391  43.981243133544922
12834    58.289260864257812  41.228256225585938  45.003715515136719
12835    57.778591156005859  41.250148773193359  43.635074615478516
12836    62.882678985595703  43.148723602294922  45.896331787109375
12837    62.901622772216797  43.302032470703125  45.080448150634766
12838    26.175649642944336  35.923015594482422  45.695087432861328
12839    26.440879821777344  36.798591613769531  45.951923370361328
12840    33.662734985351562  33.268539428710938  45.488292694091797
12841    35.559001922607422  33.265933990478516  43.971248626708984
12842    59.418643951416016  33.546459197998047  45.373233795166016
12843    57.713386535644531  33.461585998535156  45.211700439453125
12844    29.959070205688477  33.367076873779297  46.270763397216797
12845    28.333005905151367  33.540470123291016  46.747997283935547
12846    28.774518966674805  33.487140655517578  45.529777526855469
12847    28.264091491699219  33.540283203125  44.798458099365234
12848    25.314823150634766  34.228889465332031  43.857082366943359
12849    25.531417846679688  34.571582794189453  44.641666412353516
12850    24.983173370361328  34.762527465820312  44.378822326660156
12851    62.966495513916016  32.193130493164062  44.7523193359375
12852    62.802806854248047  32.941329956054688  45.998744964599609
12853    62.700435638427734  32.898544311523438  44.576351165771484
12854    25.79322624206543  35.190200805664062  45.190177917480469
12855    25.476015090942383  36.214630126953125  45.087429046630859
12856    25.158374786376953  35.304962158203125  44.824886322021484
12857    26.39018440246582  34.842437744140625  45.585567474365234
12858    26.520788192749023  35.119441986083984  46.162464141845703
12859    24.905282974243164  35.904659271240234  44.773334503173828
12860    24.623144149780273  36.024806976318359  44.434543609619141
12861    24.705280303955078  35.355731964111328  44.397392272949219
12862    62.463527679443359  33.410259246826172  46.060649871826172
12863    61.866561889648438  33.638137817382812  46.009037017822266
12864    62.390121459960938  33.353969573974609  45.334388732910156
12865    24.594486236572266  36.591484069824219  44.136302947998047
12866    24.933376312255859  36.572055816650391  44.687229156494141
12867    62.163299560546875  33.299591064453125  44.621379852294922
12868    26.414039611816406  35.987068176269531  46.562026977539062
12869    60.614498138427734  33.597599029541016  45.496952056884766
12870    60.591400146484375  33.458915710449219  44.254337310791016
12871    55.298454284667969  33.395843505859375  45.522945404052734
12872    52.132858276367188  33.353523254394531  46.685874938964844
12873    61.462974548339844  33.571044921875  45.412082672119141
12874    61.445579528808594  33.415824890136719  44.366081237792969
12875    25.480026245117188  24.025123596191406  43.679821014404297
12876    25.429647445678711  25.084453582763672  43.55706787109375
12877    25.809394836425781  23.209203720092773  43.942371368408203
12878    26.331289291381836  22.622320175170898  43.253776550292969
12879    27.126218795776367  22.230300903320312  43.645687103271484
12880    29.120336532592773  21.892372131347656  44.996620178222656
12881    25.605690002441406  25.949325561523438  42.914394378662109
12882    27.832183837890625  22.050561904907227  44.231548309326172
12883    47.248683929443359  20.759668350219727  43.620246887207031
12884    62.013008117675781  27.47706413269043  43.581806182861328
12885    27.55793571472168  27.109210968017578  44.408748626708984
12886    26.178060531616211  26.517681121826172  43.242393493652344
12887    49.016204833984375  8.7352294921875  43.302040100097656
12888    51.596988677978516  20.242868423461914  44.002269744873047
12889    24.377199172973633  52.882061004638672  44.476825714111328
12890    71.418960571289062  42.147541046142578  44.970462799072266
12891    62.208957672119141  42.388572692871094  44.095829010009766
12892    62.711513519287109  42.654758453369141  46.722949981689453
12893    62.338790893554688  41.994327545166016  47.151393890380859
12894    61.785072326660156  41.7298583984375  46.572353363037109
12895    60.970355987548828  41.416667938232422  46.615779876708984
12896    60.069969177246094  40.980976104736328  47.224254608154297
12897    60.009834289550781  41.330451965332031  46.182960510253906
12898    59.2501220703125  41.076885223388672  46.539016723632812
12899    55.502326965332031  40.570453643798828  46.317630767822266
12900    54.146045684814453  40.411556243896484  46.121135711669922
12901    62.082363128662109  50.103160858154297  47.307048797607422
12902    62.503940582275391  49.452735900878906  46.902942657470703
12903    60.811733245849609  49.870594024658203  46.434864044189453
12904    61.230255126953125  50.380832672119141  47.294483184814453
12905    56.897262573242188  40.61163330078125  46.892074584960938
12906    56.420028686523438  50.570850372314453  46.418308258056641
12907    55.549236297607422  50.806114196777344  46.495738983154297
12908    57.133037567138672  50.517223358154297  46.633022308349609
12909    53.684604644775391  51.09759521484375  45.131355285644531
12910    52.965412139892578  51.263835906982422  45.092601776123047
12911    58.017982482910156  50.206974029541016  46.192710876464844
12912    58.924606323242188  50.206256866455078  46.519626617431641
12913    59.775299072265625  50.474761962890625  47.144737243652344
12914    59.838916778564453  49.939594268798828  46.249233245849609
12915    27.432727813720703  33.769931793212891  46.965785980224609
12916    26.595376968383789  34.557777404785156  47.155834197998047
12917    26.992097854614258  34.133274078369141  46.666416168212891
12918    27.426834106445312  38.201824188232422  46.919200897216797
12919    35.291351318359375  39.166095733642578  46.38580322265625
12920    26.974775314331055  37.896343231201172  46.804092407226562
12921    36.011768341064453  39.248855590820312  46.223075866699219
12922    26.518028259277344  35.081047058105469  46.746280670166016
12923    61.960300445556641  33.830051422119141  47.054924011230469
12924    61.17535400390625  33.948402404785156  47.112407684326172
12925    59.564208984375  33.773662567138672  46.901508331298828
12926    60.293388366699219  33.955692291259766  47.323112487792969
12927    60.882808685302734  33.768348693847656  46.394065856933594
12928    26.750064849853516  37.597740173339844  46.761837005615234
12929    26.590864181518555  37.126701354980469  46.576725006103516
12930    51.085689544677734  51.69921875  46.217144012451172
12931    50.209693908691406  51.809398651123047  45.207920074462891
12932    53.695594787597656  9.5838899612426758  45.228897094726562
12933    52.753387451171875  9.385563850402832  44.920658111572266
12934    51.228782653808594  9.0881595611572266  44.726345062255859
12935    55.801250457763672  9.8320837020874023  46.693916320800781
12936    61.727066040039062  10.374374389648438  47.590621948242188
12937    59.618553161621094  10.244492530822754  47.028488159179688
12938    60.793979644775391  10.130305290222168  47.444854736328125
12939    58.008258819580078  10.118535995483398  46.944614410400391
12940    56.897598266601562  10.07573127746582  46.663524627685547
12941    25.075313568115234  26.043804168701172  47.429767608642578
12942    62.022541046142578  26.699741363525391  47.351848602294922
12943    61.421981811523438  26.649747848510742  47.000957489013672
12944    60.360733032226562  26.627626419067383  47.207588195800781
12945    25.305637359619141  25.817865371704102  46.882358551025391
12946    25.184101104736328  25.242195129394531  46.864604949951172
12947    26.50836181640625  26.929494857788086  46.773014068603516
12948    25.656721115112305  26.485937118530273  46.964912414550781
12949    25.229415893554688  24.462285995483398  46.778167724609375
12950    25.316442489624023  23.510902404785156  46.987022399902344
12951    24.879741668701172  23.901557922363281  47.563724517822266
12952    59.939708709716797  26.841838836669922  46.459705352783203
12953    58.579002380371094  26.932214736938477  46.727615356445312
12954    25.838310241699219  22.890789031982422  46.687232971191406
12955    26.570337295532227  22.3873291015625  46.810092926025391
12956    -0.47584131360054016  17.297622680664062  45.285488128662109
12957    59.214981079101562  19.674915313720703  47.41375732421875
12958    59.771610260009766  19.287849426269531  46.533248901367188
12959    58.452396392822266  19.418003082275391  46.084857940673828
12960    58.024295806884766  19.826406478881836  47.435527801513672
12961    57.545852661132812  10.411636352539062  46.100265502929688
12962    62.717155456542969  11.945408821105957  46.987476348876953
12963    62.060382843017578  11.064160346984863  46.948505401611328
12964    61.012527465820312  10.687601089477539  46.721973419189453
12965    59.99139404296875  10.762828826904297  46.1829833984375
12966    58.77001953125  10.61710262298584  46.115028381347656
12967    60.604782104492188  19.075717926025391  46.321502685546875
12968    61.350288391113281  18.977230072021484  46.591766357421875
12969    63.01654052734375  12.939388275146484  46.838512420654297
12970    51.878395080566406  20.255102157592773  45.442771911621094
12971    51.056781768798828  20.329854965209961  45.089809417724609
12972    61.985454559326172  18.816099166870117  46.780326843261719
12973    58.273456573486328  41.001426696777344  46.169384002685547
12974    62.395896911621094  49.11041259765625  46.199344635009766
12975    62.176742553710938  11.513470649719238  46.243843078613281
12976    26.707406997680664  34.607040405273438  46.511203765869141
12977    26.934236526489258  37.72271728515625  46.277870178222656
12978    25.483999252319336  25.3990478515625  46.264202117919922
12979    25.740985870361328  26.159486770629883  46.25494384765625
12980    61.018585205078125  26.799226760864258  46.282333374023438
12981    25.557594299316406  23.673011779785156  46.304355621337891
12982    39.035671234130859  51.998626708984375  58.284477233886719
12983    29.5355224609375  52.008190155029297  58.590553283691406
12984    35.592147827148438  51.962383270263672  57.110130310058594
12985    64.043174743652344  51.794624328613281  58.948890686035156
12986    61.687461853027344  51.865623474121094  58.195453643798828
12987    64.640403747558594  51.837413787841797  56.959152221679688
12988    59.071426391601562  51.868865966796875  56.209762573242188
12989    57.827476501464844  51.928630828857422  58.832290649414062
12990    49.028270721435547  51.977008819580078  58.086807250976562
12991    20.650699615478516  51.938480377197266  57.918811798095703
12992    70.733352661132812  52.660247802734375  56.612491607666016
12993    70.688941955566406  52.666755676269531  58.448657989501953
12994    69.758323669433594  52.223556518554688  57.300544738769531
12995    -0.20924995839595795  53.097808837890625  56.110836029052734
12996    -0.38017922639846802  52.911937713623047  52.246494293212891
12997    66.415252685546875  51.797649383544922  58.591392517089844
12998    70.010322570800781  52.231678009033203  58.509105682373047
12999    68.772003173828125  51.931789398193359  58.768199920654297
13000    67.730537414550781  51.9234619140625  57.145542144775391
13001    71.154571533203125  53.313323974609375  57.033779144287109
13002    3.7650125026702881  40.180248260498047  57.695938110351562
13003    2.6178834438323975  40.161216735839844  57.718456268310547
13004    3.4909687042236328  40.3177490234375  58.331085205078125
13005    5.152946949005127  40.08612060546875  57.630947113037109
13006    6.6040768623352051  39.715682983398438  57.497196197509766
13007    6.3283052444458008  39.731674194335938  56.859439849853516
13008    3.8224294185638428  40.135452270507812  57.096797943115234
13009    5.3107795715332031  40.032695770263672  56.849136352539062
13010    50.180072784423828  37.258060455322266  57.321678161621094
13011    50.4161376953125  37.812656402587891  56.667205810546875
13012    49.39154052734375  37.660633087158203  57.427085876464844
13013    49.620086669921875  36.923477172851562  57.791030883789062
13014    7.4072093963623047  39.535236358642578  57.839569091796875
13015    7.3132734298706055  38.906913757324219  56.841747283935547
13016    0.84578269720077515  39.838939666748047  56.987953186035156
13017    1.2574957609176636  39.997604370117188  57.702743530273438
13018    2.0854454040527344  40.076133728027344  57.055564880371094
13019    0.045220669358968735  39.326271057128906  56.628517150878906
13020    -0.11010564863681793  39.024166107177734  57.66558837890625
13021    0.34916168451309204  39.632076263427734  57.660804748535156
13022    71.223503112792969  38.867687225341797  56.899406433105469
13023    70.87701416015625  39.325214385986328  56.999050140380859
13024    71.139381408691406  39.110435485839844  58.0535888671875
13025    63.460380554199219  38.668483734130859  57.72418212890625
13026    63.619255065917969  39.300247192382812  58.618999481201172
13027    63.790679931640625  39.262950897216797  56.906688690185547
13028    50.864372253417969  37.090965270996094  56.993160247802734
13029    10.604534149169922  39.622272491455078  57.861335754394531
13030    11.995815277099609  39.718574523925781  57.820259094238281
13031    11.37428092956543  39.288719177246094  57.494720458984375
13032    9.7405462265014648  38.954093933105469  57.699131011962891
13033    9.5673322677612305  39.605522155761719  58.044643402099609
13034    64.605239868164062  39.831157684326172  57.080410003662109
13035    64.125343322753906  39.733425140380859  57.909992218017578
13036    65.04296875  40.027667999267578  57.770195007324219
13037    15.540749549865723  39.478965759277344  58.313228607177734
13038    16.193008422851562  38.612331390380859  58.020645141601562
13039    15.250816345214844  38.749652862548828  57.70611572265625
13040    14.704792976379395  39.435916900634766  57.922943115234375
13041    14.301764488220215  38.901481628417969  57.462238311767578
13042    13.374820709228516  38.941104888916016  57.314380645751953
13043    13.487627029418945  39.563232421875  57.792793273925781
13044    48.836433410644531  38.194934844970703  56.683498382568359
13045    12.394903182983398  39.155487060546875  57.396934509277344
13046    10.606441497802734  39.025009155273438  57.474983215332031
13047    10.203192710876465  38.359691619873047  57.376434326171875
13048    9.0631389617919922  38.383613586425781  57.803215026855469
13049    8.9641733169555664  39.128387451171875  57.964817047119141
13050    7.8885922431945801  38.632640838623047  57.610477447509766
13051    30.819541931152344  38.629764556884766  58.564876556396484
13052    34.526371002197266  38.548904418945312  58.018634796142578
13053    30.572603225708008  38.604938507080078  56.540348052978516
13054    36.406269073486328  38.4224853515625  59.169086456298828
13055    39.013935089111328  38.456413269042969  58.198932647705078
13056    27.452854156494141  38.663803100585938  58.187091827392578
13057    25.605274200439453  38.624729156494141  57.241958618164062
13058    24.808626174926758  38.698390960693359  58.3690185546875
13059    45.05718994140625  38.174617767333984  58.497737884521484
13060    44.731784820556641  38.377552032470703  57.709964752197266
13061    42.824314117431641  38.326896667480469  58.375720977783203
13062    47.968292236328125  37.919498443603516  57.746681213378906
13063    46.28021240234375  38.392559051513672  56.888713836669922
13064    46.395591735839844  38.155433654785156  58.021884918212891
13065    65.856918334960938  40.077152252197266  57.081851959228516
13066    69.551902770996094  40.137714385986328  58.3270263671875
13067    68.837631225585938  40.102313995361328  57.660987854003906
13068    68.648094177246094  40.285476684570312  58.356159210205078
13069    5.8977475166320801  51.872783660888672  57.774822235107422
13070    2.8479108810424805  51.962913513183594  56.646541595458984
13071    5.7118668556213379  51.858779907226562  56.379371643066406
13072    2.3687410354614258  51.967784881591797  58.466228485107422
13073    1.0640749931335449  52.25445556640625  57.259044647216797
13074    65.52325439453125  40.258152008056641  58.457080841064453
13075    64.513824462890625  40.05364990234375  58.395694732666016
13076    70.52447509765625  39.758495330810547  58.207244873046875
13077    70.108352661132812  39.825172424316406  57.618186950683594
13078    67.324005126953125  40.349861145019531  58.431056976318359
13079    67.566017150878906  40.191532135009766  57.729698181152344
13080    12.610894203186035  40.135555267333984  58.419094085693359
13081    66.425834655761719  40.175559997558594  57.753505706787109
13082    12.288690567016602  51.891021728515625  58.901760101318359
13083    12.039785385131836  51.883026123046875  57.751598358154297
13084    6.3631191253662109  40.087100982666016  58.169441223144531
13085    17.387090682983398  52.001899719238281  59.296112060546875
13086    9.7712039947509766  51.872276306152344  56.670574188232422
13087    69.058937072753906  40.045219421386719  56.849338531494141
13088    70.030601501464844  39.811588287353516  56.875431060791016
13089    67.593482971191406  40.139400482177734  57.107944488525391
13090    1.7210007905960083  40.208225250244141  58.414257049560547
13091    0.71278440952301025  39.925758361816406  58.297809600830078
13092    11.267708778381348  40.080318450927734  58.280250549316406
13093    9.7631301879882812  40.136844635009766  58.510074615478516
13094    14.33591365814209  40.055526733398438  58.626243591308594
13095    8.8475980758666992  39.756431579589844  58.257076263427734
13096    5.0495786666870117  40.327789306640625  58.426860809326172
13097    -0.1896483302116394  7.5625638961791992  58.423847198486328
13098    -0.24884685873985291  7.4207148551940918  55.471004486083984
13099    71.34161376953125  7.3964457511901855  54.432109832763672
13100    20.022857666015625  8.7022743225097656  58.117588043212891
13101    23.527509689331055  8.6677513122558594  55.670619964599609
13102    11.00106143951416  8.7853269577026367  56.920234680175781
13103    71.174423217773438  7.5301523208618164  56.671504974365234
13104    70.797958374023438  8.0437812805175781  55.880138397216797
13105    70.759971618652344  8.0293779373168945  57.72979736328125
13106    11.105836868286133  8.8435535430908203  55.149761199951172
13107    5.5067405700683594  8.9315958023071289  55.524700164794922
13108    5.1481280326843262  8.7890071868896484  57.173717498779297
13109    1.2195932865142822  8.4662761688232422  57.175872802734375
13110    2.2984387874603271  8.7880668640136719  55.625312805175781
13111    0.81698137521743774  8.4723606109619141  55.527389526367188
13112    3.0138957500457764  8.7338132858276367  56.779670715332031
13113    0.19523794949054718  7.9727096557617188  56.714206695556641
13114    0.058009237051010132  8.0320672988891602  54.905662536621094
13115    36.773994445800781  8.6869907379150391  57.161819458007812
13116    39.972530364990234  8.6400823593139648  55.558597564697266
13117    49.772083282470703  8.6685600280761719  58.388492584228516
13118    50.181026458740234  8.6836881637573242  55.820884704589844
13119    0.10857327282428741  20.885097503662109  58.021587371826172
13120    0.18016535043716431  20.75910758972168  56.147323608398438
13121    0.84288394451141357  20.368911743164062  57.167716979980469
13122    0.7534414529800415  20.340421676635742  56.006504058837891
13123    9.4083271026611328  21.591140747070312  57.941062927246094
13124    8.7935771942138672  22.017627716064453  57.971172332763672
13125    9.4231939315795898  22.268213272094727  57.832485198974609
13126    15.972440719604492  21.008998870849609  57.969467163085938
13127    16.37322998046875  21.648487091064453  57.578292846679688
13128    16.736808776855469  21.187826156616211  58.159832000732422
13129    17.203273773193359  21.850133895874023  57.633960723876953
13130    15.845528602600098  22.19105339050293  57.182422637939453
13131    15.545753479003906  21.328891754150391  57.466335296630859
13132    30.646001815795898  22.07958984375  58.718368530273438
13133    28.091014862060547  22.008306503295898  57.593460083007812
13134    32.404331207275391  22.075839996337891  56.852622985839844
13135    10.054200172424316  22.41676139831543  57.614982604980469
13136    10.198999404907227  21.357189178466797  57.768703460693359
13137    8.7101726531982422  21.109806060791016  58.206455230712891
13138    7.2976899147033691  21.121728897094727  56.763481140136719
13139    7.6582093238830566  21.965383529663086  56.464061737060547
13140    7.8701553344726562  21.87481689453125  57.390506744384766
13141    7.5901689529418945  21.100484848022461  57.617820739746094
13142    65.032127380371094  20.095909118652344  58.494403839111328
13143    64.565727233886719  20.384014129638672  57.191028594970703
13144    65.54241943359375  20.086114883422852  57.375709533691406
13145    70.781539916992188  20.766122817993164  56.749744415283203
13146    70.740821838378906  20.714723587036133  58.469192504882812
13147    70.000694274902344  20.333377838134766  57.162845611572266
13148    70.157539367675781  20.333545684814453  58.350742340087891
13149    69.179168701171875  20.025722503662109  58.479602813720703
13150    68.820419311523438  20.065540313720703  56.910552978515625
13151    67.729095458984375  19.975593566894531  57.579654693603516
13152    13.573188781738281  20.361968994140625  58.214279174804688
13153    14.094484329223633  20.769329071044922  57.560649871826172
13154    15.00487232208252  20.692298889160156  57.949539184570312
13155    16.760700225830078  22.634979248046875  57.171043395996094
13156    19.257322311401367  21.778661727905273  58.011974334716797
13157    18.943220138549805  22.183958053588867  56.995243072509766
13158    20.260736465454102  22.048728942871094  57.040084838867188
13159    20.493900299072266  21.861616134643555  57.949974060058594
13160    18.114532470703125  21.843351364135742  57.744190216064453
13161    17.799839019775391  22.610910415649414  56.913421630859375
13162    71.157386779785156  21.404375076293945  58.002326965332031
13163    14.704388618469238  20.29625129699707  58.609489440917969
13164    10.962143898010254  23.393348693847656  57.2786865234375
13165    10.897456169128418  22.033220291137695  57.337554931640625
13166    11.003649711608887  21.201778411865234  57.532871246337891
13167    9.5087213516235352  23.184398651123047  57.820083618164062
13168    7.8376712799072266  23.028614044189453  56.169956207275391
13169    8.1283159255981445  23.031499862670898  57.438667297363281
13170    5.9140100479125977  20.148653030395508  58.135894775390625
13171    4.369997501373291  19.970022201538086  58.221916198730469
13172    4.3794474601745605  20.031061172485352  57.074657440185547
13173    10.658876419067383  20.63429069519043  58.091838836669922
13174    9.3886804580688477  20.80558967590332  58.251987457275391
13175    6.764801025390625  20.565393447875977  57.278087615966797
13176    7.2686281204223633  20.60698127746582  58.006317138671875
13177    69.821609497070312  8.4624214172363281  56.932704925537109
13178    70.117866516113281  8.5070896148681641  58.676589965820312
13179    5.7998952865600586  20.221469879150391  56.842514038085938
13180    2.9959573745727539  19.966655731201172  58.128871917724609
13181    1.8821419477462769  20.098670959472656  57.276649475097656
13182    2.8559789657592773  20.012603759765625  56.796051025390625
13183    1.4301247596740723  20.115413665771484  58.414314270019531
13184    15.945316314697266  20.489957809448242  58.907512664794922
13185    66.404350280761719  19.905494689941406  58.394802093505859
13186    66.522262573242188  19.998086929321289  57.007461547851562
13187    11.801907539367676  20.899789810180664  57.542964935302734
13188    12.004439353942871  20.402313232421875  58.140079498291016
13189    45.734714508056641  22.688783645629883  58.1298828125
13190    44.56427001953125  22.529645919799805  58.310020446777344
13191    44.525066375732422  22.338367462158203  57.516498565673828
13192    13.010035514831543  20.773942947387695  57.546772003173828
13193    10.169668197631836  23.291112899780273  57.547676086425781
13194    8.8252716064453125  23.006500244140625  57.959632873535156
13195    -0.23391973972320557  21.788326263427734  57.209293365478516
13196    48.459323883056641  23.508171081542969  57.472888946533203
13197    48.950553894042969  22.939390182495117  56.856605529785156
13198    49.30657958984375  23.455162048339844  57.086784362792969
13199    46.939990997314453  22.860298156738281  57.853927612304688
13200    46.383979797363281  22.499628067016602  57.437187194824219
13201    47.686759948730469  22.736660003662109  57.201103210449219
13202    47.623504638671875  23.187904357910156  57.774490356445312
13203    63.501468658447266  22.086465835571289  57.525012969970703
13204    63.291561126708984  23.488895416259766  54.882369995117188
13205    10.258227348327637  24.021581649780273  57.631694793701172
13206    9.688694953918457  24.350297927856445  57.993125915527344
13207    9.0426197052001953  23.854263305664062  58.059062957763672
13208    16.0015869140625  23.290243148803711  57.023433685302734
13209    71.340850830078125  22.227983474731445  56.858810424804688
13210    49.212844848632812  24.18958854675293  57.299144744873047
13211    48.446453094482422  24.572795867919922  57.708202362060547
13212    47.434089660644531  24.036258697509766  58.100017547607422
13213    16.837268829345703  23.884540557861328  56.895725250244141
13214    17.220247268676758  23.163667678833008  56.908119201660156
13215    49.686012268066406  23.213434219360352  56.704727172851562
13216    33.271953582763672  22.184900283813477  58.848434448242188
13217    22.075191497802734  21.979337692260742  57.277645111083984
13218    24.816400527954102  21.983785629272461  57.164215087890625
13219    27.079092025756836  22.075469970703125  54.705680847167969
13220    23.908504486083984  22.109828948974609  55.581195831298828
13221    42.967144012451172  22.467781066894531  58.412487030029297
13222    40.76873779296875  22.196264266967773  57.344646453857422
13223    41.127708435058594  22.397798538208008  58.689601898193359
13224    38.891090393066406  22.441282272338867  59.210887908935547
13225    36.228023529052734  22.190711975097656  58.194221496582031
13226    49.843715667724609  23.859169006347656  56.880599975585938
13227    5.9145627021789551  8.8167123794555664  58.270828247070312
13228    9.7741231918334961  8.8088550567626953  58.61126708984375
13229    2.6013171672821045  8.7387475967407227  58.406581878662109
13230    71.153236389160156  7.6862554550170898  59.096858978271484
13231    46.597259521484375  34.517093658447266  58.961326599121094
13232    46.388717651367188  35.354011535644531  59.216316223144531
13233    45.542037963867188  34.684295654296875  59.2379150390625
13234    13.044515609741211  34.523380279541016  59.293785095214844
13235    14.353065490722656  34.554569244384766  58.967170715332031
13236    15.52503490447998  34.412254333496094  59.228019714355469
13237    16.812515258789062  34.067291259765625  59.341659545898438
13238    44.577079772949219  34.955665588378906  59.599380493164062
13239    44.632198333740234  35.620174407958984  59.737152099609375
13240    11.691709518432617  34.694301605224609  59.098720550537109
13241    10.905913352966309  34.921485900878906  58.674808502197266
13242    45.353977203369141  35.569530487060547  59.521492004394531
13243    47.172981262207031  34.404674530029297  58.806095123291016
13244    47.383934020996094  34.968578338623047  58.853496551513672
13245    47.60491943359375  34.356498718261719  58.548995971679688
13246    66.631278991699219  8.9027013778686523  58.729969024658203
13247    64.654151916503906  8.8280963897705078  57.320133209228516
13248    64.301368713378906  8.9097414016723633  59.213836669921875
13249    68.743507385253906  8.7699308395385742  58.528705596923828
13250    67.810821533203125  8.7603530883789062  57.075431823730469
13251    39.846366882324219  8.6581764221191406  58.280643463134766
13252    62.092525482177734  8.8068208694458008  58.502876281738281
13253    59.411083221435547  8.7729654312133789  56.548847198486328
13254    31.959173202514648  8.6482162475585938  58.411643981933594
13255    38.399032592773438  33.573337554931641  58.743495941162109
13256    36.32904052734375  33.389896392822266  57.363651275634766
13257    39.710010528564453  33.421466827392578  57.194126129150391
13258    50.345863342285156  36.325099945068359  57.479152679443359
13259    50.363716125488281  35.49688720703125  57.487190246582031
13260    50.950450897216797  35.444503784179688  57.075901031494141
13261    49.7161865234375  34.633319854736328  57.626049041748047
13262    49.078605651855469  34.270442962646484  57.687362670898438
13263    50.072547912597656  34.191680908203125  56.944091796875
13264    50.320663452148438  34.891738891601562  57.347389221191406
13265    47.934093475341797  34.017715454101562  57.824184417724609
13266    47.402618408203125  33.617084503173828  56.237373352050781
13267    48.935329437255859  33.872039794921875  56.977985382080078
13268    46.777740478515625  33.820823669433594  57.884387969970703
13269    43.367683410644531  33.664928436279297  58.122734069824219
13270    41.316219329833984  33.557559967041016  58.170925140380859
13271    43.274795532226562  33.454025268554688  56.191875457763672
13272    45.246601104736328  33.714542388916016  57.76129150390625
13273    42.331455230712891  33.852882385253906  59.205764770507812
13274    49.737358093261719  35.47454833984375  57.844150543212891
13275    7.8859572410583496  34.4061279296875  58.317085266113281
13276    7.8111896514892578  35.586719512939453  57.006111145019531
13277    7.930546760559082  35.324951171875  58.001884460449219
13278    15.3663330078125  35.891578674316406  57.544929504394531
13279    15.58209228515625  35.376575469970703  57.871784210205078
13280    14.84770679473877  35.235202789306641  57.803291320800781
13281    15.087490081787109  34.863193511962891  58.354770660400391
13282    13.892502784729004  34.839653015136719  58.276233673095703
13283    14.099306106567383  35.224624633789062  57.647846221923828
13284    12.976786613464355  35.127712249755859  57.753414154052734
13285    50.915687561035156  34.595527648925781  56.792438507080078
13286    11.775708198547363  34.923435211181641  58.205005645751953
13287    11.820725440979004  35.272449493408203  57.580123901367188
13288    12.650506019592285  34.768978118896484  58.475997924804688
13289    10.957475662231445  35.141300201416016  57.971981048583984
13290    11.086804389953613  35.429428100585938  57.500263214111328
13291    10.130996704101562  35.280570983886719  58.483257293701172
13292    10.523236274719238  35.478038787841797  57.740528106689453
13293    31.123626708984375  33.309120178222656  56.947315216064453
13294    28.616010665893555  33.309776306152344  56.768264770507812
13295    30.21354866027832  33.267528533935547  56.181838989257812
13296    18.158966064453125  33.991752624511719  57.663890838623047
13297    18.260967254638672  34.269447326660156  56.788887023925781
13298    19.481094360351562  33.906532287597656  56.307903289794922
13299    19.075275421142578  33.744197845458984  57.864894866943359
13300    21.475885391235352  33.589328765869141  56.523414611816406
13301    17.343393325805664  34.130199432373047  58.385662078857422
13302    17.47178840637207  34.458423614501953  57.610786437988281
13303    33.653999328613281  33.322650909423828  56.883159637451172
13304    33.136428833007812  33.262344360351562  55.616107940673828
13305    25.969459533691406  33.353923797607422  56.994052886962891
13306    23.719232559204102  33.424716949462891  57.040031433105469
13307    25.677413940429688  33.34326171875  55.450813293457031
13308    31.406938552856445  33.252792358398438  55.603286743164062
13309    49.720451354980469  36.288402557373047  57.887203216552734
13310    9.4752540588378906  38.029247283935547  57.591667175292969
13311    -0.28548973798751831  38.546100616455078  57.021286010742188
13312    -0.27210909128189087  37.914516448974609  58.388980865478516
13313    71.318222045898438  38.432098388671875  56.005226135253906
13314    8.8838748931884766  37.270328521728516  57.900489807128906
13315    17.879386901855469  37.288459777832031  56.680259704589844
13316    17.576040267944336  37.582309722900391  57.2740478515625
13317    17.846731185913086  37.681076049804688  56.922950744628906
13318    17.452075958251953  36.326301574707031  56.961139678955078
13319    16.294382095336914  37.40887451171875  57.686397552490234
13320    15.532032012939453  37.6954345703125  57.542682647705078
13321    9.4411153793334961  37.301631927490234  57.591903686523438
13322    7.8526620864868164  36.935054779052734  57.224338531494141
13323    7.7644906044006348  37.912117004394531  57.158153533935547
13324    8.0419502258300781  37.533706665039062  57.649425506591797
13325    18.296087265014648  38.356266021728516  57.643882751464844
13326    18.241649627685547  37.963245391845703  56.912036895751953
13327    22.837579727172852  38.743053436279297  58.250831604003906
13328    23.181400299072266  38.612213134765625  56.948829650878906
13329    -0.38868701457977295  37.613925933837891  56.133312225341797
13330    19.730518341064453  38.555046081542969  57.414596557617188
13331    21.667631149291992  38.485382080078125  56.222930908203125
13332    19.437774658203125  38.27789306640625  56.613773345947266
13333    21.021001815795898  38.704113006591797  57.773784637451172
13334    51.106544494628906  36.346446990966797  57.021903991699219
13335    9.8585891723632812  37.676097869873047  57.385761260986328
13336    16.670486450195312  34.517391204833984  58.389625549316406
13337    15.694011688232422  36.71820068359375  57.505817413330078
13338    16.296516418457031  36.109027862548828  57.610134124755859
13339    16.933765411376953  35.204036712646484  57.595302581787109
13340    9.3399810791015625  35.756919860839844  58.410057067871094
13341    9.3581552505493164  36.564933776855469  57.853221893310547
13342    10.040526390075684  36.037158966064453  57.727958679199219
13343    8.8840827941894531  36.234477996826172  58.273674011230469
13344    8.0438804626464844  36.256107330322266  57.861351013183594
13345    9.9262981414794922  36.966232299804688  57.440864562988281
13346    17.068819046020508  25.763721466064453  57.120296478271484
13347    16.723831176757812  24.975849151611328  56.991458892822266
13348    16.065675735473633  25.512134552001953  57.427921295166016
13349    48.962268829345703  26.034589767456055  57.178600311279297
13350    48.221118927001953  26.203521728515625  57.492549896240234
13351    48.394084930419922  25.538965225219727  57.676197052001953
13352    49.121994018554688  25.176912307739258  57.347145080566406
13353    47.81134033203125  25.066823959350586  58.008869171142578
13354    47.628059387207031  25.848798751831055  57.937480926513672
13355    16.666677474975586  26.171419143676758  57.792015075683594
13356    7.8836002349853516  24.478626251220703  55.888095855712891
13357    7.8660392761230469  26.080690383911133  57.152946472167969
13358    15.844353675842285  26.148881912231445  58.239429473876953
13359    14.779287338256836  25.671106338500977  57.820064544677734
13360    13.945329666137695  25.961833953857422  58.513893127441406
13361    13.371986389160156  25.577959060668945  57.830905914306641
13362    14.90972900390625  26.184965133666992  58.802013397216797
13363    12.616008758544922  25.89152717590332  58.79931640625
13364    11.32598876953125  25.651288986206055  58.602962493896484
13365    12.150477409362793  25.492273330688477  57.886177062988281
13366    11.113880157470703  25.252395629882812  57.919609069824219
13367    24.765867233276367  27.275394439697266  57.800575256347656
13368    26.679357528686523  27.339155197143555  55.243221282958984
13369    24.532136917114258  27.300516128540039  56.428325653076172
13370    28.101541519165039  27.349567413330078  56.488868713378906
13371    22.725378036499023  27.245454788208008  57.175334930419922
13372    22.59071159362793  27.238447189331055  58.505214691162109
13373    49.717620849609375  25.711946487426758  56.879386901855469
13374    49.816658020019531  24.788904190063477  56.969345092773438
13375    17.805849075317383  26.825223922729492  58.862556457519531
13376    18.929492950439453  26.893054962158203  57.42425537109375
13377    17.626020431518555  26.472936630249023  57.524318695068359
13378    19.133758544921875  27.034502029418945  58.942642211914062
13379    16.646696090698242  26.540205001831055  58.785911560058594
13380    11.02577018737793  24.588199615478516  57.487037658691406
13381    10.33010196685791  24.842247009277344  57.930088043212891
13382    9.8424844741821289  24.911504745483398  58.215103149414062
13383    9.2804069519042969  24.752170562744141  58.401927947998047
13384    8.1688823699951172  24.215715408325195  57.594062805175781
13385    16.018318176269531  24.4427490234375  57.065483093261719
13386    10.137688636779785  25.319072723388672  58.638134002685547
13387    20.577102661132812  27.122499465942383  57.324478149414062
13388    48.561416625976562  26.642715454101562  56.766658782958984
13389    47.452327728271484  26.497243881225586  57.555030822753906
13390    7.7726035118103027  32.499923706054688  56.920269012451172
13391    49.642295837402344  26.392072677612305  56.499961853027344
13392    38.093395233154297  27.058549880981445  58.596900939941406
13393    39.568614959716797  27.225351333618164  57.246906280517578
13394    36.37890625  27.263252258300781  57.094940185546875
13395    30.019748687744141  27.311372756958008  57.460224151611328
13396    27.103214263916016  27.263862609863281  58.283466339111328
13397    34.821887969970703  27.356958389282227  55.98480224609375
13398    33.471908569335938  27.319023132324219  57.086353302001953
13399    31.943759918212891  27.317928314208984  57.374599456787109
13400    32.537860870361328  27.373554229736328  56.088798522949219
13401    47.219371795654297  26.913320541381836  56.683692932128906
13402    40.534149169921875  27.114223480224609  58.150077819824219
13403    46.208217620849609  26.679790496826172  57.845413208007812
13404    45.326206207275391  27.019365310668945  57.092918395996094
13405    45.020111083984375  26.805061340332031  58.104518890380859
13406    43.640048980712891  26.911861419677734  58.145401000976562
13407    71.098342895507812  52.920654296875  55.188674926757812
13408    71.337295532226562  53.649631500244141  53.657688140869141
13409    19.665279388427734  51.9337158203125  55.996841430664062
13410    8.3842954635620117  51.751869201660156  55.355484008789062
13411    39.109855651855469  52.033809661865234  55.252059936523438
13412    68.506446838378906  40.172443389892578  56.302711486816406
13413    69.792549133300781  39.985260009765625  56.186687469482422
13414    66.774261474609375  40.215896606445312  56.3082275390625
13415    65.78045654296875  40.260726928710938  55.86083984375
13416    65.254890441894531  40.056858062744141  56.428478240966797
13417    64.850662231445312  40.094944000244141  55.742076873779297
13418    64.376815795898438  39.793781280517578  56.374580383300781
13419    64.050544738769531  39.6531982421875  55.647308349609375
13420    6.8961353302001953  39.465229034423828  55.943767547607422
13421    6.545259952545166  39.914268493652344  55.485710144042969
13422    6.034785270690918  39.955581665039062  56.206722259521484
13423    5.6508369445800781  40.223503112792969  55.547557830810547
13424    70.700279235839844  39.604312896728516  55.829551696777344
13425    67.991104125976562  40.380325317382812  55.598800659179688
13426    66.698036193847656  40.398780822753906  55.586193084716797
13427    4.7493839263916016  40.168594360351562  56.304492950439453
13428    4.2431178092956543  40.37896728515625  55.595809936523438
13429    3.019493579864502  40.217700958251953  56.302810668945312
13430    2.9529614448547363  40.401817321777344  55.584671020507812
13431    2.0347564220428467  40.26983642578125  55.856132507324219
13432    1.5035845041275024  40.070499420166016  56.404949188232422
13433    1.1065789461135864  40.132175445556641  55.730087280273438
13434    0.62945395708084106  39.840137481689453  56.306079864501953
13435    1.1577562093734741  52.127422332763672  55.986465454101562
13436    69.40167236328125  40.241298675537109  55.551773071289062
13437    0.18415887653827667  52.669246673583984  57.799427032470703
13438    0.26656457781791687  52.469863891601562  55.860439300537109
13439    70.295982360839844  39.995689392089844  55.481876373291016
13440    64.307441711425781  51.700508117675781  55.129341125488281
13441    49.916728973388672  51.963516235351562  55.683788299560547
13442    65.395805358886719  51.802734375  55.889125823974609
13443    68.914253234863281  51.931304931640625  55.786701202392578
13444    66.67266845703125  51.771907806396484  55.650798797607422
13445    48.344009399414062  8.5683689117431641  54.572784423828125
13446    54.573299407958984  8.6135425567626953  54.051704406738281
13447    5.2455148696899414  20.012746810913086  55.576992034912109
13448    0.66085290908813477  20.211519241333008  55.063613891601562
13449    70.28692626953125  8.4651327133178711  55.291538238525391
13450    63.963676452636719  8.8561515808105469  55.764873504638672
13451    66.791595458984375  8.9238986968994141  55.494857788085938
13452    65.083236694335938  9.0275259017944336  54.626361846923828
13453    62.854476928710938  8.8911018371582031  54.884830474853516
13454    38.66217041015625  8.4872674942016602  54.425075531005859
13455    61.178619384765625  8.8508214950561523  54.421333312988281
13456    46.136592864990234  22.301975250244141  56.576633453369141
13457    43.124942779541016  22.047739028930664  55.647705078125
13458    47.585617065429688  22.241918563842773  55.426094055175781
13459    29.521184921264648  22.059150695800781  55.893463134765625
13460    30.857624053955078  22.022594451904297  54.252182006835938
13461    19.834196090698242  22.301176071166992  56.169502258300781
13462    20.077285766601562  22.547636032104492  55.130603790283203
13463    21.484869003295898  22.22247314453125  55.628299713134766
13464    24.921150207519531  22.143955230712891  54.390758514404297
13465    48.194854736328125  22.5194091796875  56.424045562744141
13466    23.390682220458984  22.247888565063477  53.945716857910156
13467    18.863677978515625  22.697601318359375  55.975288391113281
13468    19.279306411743164  23.015867233276367  54.937080383300781
13469    38.799854278564453  22.018964767456055  55.653244018554688
13470    50.928913116455078  23.911397933959961  56.032512664794922
13471    51.560909271240234  24.37407112121582  55.602500915527344
13472    50.980716705322266  24.889804840087891  56.097705841064453
13473    36.538501739501953  22.081697463989258  56.523448944091797
13474    18.102231979370117  23.234916687011719  56.179435729980469
13475    18.572458267211914  23.45098876953125  55.481449127197266
13476    34.748725891113281  21.966901779174805  54.704334259033203
13477    65.526741027832031  20.037952423095703  55.870445251464844
13478    67.545356750488281  19.920759201049805  55.942375183105469
13479    1.7481098175048828  20.040367126464844  55.809844970703125
13480    3.5471677780151367  19.900535583496094  55.665328979492188
13481    64.510147094726562  20.349578857421875  56.00146484375
13482    63.932971954345703  20.82954216003418  56.149612426757812
13483    64.425621032714844  20.204206466674805  55.042209625244141
13484    6.4958739280700684  20.471393585205078  56.097640991210938
13485    69.101173400878906  8.7458534240722656  55.514766693115234
13486    69.279151916503906  20.015491485595703  55.562961578369141
13487    70.744781494140625  20.516897201538086  55.375591278076172
13488    71.109756469726562  21.067644119262695  55.892604827880859
13489    63.535121917724609  21.518823623657227  55.20233154296875
13490    7.143409252166748  20.983636856079102  55.535865783691406
13491    7.5403962135314941  21.759254455566406  55.094089508056641
13492    25.944250106811523  8.4570817947387695  54.233989715576172
13493    70.297798156738281  20.341159820556641  55.823593139648438
13494    17.767299652099609  8.5821285247802734  54.505767822265625
13495    14.075096130371094  8.7184982299804688  54.680999755859375
13496    71.163833618164062  7.8011832237243652  54.719440460205078
13497    0.30689051747322083  39.778148651123047  55.615913391113281
13498    13.860089302062988  24.97552490234375  57.251045227050781
13499    12.937748908996582  24.129919052124023  56.943485260009766
13500    12.659285545349121  25.027969360351562  57.320625305175781
13501    11.862185478210449  24.376935958862305  57.154106140136719
13502    50.417118072509766  24.365036010742188  56.532550811767578
13503    50.371528625488281  25.330177307128906  56.531234741210938
13504    18.152683258056641  24.953411102294922  55.701324462890625
13505    18.022184371948242  24.075759887695312  55.933971405029297
13506    17.527101516723633  24.929159164428711  56.461208343505859
13507    15.058785438537598  24.830005645751953  57.186492919921875
13508    14.162578582763672  24.100296020507812  56.917610168457031
13509    15.164150238037109  23.794803619384766  56.9501953125
13510    11.751548767089844  25.051044464111328  57.457538604736328
13511    17.551731109619141  23.628528594970703  56.563495635986328
13512    7.6785016059875488  22.530117034912109  53.877548217773438
13513    17.800985336303711  25.985328674316406  56.615322113037109
13514    18.252986907958984  25.761028289794922  55.855480194091797
13515    30.162973403930664  27.396814346313477  54.036712646484375
13516    50.266666412353516  23.481521606445312  56.393825531005859
13517    15.159314155578613  22.715124130249023  56.942081451416016
13518    11.983198165893555  23.545829772949219  56.960361480712891
13519    14.31596851348877  23.101839065551758  56.816402435302734
13520    13.393580436706543  22.338998794555664  56.835670471191406
13521    13.483717918395996  23.367944717407227  56.785842895507812
13522    50.259578704833984  26.046724319458008  56.368511199951172
13523    50.619125366210938  23.17723274230957  55.86981201171875
13524    12.620401382446289  23.022405624389648  56.822666168212891
13525    46.945476531982422  27.153722763061523  54.759983062744141
13526    42.755138397216797  27.18255615234375  56.727310180664062
13527    37.637599945068359  27.359550476074219  54.529190063476562
13528    42.077136993408203  27.027273178100586  58.217971801757812
13529    40.280048370361328  27.300390243530273  55.546257019042969
13530    48.663082122802734  26.969551086425781  55.662029266357422
13531    18.286823272705078  34.507705688476562  56.360794067382812
13532    17.815347671508789  34.979637145996094  56.776611328125
13533    50.867877960205078  25.795099258422852  56.00384521484375
13534    50.615753173828125  26.469738006591797  55.618007659912109
13535    49.669574737548828  26.782882690429688  55.773075103759766
13536    18.712238311767578  26.520685195922852  56.179534912109375
13537    22.226484298706055  27.169261932373047  55.437129974365234
13538    20.2742919921875  26.960041046142578  55.687747955322266
13539    24.425851821899414  27.271366119384766  55.102085113525391
13540    30.735342025756836  27.393760681152344  55.496295928955078
13541    14.764073371887207  21.098714828491211  57.357959747314453
13542    63.841644287109375  20.976404190063477  58.098484039306641
13543    13.923014640808105  21.393842697143555  57.114250183105469
13544    12.678385734558105  21.428083419799805  57.106246948242188
13545    11.701206207275391  21.620950698852539  57.16741943359375
13546    12.385616302490234  22.137762069702148  56.905387878417969
13547    14.984341621398926  21.758808135986328  57.090484619140625
13548    14.384709358215332  22.217109680175781  56.884002685546875
13549    11.714888572692871  22.5968017578125  57.003856658935547
13550    -0.21193477511405945  21.31059455871582  55.312892913818359
13551    43.848262786865234  22.176563262939453  56.702335357666016
13552    49.55438232421875  22.801105499267578  56.133983612060547
13553    71.224708557128906  38.851810455322266  56.471122741699219
13554    25.815631866455078  38.546710968017578  55.031166076660156
13555    23.153289794921875  38.387100219726562  54.306972503662109
13556    20.769285202026367  38.164966583251953  55.053276062011719
13557    11.698444366455078  37.429889678955078  57.066242218017578
13558    10.559571266174316  37.627597808837891  57.221092224121094
13559    11.320634841918945  38.529262542724609  57.237979888916016
13560    18.94148063659668  37.896480560302734  56.056999206542969
13561    18.142038345336914  37.715999603271484  56.600372314453125
13562    18.357889175415039  37.476821899414062  56.204551696777344
13563    14.634231567382812  37.951507568359375  57.300098419189453
13564    13.673266410827637  38.241886138916016  57.141384124755859
13565    12.888548851013184  37.617313385009766  57.013908386230469
13566    12.591933250427246  38.388435363769531  57.1236572265625
13567    13.741655349731445  37.236621856689453  57.071891784667969
13568    52.060508728027344  37.325626373291016  56.209518432617188
13569    51.517906188964844  37.933139801025391  55.957839965820312
13570    51.336933135986328  37.490810394287109  56.535724639892578
13571    36.7349853515625  38.596042633056641  56.563190460205078
13572    34.388751983642578  38.709331512451172  54.576023101806641
13573    7.6576638221740723  37.398021697998047  56.306560516357422
13574    7.4133005142211914  38.467689514160156  55.277683258056641
13575    50.097244262695312  38.396614074707031  55.525600433349609
13576    12.548660278320312  36.622417449951172  57.041893005371094
13577    -0.28683051466941833  38.669109344482422  56.27587890625
13578    14.710705757141113  36.611320495605469  57.288669586181641
13579    13.571728706359863  36.326480865478516  57.114124298095703
13580    52.273517608642578  36.466934204101562  56.334419250488281
13581    51.579502105712891  36.829601287841797  56.668365478515625
13582    51.694026947021484  35.896839141845703  56.672233581542969
13583    10.68858528137207  36.699981689453125  57.243865966796875
13584    11.446879386901855  36.443027496337891  57.106594085693359
13585    18.438922882080078  36.725208282470703  55.895751953125
13586    -0.1936241090297699  39.135627746582031  55.334148406982422
13587    63.412433624267578  38.336929321289062  56.655929565429688
13588    52.823532104492188  36.993350982666016  55.9158935546875
13589    52.950424194335938  36.056743621826172  56.002506256103516
13590    71.146926879882812  39.053054809570312  55.932361602783203
13591    63.550273895263672  38.805648803710938  55.353858947753906
13592    42.142818450927734  38.532100677490234  56.889835357666016
13593    52.581707000732422  37.742382049560547  55.61236572265625
13594    18.196437835693359  35.669273376464844  56.151569366455078
13595    47.754631042480469  38.534282684326172  55.779167175292969
13596    35.608219146728516  33.285900115966797  55.624824523925781
13597    24.602767944335938  33.413585662841797  54.614189147949219
13598    28.039201736450195  33.290187835693359  54.815765380859375
13599    49.937519073486328  33.734287261962891  55.806041717529297
13600    39.218963623046875  33.323513031005859  55.260601043701172
13601    51.765239715576172  34.856044769287109  56.410011291503906
13602    18.840974807739258  34.302597045898438  55.946151733398438
13603    52.391056060791016  35.495735168457031  56.274627685546875
13604    53.011356353759766  35.159130096435547  55.909088134765625
13605    10.83836555480957  35.90533447265625  57.348293304443359
13606    11.699254989624023  35.816860198974609  57.226219177246094
13607    14.653423309326172  35.651699066162109  57.449649810791016
13608    12.747210502624512  35.729198455810547  57.258060455322266
13609    13.848268508911133  35.696884155273438  57.333633422851562
13610    52.398109436035156  34.2801513671875  55.767887115478516
13611    52.976894378662109  34.543022155761719  55.701316833496094
13612    52.530738830566406  34.776622772216797  56.053760528564453
13613    51.349418640136719  34.073902130126953  55.943347930908203
13614    8.1370964050292969  35.252796173095703  58.693229675292969
13615    8.6764383316040039  35.48150634765625  58.950187683105469
13616    10.543018341064453  25.698617935180664  59.3399658203125
13617    11.364117622375488  25.893571853637695  59.529624938964844
13618    46.740039825439453  26.126974105834961  58.177120208740234
13619    46.095962524414062  26.317956924438477  58.358089447021484
13620    45.928672790527344  25.672815322875977  58.637580871582031
13621    46.987167358398438  25.236721038818359  58.31414794921875
13622    15.719500541687012  26.416299819946289  59.081150054931641
13623    15.03992748260498  26.413595199584961  59.780193328857422
13624    35.077556610107422  22.266412734985352  59.312267303466797
13625    36.574562072753906  22.336284637451172  59.376277923583984
13626    41.922473907470703  22.741060256958008  59.244102478027344
13627    42.548873901367188  23.47382926940918  59.575504302978516
13628    40.637279510498047  22.554622650146484  59.347934722900391
13629    26.964889526367188  21.860029220581055  59.135551452636719
13630    28.654830932617188  21.94151496887207  59.252368927001953
13631    8.1589488983154297  25.444734573364258  58.676883697509766
13632    8.6436033248901367  24.933404922485352  58.657020568847656
13633    8.5956945419311523  24.085418701171875  58.080581665039062
13634    46.224521636962891  24.462274551391602  58.628288269042969
13635    9.2291383743286133  25.274341583251953  59.082923889160156
13636    8.5563106536865234  23.341753005981445  57.934131622314453
13637    45.126186370849609  24.837667465209961  59.028644561767578
13638    44.090599060058594  25.141407012939453  59.333072662353516
13639    43.250648498535156  25.412860870361328  59.532367706298828
13640    43.224559783935547  24.399936676025391  59.576915740966797
13641    44.341640472412109  24.087432861328125  59.261886596679688
13642    35.447280883789062  27.069118499755859  58.845409393310547
13643    32.426559448242188  27.178054809570312  58.500225067138672
13644    43.809123992919922  26.013801574707031  59.206512451171875
13645    42.868000030517578  26.072992324829102  59.406627655029297
13646    42.043838500976562  26.106998443603516  59.601482391357422
13647    45.357269287109375  23.682744979858398  58.904060363769531
13648    45.153385162353516  23.111537933349609  58.875419616699219
13649    45.569648742675781  23.047039031982422  58.645286560058594
13650    44.606391906738281  23.235916137695312  59.029083251953125
13651    43.65399169921875  23.402950286865234  59.278274536132812
13652    44.035358428955078  22.792821884155273  58.824691772460938
13653    43.075946807861328  22.879093170166016  59.089168548583984
13654    42.437267303466797  24.223533630371094  59.792499542236328
13655    44.998519897460938  22.809066772460938  58.674755096435547
13656    36.958824157714844  52.344505310058594  60.462139129638672
13657    66.98223876953125  51.579196929931641  60.131946563720703
13658    53.191631317138672  52.329730987548828  61.033889770507812
13659    50.140190124511719  52.389278411865234  60.946182250976562
13660    70.887718200683594  52.605648040771484  60.247406005859375
13661    44.660072326660156  52.349014282226562  60.573295593261719
13662    70.332389831542969  52.031185150146484  60.537746429443359
13663    53.520973205566406  52.093338012695312  60.045669555664062
13664    54.716449737548828  52.023452758789062  59.670005798339844
13665    65.25323486328125  51.556831359863281  60.384662628173828
13666    63.844345092773438  51.664634704589844  60.292407989501953
13667    30.161472320556641  52.273700714111328  60.234424591064453
13668    61.384368896484375  51.842884063720703  59.949695587158203
13669    50.489250183105469  52.204036712646484  60.304958343505859
13670    44.799583435058594  25.84791374206543  58.967113494873047
13671    7.7177367210388184  8.9032220840454102  59.61798095703125
13672    5.8294944763183594  8.9306821823120117  59.355865478515625
13673    3.8108012676239014  8.9109630584716797  59.230682373046875
13674    0.85206913948059082  8.4648218154907227  58.735111236572266
13675    0.28839877247810364  8.124049186706543  58.249954223632812
13676    70.780006408691406  8.2246913909912109  59.172454833984375
13677    38.910415649414062  8.5375041961669922  59.322486877441406
13678    53.322898864746094  8.6042594909667969  59.645126342773438
13679    49.176483154296875  8.5568304061889648  59.559116363525391
13680    24.055177688598633  8.5503005981445312  59.382125854492188
13681    15.757465362548828  8.6328048706054688  59.438495635986328
13682    0.13619571924209595  20.64592170715332  59.30975341796875
13683    0.54406899213790894  20.411056518554688  58.542003631591797
13684    17.989612579345703  20.962730407714844  59.282695770263672
13685    17.282629013061523  20.576948165893555  59.618358612060547
13686    14.862005233764648  20.133779525756836  59.107936859130859
13687    13.771808624267578  20.024347305297852  59.101982116699219
13688    12.172378540039062  20.04351806640625  58.917190551757812
13689    10.94060230255127  20.182352066040039  58.687828063964844
13690    20.987949371337891  21.473535537719727  59.471790313720703
13691    7.9497971534729004  20.404121398925781  58.604415893554688
13692    9.5817136764526367  20.23040771484375  58.806045532226562
13693    8.3663082122802734  22.492748260498047  57.820133209228516
13694    22.87890625  21.766950607299805  58.70556640625
13695    25.295574188232422  21.840112686157227  58.752899169921875
13696    30.093517303466797  22.03618049621582  59.82183837890625
13697    19.678955078125  21.392560958862305  59.308982849121094
13698    20.062711715698242  21.647842407226562  58.713165283203125
13699    19.158878326416016  21.485177993774414  58.827251434326172
13700    18.812534332275391  21.180524826049805  59.365188598632812
13701    70.28839111328125  20.234479904174805  59.292179107666016
13702    67.752845764160156  19.830060958862305  58.814289093017578
13703    64.239768981933594  20.430486679077148  58.574188232421875
13704    63.847396850585938  20.701217651367188  59.370384216308594
13705    21.224245071411133  21.770744323730469  58.476173400878906
13706    17.294710159301758  20.975814819335938  58.782173156738281
13707    8.076085090637207  21.090631484985352  58.096061706542969
13708    17.507375717163086  21.415817260742188  58.189949035644531
13709    8.1392326354980469  21.673028945922852  57.839752197265625
13710    18.268949508666992  21.369102478027344  58.6114501953125
13711    46.396900177001953  23.3607177734375  58.382724761962891
13712    47.163928985595703  23.27073860168457  58.071327209472656
13713    70.761314392089844  39.907337188720703  59.100551605224609
13714    69.895736694335938  40.291736602783203  59.095062255859375
13715    0.2265220433473587  52.523334503173828  59.228141784667969
13716    0.78321373462677002  52.281814575195312  58.556423187255859
13717    4.2685513496398926  51.757717132568359  59.164100646972656
13718    16.771936416625977  39.994010925292969  59.447315216064453
13719    17.497583389282227  39.854091644287109  59.631725311279297
13720    7.4060273170471191  51.766998291015625  59.263072967529297
13721    68.461219787597656  40.520072937011719  59.055755615234375
13722    9.1251821517944336  51.839080810546875  59.543182373046875
13723    65.872413635253906  40.612987518310547  59.355659484863281
13724    64.599609375  40.296253204345703  59.146183013916016
13725    12.889537811279297  40.569099426269531  59.266040802001953
13726    15.73828125  40.095394134521484  59.151542663574219
13727    11.202528953552246  40.469585418701172  58.951385498046875
13728    64.008758544921875  39.919357299804688  58.784427642822266
13729    67.173027038574219  40.634017944335938  59.217300415039062
13730    25.129802703857422  52.132289886474609  59.697299957275391
13731    39.947517395019531  52.131614685058594  59.484603881835938
13732    44.155651092529297  37.367813110351562  59.576873779296875
13733    38.875526428222656  38.262363433837891  59.44866943359375
13734    5.8698129653930664  40.444850921630859  58.832729339599609
13735    4.2423782348632812  40.611026763916016  59.119613647460938
13736    42.705188751220703  38.077568054199219  59.216724395751953
13737    41.026168823242188  38.222614288330078  59.144962310791016
13738    44.107189178466797  37.94683837890625  59.116756439208984
13739    45.263423919677734  37.862335205078125  59.014568328857422
13740    44.861000061035156  37.506298065185547  59.354476928710938
13741    45.696872711181641  37.337234497070312  59.221946716308594
13742    46.143009185791016  37.8516845703125  58.740116119384766
13743    46.635272979736328  37.294090270996094  58.998798370361328
13744    47.18328857421875  37.718784332275391  58.498020172119141
13745    47.395042419433594  37.095462799072266  58.8184814453125
13746    31.460140228271484  38.674591064453125  59.576465606689453
13747    22.182518005371094  38.958652496337891  59.313255310058594
13748    30.021326065063477  38.720458984375  59.329006195068359
13749    28.228229522705078  38.774127960205078  59.232513427734375
13750    25.358489990234375  38.827449798583984  59.209499359130859
13751    33.561862945556641  38.537631988525391  59.229068756103516
13752    7.7052950859069824  40.175559997558594  58.643917083740234
13753    2.1689741611480713  40.570606231689453  59.332027435302734
13754    19.361797332763672  39.275703430175781  59.4971923828125
13755    0.13834483921527863  39.437404632568359  58.545974731445312
13756    18.21307373046875  39.440017700195312  59.356834411621094
13757    20.114831924438477  39.252265930175781  59.711696624755859
13758    71.110801696777344  39.608551025390625  59.164302825927734
13759    0.80676889419555664  40.107246398925781  59.123226165771484
13760    50.3966064453125  52.063377380371094  59.498771667480469
13761    70.133384704589844  52.167224884033203  59.488265991210938
13762    65.390464782714844  51.683204650878906  59.664043426513672
13763    46.165904998779297  36.470897674560547  59.301383972167969
13764    47.248367309570312  36.170337677001953  58.988792419433594
13765    46.893383026123047  36.812759399414062  59.088958740234375
13766    44.798091888427734  36.557712554931641  59.629051208496094
13767    9.3436555862426758  35.176139831542969  59.334903717041016
13768    42.353202819824219  26.662982940673828  59.017604827880859
13769    17.903148651123047  33.858634948730469  58.840103149414062
13770    41.008323669433594  26.87077522277832  58.972213745117188
13771    19.165090560913086  38.888095855712891  58.496139526367188
13772    20.690105438232422  38.991657257080078  59.026676177978516
13773    23.569416046142578  38.800968170166016  58.951530456542969
13774    44.371105194091797  26.52294921875  58.694858551025391
13775    43.425834655761719  26.5399169921875  58.93927001953125
13776    39.663265228271484  26.929826736450195  59.043262481689453
13777    45.423492431640625  26.407203674316406  58.497501373291016
13778    40.416206359863281  33.7642822265625  59.374813079833984
13779    47.042537689208984  34.108726501464844  58.52960205078125
13780    45.959732055664062  34.071567535400391  58.647880554199219
13781    44.285236358642578  34.134689331054688  59.057182312011719
13782    35.496143341064453  33.544559478759766  58.957180023193359
13783    29.120359420776367  33.414398193359375  58.468326568603516
13784    32.645347595214844  33.453060150146484  58.464694976806641
13785    26.733509063720703  33.394123077392578  58.307533264160156
13786    8.4441452026367188  36.241844177246094  58.290454864501953
13787    16.039518356323242  35.045475006103516  58.167900085449219
13788    48.943119049072266  35.346843719482422  58.259719848632812
13789    48.214775085449219  35.680644989013672  58.601058959960938
13790    48.366237640380859  34.702999114990234  58.325984954833984
13791    49.200679779052734  34.805217742919922  58.010944366455078
13792    48.146495819091797  36.704532623291016  58.578506469726562
13793    8.3376607894897461  37.110923767089844  57.945419311523438
13794    49.054450988769531  36.270542144775391  58.208740234375
13795    16.899513244628906  37.121288299560547  57.521591186523438
13796    17.08540153503418  38.160858154296875  57.897590637207031
13797    17.757455825805664  38.903888702392578  58.494991302490234
13798    48.757781982421875  37.241786956787109  58.081901550292969
13799    47.965541839599609  37.428733825683594  58.400169372558594
13800    8.4642810821533203  38.247142791748047  57.876300811767578
13801    16.938442230224609  38.970584869384766  58.425331115722656
13802    8.2253503799438477  39.322113037109375  58.063701629638672
13803    17.265668869018555  39.478767395019531  59.003196716308594
13804    16.452600479125977  39.494098663330078  58.703205108642578
13805    54.762413024902344  22.694053649902344  52.801441192626953
13806    55.245376586914062  23.40849494934082  52.392440795898438
13807    54.638935089111328  23.465511322021484  53.079498291015625
13808    55.368251800537109  24.546852111816406  52.215991973876953
13809    20.445198059082031  24.093862533569336  52.899585723876953
13810    19.911529541015625  24.904531478881836  53.458316802978516
13811    20.116453170776367  25.682437896728516  53.262088775634766
13812    54.802989959716797  24.333080291748047  52.898277282714844
13813    55.406162261962891  25.201984405517578  52.015727996826172
13814    63.192440032958984  25.574666976928711  53.355403900146484
13815    20.402294158935547  23.346269607543945  53.236618041992188
13816    20.865995407104492  23.436077117919922  52.599765777587891
13817    55.20050048828125  22.378314971923828  52.180679321289062
13818    54.713451385498047  22.092222213745117  52.531700134277344
13819    20.496730804443359  26.041206359863281  52.964603424072266
13820    20.75996208190918  26.493947982788086  53.161346435546875
13821    20.948186874389648  26.166389465332031  52.528282165527344
13822    54.447853088378906  26.018947601318359  52.78363037109375
13823    54.214359283447266  26.38838005065918  52.679885864257812
13824    53.910762786865234  26.140228271484375  53.30450439453125
13825    26.754087448120117  27.304784774780273  52.975391387939453
13826    28.552146911621094  27.367698669433594  53.228965759277344
13827    54.900169372558594  25.387102127075195  52.538715362548828
13828    37.472282409667969  21.423131942749023  51.848182678222656
13829    35.219089508056641  21.54052734375  51.938220977783203
13830    44.834293365478516  21.29533576965332  52.094074249267578
13831    30.971965789794922  21.957609176635742  52.268833160400391
13832    40.636817932128906  21.267261505126953  51.475509643554688
13833    49.128883361816406  21.470108032226562  52.764167785644531
13834    52.516731262207031  21.542270660400391  52.571895599365234
13835    54.083415985107422  21.785955429077148  52.557655334472656
13836    7.4645805358886719  20.631496429443359  52.927139282226562
13837    34.690254211425781  21.690591812133789  52.648727416992188
13838    70.297103881835938  18.552654266357422  52.306514739990234
13839    70.755790710449219  19.178186416625977  52.709491729736328
13840    71.150947570800781  19.893808364868164  53.066516876220703
13841    32.559745788574219  21.907464981079102  52.919586181640625
13842    33.653331756591797  21.798521041870117  52.745246887207031
13843    63.474105834960938  20.888338088989258  53.357730865478516
13844    21.182647705078125  22.896234512329102  52.877674102783203
13845    33.070518493652344  27.408958435058594  53.845729827880859
13846    31.792045593261719  8.0322418212890625  52.130989074707031
13847    25.209686279296875  7.9022307395935059  51.069976806640625
13848    19.14295768737793  8.1054954528808594  52.279201507568359
13849    18.393596649169922  7.9053592681884766  50.691509246826172
13850    13.387612342834473  8.0446109771728516  50.6513671875
13851    -0.33166730403900146  7.9287605285644531  52.409702301025391
13852    10.251432418823242  8.346583366394043  51.55322265625
13853    9.0546941757202148  8.6267862319946289  52.084346771240234
13854    12.797325134277344  8.2219944000244141  52.27606201171875
13855    40.567474365234375  7.9776816368103027  51.545013427734375
13856    43.996658325195312  8.0505180358886719  52.136699676513672
13857    46.906822204589844  8.1255226135253906  52.083736419677734
13858    2.0586328506469727  9.574397087097168  53.464809417724609
13859    3.6655364036560059  9.8079252243041992  53.300022125244141
13860    54.383579254150391  8.2928533554077148  52.759868621826172
13861    55.611011505126953  8.3405075073242188  52.402900695800781
13862    -0.2536284327507019  8.4386968612670898  52.307098388671875
13863    64.3199462890625  18.48310661315918  52.174564361572266
13864    67.547004699707031  9.8281469345092773  53.175163269042969
13865    66.251701354980469  9.8495264053344727  53.062343597412109
13866    3.5518014430999756  19.099006652832031  53.462890625
13867    6.5528111457824707  18.61903190612793  52.309566497802734
13868    64.927436828613281  18.721912384033203  52.644401550292969
13869    67.344573974609375  19.093931198120117  53.470733642578125
13870    64.083473205566406  9.9684410095214844  52.257038116455078
13871    64.934364318847656  10.005434989929199  52.599960327148438
13872    68.577621459960938  9.6915159225463867  53.271747589111328
13873    69.613754272460938  10.05576229095459  52.577827453613281
13874    70.36669921875  10.244128227233887  52.077098846435547
13875    6.5982184410095215  10.187793731689453  52.106662750244141
13876    0.56111383438110352  18.535131454467773  52.219699859619141
13877    1.1783157587051392  18.748897552490234  52.680667877197266
13878    1.9779292345046997  19.165624618530273  53.423099517822266
13879    65.744972229003906  19.152463912963867  53.412387847900391
13880    5.3824739456176758  19.278255462646484  53.519489288330078
13881    6.3358983993530273  19.067743301391602  52.860240936279297
13882    64.231681823730469  18.964780807495117  52.594497680664062
13883    63.879203796386719  19.621919631958008  52.967487335205078
13884    69.178764343261719  19.248817443847656  53.500225067138672
13885    70.091270446777344  19.004018783569336  52.844352722167969
13886    7.0185141563415527  19.400638580322266  52.685401916503906
13887    0.48694419860839844  19.032331466674805  52.682270050048828
13888    0.20159506797790527  19.674797058105469  53.184555053710938
13889    60.538185119628906  8.8378019332885742  53.251731872558594
13890    58.312286376953125  8.6577529907226562  52.932884216308594
13891    56.17529296875  8.4904212951660156  52.844146728515625
13892    70.422073364257812  9.7447996139526367  52.467720031738281
13893    70.81805419921875  9.114293098449707  52.686519622802734
13894    62.525791168212891  9.0581045150756836  53.360637664794922
13895    49.620124816894531  8.2212724685668945  52.141750335693359
13896    63.248313903808594  9.4948482513427734  52.429798126220703
13897    0.48349609971046448  9.7791404724121094  52.34271240234375
13898    -0.0076429275795817375  9.0974016189575195  52.298377990722656
13899    0.49770230054855347  9.3870458602905273  52.875072479248047
13900    1.1674659252166748  9.82159423828125  52.794063568115234
13901    51.864654541015625  8.2695016860961914  52.789897918701172
13902    8.1329145431518555  9.1127490997314453  52.238887786865234
13903    6.3599743843078613  9.8344793319702148  52.703609466552734
13904    7.011451244354248  9.6836233139038086  52.40203857421875
13905    5.4865384101867676  9.7517204284667969  53.176738739013672
13906    5.8413515090942383  10.241979598999023  52.458122253417969
13907    64.110664367675781  9.6393156051635742  52.748008728027344
13908    16.681901931762695  52.005992889404297  54.582191467285156
13909    11.403045654296875  51.950904846191406  53.532035827636719
13910    17.778102874755859  52.159801483154297  53.941513061523438
13911    27.237762451171875  52.147464752197266  54.464656829833984
13912    0.092230580747127533  52.054485321044922  53.967426300048828
13913    0.71193927526473999  52.00726318359375  54.860858917236328
13914    0.49068835377693176  51.679141998291016  53.800495147705078
13915    11.269563674926758  51.809455871582031  54.600265502929688
13916    7.0013818740844727  51.458992004394531  54.073806762695312
13917    8.3834743499755859  51.615020751953125  53.742664337158203
13918    4.6992454528808594  51.405525207519531  54.264286041259766
13919    1.8860412836074829  51.851509094238281  55.220527648925781
13920    1.2339800596237183  51.621273040771484  54.171646118164062
13921    2.568666934967041  51.508426666259766  54.320720672607422
13922    4.0245075225830078  51.749088287353516  55.366123199462891
13923    64.582115173339844  40.201557159423828  54.891407012939453
13924    65.293037414550781  40.757411956787109  54.202545166015625
13925    64.290214538574219  40.413570404052734  53.971820831298828
13926    65.791458129882812  40.473846435546875  55.098667144775391
13927    70.019180297851562  40.68646240234375  53.884429931640625
13928    70.174690246582031  40.253337860107422  54.756011962890625
13929    70.844497680664062  40.133041381835938  53.799579620361328
13930    70.754539489746094  39.851734161376953  54.862720489501953
13931    68.976860046386719  40.596477508544922  54.698478698730469
13932    69.224922180175781  40.916065216064453  53.958610534667969
13933    22.954017639160156  52.335411071777344  53.526206970214844
13934    51.061721801757812  38.743827819824219  54.147468566894531
13935    47.714916229248047  38.821624755859375  54.374282836914062
13936    3.5991384983062744  40.633663177490234  54.902847290039062
13937    2.7686874866485596  40.876983642578125  54.325225830078125
13938    2.0497398376464844  40.489250183105469  55.100685119628906
13939    0.84195107221603394  40.277679443359375  54.915069580078125
13940    1.5531777143478394  40.784160614013672  54.219558715820312
13941    0.55433088541030884  40.507301330566406  54.055442810058594
13942    0.11373419314622879  39.903202056884766  54.656654357910156
13943    -0.042462516576051712  40.119796752929688  53.680473327636719
13944    71.164131164550781  39.327480316162109  54.288318634033203
13945    4.2719025611877441  41.067192077636719  53.937248229980469
13946    52.052440643310547  38.297107696533203  55.03961181640625
13947    7.4682712554931641  38.802021026611328  53.483646392822266
13948    7.0410404205322266  40.005687713623047  53.716567993164062
13949    7.0738000869750977  39.518840789794922  54.794307708740234
13950    -0.19798198342323303  39.558181762695312  54.335178375244141
13951    44.624485015869141  38.668384552001953  55.509471893310547
13952    42.910667419433594  38.921241760253906  54.032413482666016
13953    53.949226379394531  38.136478424072266  53.945026397705078
13954    54.078628540039062  37.657966613769531  54.494800567626953
13955    54.546669006347656  37.416233062744141  53.791000366210938
13956    54.342987060546875  37.001438140869141  54.568561553955078
13957    68.013282775878906  41.067474365234375  53.942161560058594
13958    5.2312684059143066  40.587963104248047  54.685047149658203
13959    5.4801907539367676  40.911952972412109  53.943214416503906
13960    67.341621398925781  40.631977081298828  54.90545654296875
13961    66.508895874023438  40.871322631835938  54.323345184326172
13962    63.837921142578125  39.646190643310547  54.529067993164062
13963    63.661808013916016  39.913116455078125  53.352783203125
13964    6.2653264999389648  40.657360076904297  53.847423553466797
13965    6.4272289276123047  40.184188842773438  54.720329284667969
13966    63.239902496337891  37.181735992431641  54.619670867919922
13967    30.322378158569336  38.655246734619141  51.931777954101562
13968    21.101667404174805  35.807334899902344  53.070640563964844
13969    21.532798767089844  36.797401428222656  52.693527221679688
13970    21.548944473266602  35.007457733154297  52.694664001464844
13971    21.250568389892578  37.327522277832031  53.053668975830078
13972    21.803806304931641  37.445751190185547  52.583229064941406
13973    7.6592621803283691  36.465278625488281  54.214984893798828
13974    21.819555282592773  34.46380615234375  52.558780670166016
13975    54.622055053710938  34.644634246826172  53.098110198974609
13976    54.980175018310547  35.409469604492188  52.857631683349609
13977    21.333555221557617  34.449851989746094  53.070301055908203
13978    54.937602996826172  36.509860992431641  53.165271759033203
13979    35.498516082763672  52.429447174072266  53.203029632568359
13980    54.849411010742188  37.389705657958984  53.104976654052734
13981    53.332263946533203  37.959121704101562  54.850288391113281
13982    52.921989440917969  38.536174774169922  54.024532318115234
13983    40.526329040527344  39.172172546386719  52.568843841552734
13984    37.561439514160156  39.219860076904297  52.046932220458984
13985    41.205329895019531  52.206764221191406  54.130104064941406
13986    54.344951629638672  34.590995788574219  54.040904998779297
13987    54.681816101074219  35.5302734375  53.790767669677734
13988    54.355243682861328  35.143520355224609  54.599826812744141
13989    54.167682647705078  34.526718139648438  54.654037475585938
13990    20.097774505615234  35.55706787109375  54.093669891357422
13991    20.182558059692383  34.650596618652344  54.203376770019531
13992    19.601430892944336  34.855270385742188  54.740989685058594
13993    53.840538024902344  34.160800933837891  54.463474273681641
13994    53.838336944580078  34.398418426513672  54.978580474853516
13995    53.208843231201172  34.172801971435547  55.143409729003906
13996    53.111476898193359  33.848121643066406  54.329010009765625
13997    52.3995361328125  33.905239105224609  55.147171020507812
13998    51.775352478027344  33.67169189453125  54.412822723388672
13999    20.645132064819336  36.745796203613281  53.547115325927734
14000    19.690902709960938  36.659759521484375  54.506134033203125
14001    19.035289764404297  35.651828765869141  55.208755493164062
14002    19.041574478149414  36.571311950683594  55.163169860839844
14003    30.098600387573242  38.62384033203125  53.993946075439453
14004    54.423984527587891  36.08648681640625  54.602802276611328
14005    19.109176635742188  34.677658081054688  55.340118408203125
14006    34.840385437011719  33.244029998779297  54.328666687011719
14007    32.907680511474609  33.237415313720703  53.775657653808594
14008    35.981941223144531  33.236236572265625  52.366809844970703
14009    42.901649475097656  33.321186065673828  53.329288482666016
14010    40.143638610839844  33.272674560546875  52.703262329101562
14011    37.21075439453125  33.256977081298828  53.805568695068359
14012    30.229824066162109  33.255153656005859  55.049591064453125
14013    19.860876083374023  34.241386413574219  54.937187194824219
14014    49.853000640869141  33.496940612792969  53.894004821777344
14015    39.835475921630859  38.717166900634766  55.237327575683594
14016    32.188419342041016  38.717597961425781  52.976268768310547
14017    63.404827117919922  38.746971130371094  53.840702056884766
14018    38.117488861083984  38.899406433105469  53.853584289550781
14019    34.993625640869141  38.867702484130859  53.427352905273438
14020    33.59210205078125  38.771034240722656  53.477943420410156
14021    19.192949295043945  37.159633636474609  55.130455017089844
14022    54.65289306640625  36.550670623779297  54.020191192626953
14023    19.858270645141602  37.413394927978516  54.535491943359375
14024    20.30992317199707  37.296459197998047  54.008197784423828
14025    20.759006500244141  37.798473358154297  54.006069183349609
14026    19.639368057250977  37.736606597900391  55.083793640136719
14027    70.84295654296875  52.137779235839844  53.895092010498047
14028    71.231269836425781  52.745319366455078  53.301200866699219
14029    70.688392639160156  52.400581359863281  55.269416809082031
14030    65.117279052734375  51.327144622802734  53.790748596191406
14031    66.314346313476562  51.486293792724609  54.435695648193359
14032    63.676773071289062  51.486854553222656  53.745651245117188
14033    62.178249359130859  51.717052459716797  54.472354888916016
14034    57.558902740478516  51.920860290527344  54.332023620605469
14035    60.571056365966797  51.801326751708984  54.194404602050781
14036    54.631942749023438  52.030494689941406  54.041595458984375
14037    49.569782257080078  52.041584014892578  54.650211334228516
14038    52.852153778076172  52.158561706542969  53.690792083740234
14039    47.254749298095703  52.118907928466797  54.343742370605469
14040    49.360424041748047  52.250759124755859  53.617042541503906
14041    68.088813781738281  51.522300720214844  54.462650299072266
14042    -0.1833023726940155  52.621479034423828  54.247997283935547
14043    69.880416870117188  51.840412139892578  54.554523468017578
14044    70.171287536621094  52.22564697265625  55.884590148925781
14045    21.915569305419922  34.09930419921875  52.833648681640625
14046    28.858068466186523  33.280426025390625  52.863334655761719
14047    30.862682342529297  33.251777648925781  52.724346160888672
14048    53.219821929931641  33.709335327148438  53.180492401123047
14049    53.967456817626953  34.063266754150391  53.559024810791016
14050    38.364120483398438  33.246440887451172  51.950542449951172
14051    36.251338958740234  27.396337509155273  53.197410583496094
14052    45.447837829589844  52.352367401123047  53.309642791748047
14053    53.592704772949219  26.587955474853516  53.038818359375
14054    50.802986145019531  26.923118591308594  53.963340759277344
14055    20.796352386474609  34.872905731201172  53.483264923095703
14056    20.864534378051758  37.472942352294922  53.514003753662109
14057    21.605083465576172  37.745098114013672  53.020965576171875
14058    20.861032485961914  34.253528594970703  53.793281555175781
14059    21.463432312011719  33.843647003173828  54.2227783203125
14060    53.326549530029297  26.39703369140625  53.682052612304688
14061    53.47802734375  26.029380798339844  53.869918823242188
14062    54.905288696289062  8.3789005279541016  53.003387451171875
14063    53.230876922607422  8.3507833480834961  53.230094909667969
14064    53.300418853759766  8.4731645584106445  53.610652923583984
14065    45.404304504394531  8.29351806640625  53.300079345703125
14066    44.031517028808594  8.1551179885864258  52.7333984375
14067    36.015010833740234  8.2562770843505859  53.370319366455078
14068    70.087738037109375  8.8366212844848633  54.171287536621094
14069    69.840667724609375  9.3989267349243164  53.242134094238281
14070    68.724159240722656  9.1265058517456055  54.267108917236328
14071    39.644062042236328  8.0814008712768555  52.552574157714844
14072    3.1258292198181152  9.2116889953613281  54.381797790527344
14073    4.7284507751464844  9.334956169128418  54.096176147460938
14074    14.114472389221191  8.2893552780151367  52.925922393798828
14075    10.980535507202148  8.5330114364624023  52.956882476806641
14076    17.130027770996094  8.4013290405273438  53.573699951171875
14077    12.895756721496582  8.6182785034179688  53.994697570800781
14078    7.0036802291870117  9.3794517517089844  53.145114898681641
14079    9.5004091262817383  8.8879528045654297  53.830322265625
14080    0.29253804683685303  8.9389266967773438  53.293827056884766
14081    -0.074914291501045227  8.3341760635375977  53.385452270507812
14082    0.49463969469070435  8.6572542190551758  54.200321197509766
14083    6.8508410453796387  9.1567182540893555  54.167957305908203
14084    25.53242301940918  8.252410888671875  53.2659912109375
14085    33.462841033935547  38.862812042236328  52.438442230224609
14086    70.846733093261719  8.3684196472167969  54.173664093017578
14087    46.260288238525391  39.224498748779297  52.477031707763672
14088    36.728778839111328  39.049297332763672  52.883144378662109
14089    34.795909881591797  38.985042572021484  52.675140380859375
14090    34.252700805664062  39.021598815917969  51.933364868164062
14091    35.582828521728516  39.130489349365234  52.038726806640625
14092    62.697597503662109  8.9417943954467773  54.126064300537109
14093    57.784313201904297  8.7355556488037109  54.484817504882812
14094    49.115238189697266  8.4085254669189453  53.723503112792969
14095    63.697914123535156  9.3296175003051758  53.140041351318359
14096    63.887832641601562  9.1099271774291992  53.880054473876953
14097    67.009635925292969  9.348057746887207  53.956783294677734
14098    65.416793823242188  9.3176488876342773  53.762737274169922
14099    64.704391479492188  9.50518798828125  53.217208862304688
14100    33.839103698730469  21.890176773071289  53.5291748046875
14101    40.409477233886719  21.527229309082031  52.866073608398438
14102    38.998203277587891  21.825830459594727  54.205482482910156
14103    36.728988647460938  21.637979507446289  52.933181762695312
14104    35.205810546875  21.814630508422852  53.520877838134766
14105    21.411897659301758  22.499763488769531  54.010799407958984
14106    49.327857971191406  22.011638641357422  54.203094482421875
14107    44.848331451416016  21.752964019775391  53.924057006835938
14108    53.499156951904297  22.19732666015625  53.309951782226562
14109    54.302555084228516  22.26422119140625  52.967765808105469
14110    52.473270416259766  22.042619705200195  53.567935943603516
14111    51.185867309570312  21.839578628540039  53.513355255126953
14112    20.138229370117188  22.96076774597168  54.047134399414062
14113    19.727960586547852  23.799545288085938  53.853889465332031
14114    19.471225738525391  23.275192260742188  54.365825653076172
14115    -0.26709166169166565  21.153635025024414  54.252696990966797
14116    71.235679626464844  20.8359375  54.478744506835938
14117    70.875991821289062  20.215078353881836  54.163578033447266
14118    63.826972961425781  20.465818405151367  54.379608154296875
14119    54.324943542480469  25.64794921875  53.158256530761719
14120    54.406291961669922  25.009120941162109  53.247043609619141
14121    19.538171768188477  25.687053680419922  53.991649627685547
14122    20.076541900634766  26.139900207519531  53.515953063964844
14123    19.151195526123047  24.782257080078125  54.390098571777344
14124    21.822853088378906  27.041597366333008  54.179573059082031
14125    53.820606231689453  25.391958236694336  53.742938995361328
14126    19.75648307800293  26.376861572265625  54.230838775634766
14127    20.667444229125977  26.812187194824219  54.159259796142578
14128    54.022670745849609  24.113531112670898  53.673458099365234
14129    53.541301727294922  22.746049880981445  53.801830291748047
14130    54.11639404296875  22.917236328125  53.412830352783203
14131    52.909332275390625  22.545780181884766  53.980628967285156
14132    51.654323577880859  22.409610748291016  54.298011779785156
14133    53.676250457763672  23.277242660522461  53.917350769042969
14134    31.240053176879883  27.416412353515625  54.537513732910156
14135    0.86212211847305298  19.381973266601562  53.353652954101562
14136    52.573028564453125  26.61676025390625  53.860946655273438
14137    0.92526298761367798  9.2359161376953125  53.511081695556641
14138    70.316452026367188  19.565523147583008  53.504436492919922
14139    43.654987335205078  27.282449722290039  54.453525543212891
14140    64.267013549804688  19.868854522705078  53.942516326904297
14141    64.602272033691406  19.347101211547852  53.279304504394531
14142    70.1090087890625  19.978237152099609  54.562084197998047
14143    69.297195434570312  19.738174438476562  54.464004516601562
14144    68.250114440917969  19.626197814941406  54.509670257568359
14145    5.4123296737670898  19.760175704956055  54.493988037109375
14146    4.3598294258117676  19.62523078918457  54.471210479736328
14147    66.5587158203125  19.611782073974609  54.523384094238281
14148    65.102867126464844  19.715982437133789  54.293998718261719
14149    2.72756028175354  19.61286735534668  54.470199584960938
14150    1.3345919847488403  19.73274040222168  54.30987548828125
14151    7.1610054969787598  20.571262359619141  54.079982757568359
14152    6.552670955657959  19.686132431030273  53.530693054199219
14153    6.2970948219299316  20.102705001831055  54.652362823486328
14154    7.5147051811218262  21.392677307128906  54.055675506591797
14155    0.032166413962841034  20.483316421508789  54.367259979248047
14156    0.51975393295288086  19.900749206542969  54.017478942871094
14157    42.28265380859375  52.612400054931641  52.383869171142578
14158    34.858116149902344  52.692607879638672  51.960193634033203
14159    42.228401184082031  52.717067718505859  51.759002685546875
14160    45.455162048339844  52.664024353027344  51.944869995117188
14161    54.351028442382812  52.352550506591797  52.594127655029297
14162    53.196491241455078  52.296794891357422  53.136722564697266
14163    51.558681488037109  52.382652282714844  52.598117828369141
14164    54.871822357177734  52.264976501464844  52.914474487304688
14165    46.568279266357422  52.578334808349609  52.095279693603516
14166    46.453067779541016  52.470840454101562  52.473880767822266
14167    71.147483825683594  51.926342010498047  52.296131134033203
14168    -0.2412232905626297  51.730628967285156  51.760990142822266
14169    -0.27037206292152405  7.647489070892334  53.643642425537109
14170    4.8412971496582031  50.762104034423828  53.082260131835938
14171    6.0847339630126953  50.624481201171875  52.585296630859375
14172    6.6734638214111328  51.195850372314453  53.231170654296875
14173    64.083381652832031  40.711727142333984  53.243396759033203
14174    64.796188354492188  41.049800872802734  53.435558319091797
14175    66.221038818359375  41.414253234863281  53.375965118408203
14176    67.998374938964844  41.750930786132812  52.999279022216797
14177    69.456535339355469  41.356594085693359  53.162235260009766
14178    70.719001770019531  40.928909301757812  52.720069885253906
14179    0.35140770673751831  40.784763336181641  53.361431121826172
14180    0.58296328783035278  41.227130889892578  52.954364776611328
14181    0.041813075542449951  40.872039794921875  52.672077178955078
14182    1.0570322275161743  41.078609466552734  53.472084045410156
14183    1.9802874326705933  41.918621063232422  52.717494964599609
14184    1.2865617275238037  41.628467559814453  52.846904754638672
14185    2.4814047813415527  41.417530059814453  53.383354187011719
14186    54.535671234130859  38.067573547363281  53.045951843261719
14187    54.121925354003906  38.693092346191406  52.589176177978516
14188    53.735523223876953  38.58282470703125  53.289077758789062
14189    5.7129721641540527  41.346710205078125  53.146114349365234
14190    5.2155857086181641  41.921600341796875  52.712181091308594
14191    4.2577438354492188  41.748371124267578  52.997936248779297
14192    52.596309661865234  39.00274658203125  52.743186950683594
14193    6.9707245826721191  40.837009429931641  52.655380249023438
14194    -0.23510473966598511  40.065887451171875  53.073394775390625
14195    63.738540649414062  40.801528930664062  52.415103912353516
14196    63.387157440185547  39.816108703613281  52.472927093505859
14197    70.313316345214844  41.649444580078125  52.433265686035156
14198    0.82779467105865479  51.242942810058594  53.255691528320312
14199    0.14319691061973572  51.188034057617188  52.538455963134766
14200    0.55853509902954102  50.787193298339844  52.529224395751953
14201    1.4496984481811523  50.680953979492188  52.770160675048828
14202    1.6914148330688477  51.240428924560547  53.576408386230469
14203    65.025642395019531  41.626041412353516  52.817939758300781
14204    64.317710876464844  41.197772979736328  52.879524230957031
14205    2.9072532653808594  50.985363006591797  53.396312713623047
14206    69.651138305664062  42.051155090332031  52.427845001220703
14207    68.9569091796875  41.924427032470703  52.715953826904297
14208    6.923243522644043  51.018295288085938  52.641151428222656
14209    7.9966363906860352  51.477542877197266  52.906810760498047
14210    7.5019278526306152  51.015399932861328  51.829105377197266
14211    64.300277709960938  51.194713592529297  53.195892333984375
14212    63.520519256591797  51.146717071533203  52.752227783203125
14213    64.195571899414062  50.868560791015625  52.637199401855469
14214    5.909278392791748  42.046154022216797  52.424713134765625
14215    6.5697250366210938  41.630237579345703  52.422229766845703
14216    71.195526123046875  39.846004486083984  53.208927154541016
14217    65.719871520996094  41.926315307617188  52.702953338623047
14218    1.5002819299697876  8.9835605621337891  54.435966491699219
14219    49.81573486328125  39.074760437011719  53.121719360351562
14220    63.307308197021484  39.086627960205078  52.809200286865234
14221    56.186046600341797  52.157966613769531  52.794761657714844
14222    58.058181762695312  52.012863159179688  52.989284515380859
14223    62.285205841064453  51.550304412841797  53.110870361328125
14224    60.381332397460938  51.836788177490234  52.878036499023438
14225    65.064018249511719  50.901229858398438  52.970748901367188
14226    70.260406494140625  51.440479278564453  53.419525146484375
14227    70.750267028808594  51.140644073486328  52.507125854492188
14228    22.539571762084961  52.590568542480469  52.310226440429688
14229    15.145284652709961  52.326412200927734  53.079696655273438
14230    15.099164009094238  52.520816802978516  52.318355560302734
14231    69.033134460449219  51.027168273925781  53.318206787109375
14232    66.754219055175781  50.904483795166016  53.283653259277344
14233    11.040112495422363  52.156383514404297  52.767662048339844
14234    9.1024894714355469  51.790008544921875  51.609790802001953
14235    11.75301456451416  52.351585388183594  52.046085357666016
14236    70.069572448730469  50.87109375  52.769817352294922
14237    65.557884216308594  50.440956115722656  52.560508728027344
14238    64.583648681640625  50.430107116699219  52.291725158691406
14239    70.299102783203125  50.452301025390625  52.247402191162109
14240    0.68069595098495483  50.316009521484375  52.159400939941406
14241    6.7762598991394043  50.579353332519531  52.095691680908203
14242    54.058391571044922  34.826213836669922  55.026626586914062
14243    53.993747711181641  35.641670227050781  55.209049224853516
14244    53.561759948730469  34.829189300537109  55.430839538574219
14245    53.459663391113281  35.625324249267578  55.686824798583984
14246    18.492952346801758  34.874534606933594  55.949386596679688
14247    53.545303344726562  36.554397583007812  55.559394836425781
14248    53.28436279296875  37.395164489746094  55.461132049560547
14249    18.836147308349609  37.469142913818359  55.679313659667969
14250    53.845939636230469  37.277328491210938  55.069637298583984
14251    54.095417022705078  36.563529968261719  55.077152252197266
14252    51.523334503173828  25.381078720092773  55.602882385253906
14253    51.339515686035156  26.100934982299805  55.476615905761719
14254    18.685794830322266  25.42974853515625  55.056503295898438
14255    51.988227844238281  25.877119064331055  55.078140258789062
14256    52.269638061523438  24.879222869873047  55.067081451416016
14257    18.541633605957031  24.384693145751953  55.205097198486328
14258    19.603591918945312  26.673957824707031  55.075149536132812
14259    18.958637237548828  26.219249725341797  55.157951354980469
14260    50.421154022216797  22.6563720703125  55.201091766357422
14261    51.714027404785156  23.030536651611328  54.944087982177734
14262    51.314289093017578  23.430238723754883  55.482585906982422
14263    52.077831268310547  23.792232513427734  55.095024108886719
14264    51.6334228515625  26.475261688232422  54.811527252197266
14265    34.746036529541016  27.391775131225586  54.795700073242188
14266    64.354995727539062  41.619853973388672  52.362747192382812
14267    0.62419366836547852  41.620193481445312  52.453418731689453
14268    6.6128835678100586  42.133529663085938  52.034347534179688
14269    19.133195877075195  25.939889907836914  54.588951110839844
14270    52.969150543212891  26.188943862915039  54.184940338134766
14271    53.246410369873047  25.676845550537109  54.218997955322266
14272    52.385757446289062  26.257120132446289  54.563404083251953
14273    52.573875427246094  23.183904647827148  54.53369140625
14274    53.239555358886719  23.051967620849609  54.150867462158203
14275    53.265239715576172  23.728305816650391  54.283565521240234
14276    53.169254302978516  24.811241149902344  54.3902587890625
14277    52.704509735107422  24.064048767089844  54.7220458984375
14278    19.051773071289062  23.713417053222656  54.693145751953125
14279    52.68878173828125  25.677835464477539  54.637561798095703
14280    19.06005859375  25.526124954223633  54.508251190185547
14281    70.355255126953125  42.147823333740234  52.029811859130859
14282    12.485737578907207  19.119948094862295  6.5839174955227335
14283    12.510539252854377  18.886687593489928  6.6119100105798463
14284    12.483578920018775  19.225453967013198  6.5483677509773326
14285    12.497316894639178  19.052831326555172  6.5807465036828514
14286    12.525331700286781  19.038986335267062  75.654412163447375
14287    12.528087352762878  19.065130809201609  75.656574058622112
14288    12.536493156822955  19.074695905796759  75.671691324317067
14289    12.488409871108605  19.090838833511953  6.588478919763741
14290    8.3036699671305492  20.800178309996731  82.107999040617685
14291    12.494398404491578  19.064377473994771  6.5802088262593541
14292    12.541660230614163  18.905701966397306  75.64165350831118
14293    12.544012272334811  18.893071117149471  75.639901649228662
14294    12.543811722886449  18.895408661859925  75.640392401367322
14295    12.544109977341821  18.893803233903217  75.640169237762009
14296    12.543831779759646  18.897033308915997  75.640846609076505
# Generated by 
